"id","surface","source","file","line","occurrences","locale","key","current_text","suggested_text","notes"
"i18n.ja.app.title","frontstage","i18n","src/lib/i18n.ts","7","1","ja","app.title","ブローカーデスク","","Can be edited in CSV and migrated back to i18n source."
"i18n.ja.app.description","frontstage","i18n","src/lib/i18n.ts","8","1","ja","app.description","不動産業務の資料入力・整理・出力センター","","Can be edited in CSV and migrated back to i18n source."
"i18n.ja.nav.searchPlaceholder","frontstage","i18n","src/lib/i18n.ts","9","1","ja","nav.searchPlaceholder","物件・関係者・出力履歴を検索","","Can be edited in CSV and migrated back to i18n source."
"i18n.ja.nav.importButton","frontstage","i18n","src/lib/i18n.ts","10","1","ja","nav.importButton","作成・資料登録","","Can be edited in CSV and migrated back to i18n source."
"i18n.ja.nav.outputButton","frontstage","i18n","src/lib/i18n.ts","11","1","ja","nav.outputButton","書類を出力","","Can be edited in CSV and migrated back to i18n source."
"i18n.ja.nav.ownerBadge","frontstage","i18n","src/lib/i18n.ts","12","1","ja","nav.ownerBadge","担当","","Can be edited in CSV and migrated back to i18n source."
"i18n.ja.nav.tagline","frontstage","i18n","src/lib/i18n.ts","13","1","ja","nav.tagline","入力・整理・出力","","Can be edited in CSV and migrated back to i18n source."
"i18n.ja.nav.link.dashboard","frontstage","i18n","src/lib/i18n.ts","14","1","ja","nav.link.dashboard","資料管理センター","","Can be edited in CSV and migrated back to i18n source."
"i18n.ja.nav.link.clients","frontstage","i18n","src/lib/i18n.ts","15","1","ja","nav.link.clients","顧客","","Can be edited in CSV and migrated back to i18n source."
"i18n.ja.nav.link.importCenter","frontstage","i18n","src/lib/i18n.ts","16","1","ja","nav.link.importCenter","作成・資料登録","","Can be edited in CSV and migrated back to i18n source."
"i18n.ja.nav.link.properties","frontstage","i18n","src/lib/i18n.ts","17","1","ja","nav.link.properties","物件台帳","","Can be edited in CSV and migrated back to i18n source."
"i18n.ja.nav.link.parties","frontstage","i18n","src/lib/i18n.ts","18","1","ja","nav.link.parties","関係者","","Can be edited in CSV and migrated back to i18n source."
"i18n.ja.nav.link.quotes","frontstage","i18n","src/lib/i18n.ts","19","1","ja","nav.link.quotes","提案・試算","","Can be edited in CSV and migrated back to i18n source."
"i18n.ja.nav.link.contracts","frontstage","i18n","src/lib/i18n.ts","20","1","ja","nav.link.contracts","契約・法定","","Can be edited in CSV and migrated back to i18n source."
"i18n.ja.nav.link.serviceRequests","frontstage","i18n","src/lib/i18n.ts","21","1","ja","nav.link.serviceRequests","対応履歴","","Can be edited in CSV and migrated back to i18n source."
"i18n.ja.nav.link.outputCenter","frontstage","i18n","src/lib/i18n.ts","22","1","ja","nav.link.outputCenter","書類を出力","","Can be edited in CSV and migrated back to i18n source."
"i18n.ja.nav.link.templates","frontstage","i18n","src/lib/i18n.ts","23","1","ja","nav.link.templates","テンプレート","","Can be edited in CSV and migrated back to i18n source."
"i18n.ja.locale.ja","frontstage","i18n","src/lib/i18n.ts","24","1","ja","locale.ja","日本語","","Can be edited in CSV and migrated back to i18n source."
"i18n.ja.locale.zh","frontstage","i18n","src/lib/i18n.ts","25","1","ja","locale.zh","中文","","Can be edited in CSV and migrated back to i18n source."
"i18n.ja.locale.ko","frontstage","i18n","src/lib/i18n.ts","26","1","ja","locale.ko","한국어","","Can be edited in CSV and migrated back to i18n source."
"i18n.ja.locale.label","frontstage","i18n","src/lib/i18n.ts","27","1","ja","locale.label","言語","","Can be edited in CSV and migrated back to i18n source."
"i18n.ja.dashboard.title","frontstage","i18n","src/lib/i18n.ts","29","1","ja","dashboard.title","業務資料ハブ","","Can be edited in CSV and migrated back to i18n source."
"i18n.ja.dashboard.description","frontstage","i18n","src/lib/i18n.ts","30","1","ja","dashboard.description","物件・関係者・契約・対応履歴・出力書類を1か所で管理します。","","Can be edited in CSV and migrated back to i18n source."
"i18n.ja.dashboard.kpi.properties","frontstage","i18n","src/lib/i18n.ts","31","1","ja","dashboard.kpi.properties","登録物件","","Can be edited in CSV and migrated back to i18n source."
"i18n.ja.dashboard.kpi.parties","frontstage","i18n","src/lib/i18n.ts","32","1","ja","dashboard.kpi.parties","登録関係者","","Can be edited in CSV and migrated back to i18n source."
"i18n.ja.dashboard.kpi.contracts","frontstage","i18n","src/lib/i18n.ts","33","1","ja","dashboard.kpi.contracts","契約レコード","","Can be edited in CSV and migrated back to i18n source."
"i18n.ja.dashboard.kpi.pendingRequests","frontstage","i18n","src/lib/i18n.ts","34","1","ja","dashboard.kpi.pendingRequests","未完了対応履歴","","Can be edited in CSV and migrated back to i18n source."
"i18n.ja.dashboard.flow.title","frontstage","i18n","src/lib/i18n.ts","35","1","ja","dashboard.flow.title","資料フロー","","Can be edited in CSV and migrated back to i18n source."
"i18n.ja.dashboard.flow.subtitle","frontstage","i18n","src/lib/i18n.ts","36","1","ja","dashboard.flow.subtitle","入力、整理、出力の状態を確認","","Can be edited in CSV and migrated back to i18n source."
"i18n.ja.dashboard.flow.stepPrefix","frontstage","i18n","src/lib/i18n.ts","37","1","ja","dashboard.flow.stepPrefix","手順","","Can be edited in CSV and migrated back to i18n source."
"i18n.ja.dashboard.flow.step1.title","frontstage","i18n","src/lib/i18n.ts","38","1","ja","dashboard.flow.step1.title","作成・資料登録","","Can be edited in CSV and migrated back to i18n source."
"i18n.ja.dashboard.flow.step1.desc","frontstage","i18n","src/lib/i18n.ts","39","1","ja","dashboard.flow.step1.desc","案件・関係者・物件と資料を登録","","Can be edited in CSV and migrated back to i18n source."
"i18n.ja.dashboard.flow.step2.title","frontstage","i18n","src/lib/i18n.ts","40","1","ja","dashboard.flow.step2.title","物件と関係者を紐づけ","","Can be edited in CSV and migrated back to i18n source."
"i18n.ja.dashboard.flow.step2.desc","frontstage","i18n","src/lib/i18n.ts","41","1","ja","dashboard.flow.step2.desc","関係情報を統合して確認","","Can be edited in CSV and migrated back to i18n source."
"i18n.ja.dashboard.flow.step3.title","frontstage","i18n","src/lib/i18n.ts","42","1","ja","dashboard.flow.step3.title","契約を整理する","","Can be edited in CSV and migrated back to i18n source."
"i18n.ja.dashboard.flow.step3.desc","frontstage","i18n","src/lib/i18n.ts","43","1","ja","dashboard.flow.step3.desc","契約タイプ別に履歴を管理","","Can be edited in CSV and migrated back to i18n source."
"i18n.ja.dashboard.flow.step4.title","frontstage","i18n","src/lib/i18n.ts","44","1","ja","dashboard.flow.step4.title","標準帳票を出力","","Can be edited in CSV and migrated back to i18n source."
"i18n.ja.dashboard.flow.step4.desc","frontstage","i18n","src/lib/i18n.ts","45","1","ja","dashboard.flow.step4.desc","提案書・明細・受領書を出力","","Can be edited in CSV and migrated back to i18n source."
"i18n.ja.dashboard.importJobs.title","frontstage","i18n","src/lib/i18n.ts","46","1","ja","dashboard.importJobs.title","資料読取状況","","Can be edited in CSV and migrated back to i18n source."
"i18n.ja.dashboard.importJobs.subtitle","frontstage","i18n","src/lib/i18n.ts","47","1","ja","dashboard.importJobs.subtitle","未整理の資料を優先対応","","Can be edited in CSV and migrated back to i18n source."
"i18n.ja.dashboard.importJobs.empty","frontstage","i18n","src/lib/i18n.ts","48","1","ja","dashboard.importJobs.empty","未整理の資料はありません。","","Can be edited in CSV and migrated back to i18n source."
"i18n.ja.dashboard.importJobs.target","frontstage","i18n","src/lib/i18n.ts","49","1","ja","dashboard.importJobs.target","対象","","Can be edited in CSV and migrated back to i18n source."
"i18n.ja.dashboard.requests.title","frontstage","i18n","src/lib/i18n.ts","50","1","ja","dashboard.requests.title","対応履歴","","Can be edited in CSV and migrated back to i18n source."
"i18n.ja.dashboard.requests.subtitle","frontstage","i18n","src/lib/i18n.ts","51","1","ja","dashboard.requests.subtitle","未完了の修繕・点検・後続対応","","Can be edited in CSV and migrated back to i18n source."
"i18n.ja.dashboard.requests.empty","frontstage","i18n","src/lib/i18n.ts","52","1","ja","dashboard.requests.empty","未完了の対応履歴はありません。","","Can be edited in CSV and migrated back to i18n source."
"i18n.ja.dashboard.requests.unlinkedProperty","frontstage","i18n","src/lib/i18n.ts","53","1","ja","dashboard.requests.unlinkedProperty","物件未紐付","","Can be edited in CSV and migrated back to i18n source."
"i18n.ja.dashboard.requests.unlinkedParty","frontstage","i18n","src/lib/i18n.ts","54","1","ja","dashboard.requests.unlinkedParty","関係者未紐付","","Can be edited in CSV and migrated back to i18n source."
"i18n.ja.dashboard.requests.occurredAt","frontstage","i18n","src/lib/i18n.ts","55","1","ja","dashboard.requests.occurredAt","発生日","","Can be edited in CSV and migrated back to i18n source."
"i18n.ja.dashboard.contracts.title","frontstage","i18n","src/lib/i18n.ts","56","1","ja","dashboard.contracts.title","最新契約レコード","","Can be edited in CSV and migrated back to i18n source."
"i18n.ja.dashboard.contracts.subtitle","frontstage","i18n","src/lib/i18n.ts","57","1","ja","dashboard.contracts.subtitle","契約タイプ別の最新6件","","Can be edited in CSV and migrated back to i18n source."
"i18n.ja.dashboard.contracts.empty","frontstage","i18n","src/lib/i18n.ts","58","1","ja","dashboard.contracts.empty","契約レコードはまだありません。","","Can be edited in CSV and migrated back to i18n source."
"i18n.ja.dashboard.contracts.signedAt","frontstage","i18n","src/lib/i18n.ts","59","1","ja","dashboard.contracts.signedAt","署名日","","Can be edited in CSV and migrated back to i18n source."
"i18n.ja.dashboard.contracts.status","frontstage","i18n","src/lib/i18n.ts","60","1","ja","dashboard.contracts.status","状態","","Can be edited in CSV and migrated back to i18n source."
"i18n.ja.dashboard.outputs.title","frontstage","i18n","src/lib/i18n.ts","61","1","ja","dashboard.outputs.title","最近の出力物","","Can be edited in CSV and migrated back to i18n source."
"i18n.ja.dashboard.outputs.subtitle","frontstage","i18n","src/lib/i18n.ts","62","1","ja","dashboard.outputs.subtitle","テンプレート出力の履歴","","Can be edited in CSV and migrated back to i18n source."
"i18n.ja.dashboard.outputs.empty","frontstage","i18n","src/lib/i18n.ts","63","1","ja","dashboard.outputs.empty","出力履歴はまだありません。","","Can be edited in CSV and migrated back to i18n source."
"i18n.ja.dashboard.outputs.relatedContract","frontstage","i18n","src/lib/i18n.ts","64","1","ja","dashboard.outputs.relatedContract","関連契約","","Can be edited in CSV and migrated back to i18n source."
"i18n.ja.dashboard.outputs.generatedAt","frontstage","i18n","src/lib/i18n.ts","65","1","ja","dashboard.outputs.generatedAt","出力日時","","Can be edited in CSV and migrated back to i18n source."
"i18n.ja.dashboard.coverage.title","frontstage","i18n","src/lib/i18n.ts","66","1","ja","dashboard.coverage.title","データ整備対象","","Can be edited in CSV and migrated back to i18n source."
"i18n.ja.dashboard.coverage.subtitle","frontstage","i18n","src/lib/i18n.ts","67","1","ja","dashboard.coverage.subtitle","契約未連携の関係者を優先整備","","Can be edited in CSV and migrated back to i18n source."
"i18n.ja.dashboard.coverage.empty","frontstage","i18n","src/lib/i18n.ts","68","1","ja","dashboard.coverage.empty","未整備の関係者はありません。","","Can be edited in CSV and migrated back to i18n source."
"i18n.ja.dashboard.coverage.role","frontstage","i18n","src/lib/i18n.ts","69","1","ja","dashboard.coverage.role","役割","","Can be edited in CSV and migrated back to i18n source."
"i18n.ja.dashboard.coverage.contractCount","frontstage","i18n","src/lib/i18n.ts","70","1","ja","dashboard.coverage.contractCount","契約連携","","Can be edited in CSV and migrated back to i18n source."
"i18n.ja.import.status.queued","frontstage","i18n","src/lib/i18n.ts","72","1","ja","import.status.queued","受付","","Can be edited in CSV and migrated back to i18n source."
"i18n.ja.import.status.mapped","frontstage","i18n","src/lib/i18n.ts","73","1","ja","import.status.mapped","確認待ち","","Can be edited in CSV and migrated back to i18n source."
"i18n.ja.import.status.completed","frontstage","i18n","src/lib/i18n.ts","74","1","ja","import.status.completed","完了","","Can be edited in CSV and migrated back to i18n source."
"i18n.ja.import.source.scan","frontstage","i18n","src/lib/i18n.ts","77","1","ja","import.source.scan","スキャン","","Can be edited in CSV and migrated back to i18n source."
"i18n.ja.import.source.manual","frontstage","i18n","src/lib/i18n.ts","78","1","ja","import.source.manual","手入力","","Can be edited in CSV and migrated back to i18n source."
"i18n.ja.request.status.open","frontstage","i18n","src/lib/i18n.ts","79","1","ja","request.status.open","対応中","","Can be edited in CSV and migrated back to i18n source."
"i18n.ja.request.status.done","frontstage","i18n","src/lib/i18n.ts","80","1","ja","request.status.done","完了","","Can be edited in CSV and migrated back to i18n source."
"i18n.ja.request.status.canceled","frontstage","i18n","src/lib/i18n.ts","81","1","ja","request.status.canceled","取消","","Can be edited in CSV and migrated back to i18n source."
"i18n.ja.contract.type.sell","frontstage","i18n","src/lib/i18n.ts","82","1","ja","contract.type.sell","売買","","Can be edited in CSV and migrated back to i18n source."
"i18n.ja.contract.type.rent","frontstage","i18n","src/lib/i18n.ts","83","1","ja","contract.type.rent","賃貸","","Can be edited in CSV and migrated back to i18n source."
"i18n.ja.contract.type.pm","frontstage","i18n","src/lib/i18n.ts","84","1","ja","contract.type.pm","管理","","Can be edited in CSV and migrated back to i18n source."
"i18n.ja.contract.type.agent","frontstage","i18n","src/lib/i18n.ts","85","1","ja","contract.type.agent","代理","","Can be edited in CSV and migrated back to i18n source."
"i18n.ja.contract.status.draft","frontstage","i18n","src/lib/i18n.ts","86","1","ja","contract.status.draft","下書き","","Can be edited in CSV and migrated back to i18n source."
"i18n.ja.contract.status.active","frontstage","i18n","src/lib/i18n.ts","87","1","ja","contract.status.active","有効","","Can be edited in CSV and migrated back to i18n source."
"i18n.ja.contract.status.closed","frontstage","i18n","src/lib/i18n.ts","88","1","ja","contract.status.closed","完了","","Can be edited in CSV and migrated back to i18n source."
"i18n.ja.common.notSet","frontstage","i18n","src/lib/i18n.ts","89","1","ja","common.notSet","未設定","","Can be edited in CSV and migrated back to i18n source."
"i18n.ja.common.countSuffix","frontstage","i18n","src/lib/i18n.ts","90","1","ja","common.countSuffix","件","","Can be edited in CSV and migrated back to i18n source."
"i18n.ja.common.latest","frontstage","i18n","src/lib/i18n.ts","91","1","ja","common.latest","最新","","Can be edited in CSV and migrated back to i18n source."
"i18n.ja.common.totalCount","frontstage","i18n","src/lib/i18n.ts","92","1","ja","common.totalCount","全 {{count}} {{suffix}}","","Can be edited in CSV and migrated back to i18n source."
"i18n.ja.import.target.properties","frontstage","i18n","src/lib/i18n.ts","93","1","ja","import.target.properties","物件","","Can be edited in CSV and migrated back to i18n source."
"i18n.ja.import.target.parties","frontstage","i18n","src/lib/i18n.ts","94","1","ja","import.target.parties","関係者","","Can be edited in CSV and migrated back to i18n source."
"i18n.ja.import.target.contracts","frontstage","i18n","src/lib/i18n.ts","95","1","ja","import.target.contracts","契約","","Can be edited in CSV and migrated back to i18n source."
"i18n.ja.import.target.service_requests","frontstage","i18n","src/lib/i18n.ts","96","1","ja","import.target.service_requests","対応履歴","","Can be edited in CSV and migrated back to i18n source."
"i18n.ja.properties.title","frontstage","i18n","src/lib/i18n.ts","98","1","ja","properties.title","物件データ台帳","","Can be edited in CSV and migrated back to i18n source."
"i18n.ja.properties.desc","frontstage","i18n","src/lib/i18n.ts","99","1","ja","properties.desc","Excelから読み取った物件情報を確認し、後続の書類出力に使える状態にします。","","Can be edited in CSV and migrated back to i18n source."
"i18n.ja.properties.table.title","frontstage","i18n","src/lib/i18n.ts","100","1","ja","properties.table.title","物件一覧","","Can be edited in CSV and migrated back to i18n source."
"i18n.ja.properties.table.name","frontstage","i18n","src/lib/i18n.ts","101","1","ja","properties.table.name","物件名","","Can be edited in CSV and migrated back to i18n source."
"i18n.ja.properties.table.area","frontstage","i18n","src/lib/i18n.ts","102","1","ja","properties.table.area","エリア","","Can be edited in CSV and migrated back to i18n source."
"i18n.ja.properties.table.price","frontstage","i18n","src/lib/i18n.ts","103","1","ja","properties.table.price","価格","","Can be edited in CSV and migrated back to i18n source."
"i18n.ja.properties.table.managementFee","frontstage","i18n","src/lib/i18n.ts","104","1","ja","properties.table.managementFee","管理費","","Can be edited in CSV and migrated back to i18n source."
"i18n.ja.properties.table.repairFee","frontstage","i18n","src/lib/i18n.ts","105","1","ja","properties.table.repairFee","修繕積立金","","Can be edited in CSV and migrated back to i18n source."
"i18n.ja.properties.table.attachments","frontstage","i18n","src/lib/i18n.ts","106","1","ja","properties.table.attachments","添付","","Can be edited in CSV and migrated back to i18n source."
"i18n.ja.properties.table.status","frontstage","i18n","src/lib/i18n.ts","107","1","ja","properties.table.status","状態","","Can be edited in CSV and migrated back to i18n source."
"i18n.ja.properties.state.active","frontstage","i18n","src/lib/i18n.ts","108","1","ja","properties.state.active","運用中","","Can be edited in CSV and migrated back to i18n source."
"i18n.ja.properties.state.archived","frontstage","i18n","src/lib/i18n.ts","109","1","ja","properties.state.archived","保管","","Can be edited in CSV and migrated back to i18n source."
"i18n.ja.properties.next.title","frontstage","i18n","src/lib/i18n.ts","110","1","ja","properties.next.title","次の推奨アクション","","Can be edited in CSV and migrated back to i18n source."
"i18n.ja.properties.next.subtitle","frontstage","i18n","src/lib/i18n.ts","111","1","ja","properties.next.subtitle","資料中枢としての整備手順","","Can be edited in CSV and migrated back to i18n source."
"i18n.ja.properties.next.1","frontstage","i18n","src/lib/i18n.ts","112","1","ja","properties.next.1","物件ごとに関係者（売主・買主・賃借人候補）を紐づける","","Can be edited in CSV and migrated back to i18n source."
"i18n.ja.properties.next.2","frontstage","i18n","src/lib/i18n.ts","113","1","ja","properties.next.2","契約ページで対象物件を指定して契約レコードを作成する","","Can be edited in CSV and migrated back to i18n source."
"i18n.ja.properties.next.3","frontstage","i18n","src/lib/i18n.ts","114","1","ja","properties.next.3","対応履歴で修繕履歴を物件単位で追跡する","","Can be edited in CSV and migrated back to i18n source."
"i18n.ja.properties.next.toParties","frontstage","i18n","src/lib/i18n.ts","115","1","ja","properties.next.toParties","関係者を管理","","Can be edited in CSV and migrated back to i18n source."
"i18n.ja.properties.next.toContracts","frontstage","i18n","src/lib/i18n.ts","116","1","ja","properties.next.toContracts","契約を管理","","Can be edited in CSV and migrated back to i18n source."
"i18n.ja.properties.next.toRequests","frontstage","i18n","src/lib/i18n.ts","117","1","ja","properties.next.toRequests","対応履歴を確認","","Can be edited in CSV and migrated back to i18n source."
"i18n.ja.parties.title","frontstage","i18n","src/lib/i18n.ts","119","1","ja","parties.title","関係者管理","","Can be edited in CSV and migrated back to i18n source."
"i18n.ja.parties.desc","frontstage","i18n","src/lib/i18n.ts","120","1","ja","parties.desc","買主・売主・貸主・借主・管理委託者などの関係者情報を一元管理し、契約との関係を可視化します。","","Can be edited in CSV and migrated back to i18n source."
"i18n.ja.parties.table.title","frontstage","i18n","src/lib/i18n.ts","121","1","ja","parties.table.title","関係者一覧","","Can be edited in CSV and migrated back to i18n source."
"i18n.ja.parties.table.resultCount","frontstage","i18n","src/lib/i18n.ts","122","1","ja","parties.table.resultCount","検索結果 {{count}} 件","","Can be edited in CSV and migrated back to i18n source."
"i18n.ja.parties.table.name","frontstage","i18n","src/lib/i18n.ts","123","1","ja","parties.table.name","関係者名","","Can be edited in CSV and migrated back to i18n source."
"i18n.ja.parties.table.type","frontstage","i18n","src/lib/i18n.ts","124","1","ja","parties.table.type","種別","","Can be edited in CSV and migrated back to i18n source."
"i18n.ja.parties.table.contact","frontstage","i18n","src/lib/i18n.ts","125","1","ja","parties.table.contact","連絡先","","Can be edited in CSV and migrated back to i18n source."
"i18n.ja.parties.table.roles","frontstage","i18n","src/lib/i18n.ts","126","1","ja","parties.table.roles","役割タグ","","Can be edited in CSV and migrated back to i18n source."
"i18n.ja.parties.table.relatedProperty","frontstage","i18n","src/lib/i18n.ts","127","1","ja","parties.table.relatedProperty","関連物件ヒント","","Can be edited in CSV and migrated back to i18n source."
"i18n.ja.parties.table.contractCount","frontstage","i18n","src/lib/i18n.ts","128","1","ja","parties.table.contractCount","契約数","","Can be edited in CSV and migrated back to i18n source."
"i18n.ja.parties.type.individual","frontstage","i18n","src/lib/i18n.ts","129","1","ja","parties.type.individual","個人","","Can be edited in CSV and migrated back to i18n source."
"i18n.ja.parties.type.corporate","frontstage","i18n","src/lib/i18n.ts","130","1","ja","parties.type.corporate","法人","","Can be edited in CSV and migrated back to i18n source."
"i18n.ja.contracts.title","frontstage","i18n","src/lib/i18n.ts","132","1","ja","contracts.title","契約管理","","Can be edited in CSV and migrated back to i18n source."
"i18n.ja.contracts.desc","frontstage","i18n","src/lib/i18n.ts","133","1","ja","contracts.desc","賃貸・売買・管理委託・媒介の4類型を統一管理し、物件と関係者に紐づく契約履歴を残します。","","Can be edited in CSV and migrated back to i18n source."
"i18n.ja.contracts.table.title","frontstage","i18n","src/lib/i18n.ts","134","1","ja","contracts.table.title","契約一覧","","Can be edited in CSV and migrated back to i18n source."
"i18n.ja.contracts.table.number","frontstage","i18n","src/lib/i18n.ts","135","1","ja","contracts.table.number","契約番号","","Can be edited in CSV and migrated back to i18n source."
"i18n.ja.contracts.table.type","frontstage","i18n","src/lib/i18n.ts","136","1","ja","contracts.table.type","契約種別","","Can be edited in CSV and migrated back to i18n source."
"i18n.ja.contracts.table.property","frontstage","i18n","src/lib/i18n.ts","137","1","ja","contracts.table.property","関連物件","","Can be edited in CSV and migrated back to i18n source."
"i18n.ja.contracts.table.party","frontstage","i18n","src/lib/i18n.ts","138","1","ja","contracts.table.party","関係者","","Can be edited in CSV and migrated back to i18n source."
"i18n.ja.contracts.table.signedAt","frontstage","i18n","src/lib/i18n.ts","139","1","ja","contracts.table.signedAt","署名日","","Can be edited in CSV and migrated back to i18n source."
"i18n.ja.contracts.table.effectiveUntil","frontstage","i18n","src/lib/i18n.ts","140","1","ja","contracts.table.effectiveUntil","有効期限","","Can be edited in CSV and migrated back to i18n source."
"i18n.ja.contracts.table.status","frontstage","i18n","src/lib/i18n.ts","141","1","ja","contracts.table.status","状態","","Can be edited in CSV and migrated back to i18n source."
"i18n.ja.contracts.type.sell","frontstage","i18n","src/lib/i18n.ts","142","1","ja","contracts.type.sell","売買契約","","Can be edited in CSV and migrated back to i18n source."
"i18n.ja.contracts.type.rent","frontstage","i18n","src/lib/i18n.ts","143","1","ja","contracts.type.rent","賃貸借契約","","Can be edited in CSV and migrated back to i18n source."
"i18n.ja.contracts.type.pm","frontstage","i18n","src/lib/i18n.ts","144","1","ja","contracts.type.pm","管理委託契約","","Can be edited in CSV and migrated back to i18n source."
"i18n.ja.contracts.type.agent","frontstage","i18n","src/lib/i18n.ts","145","1","ja","contracts.type.agent","媒介契約","","Can be edited in CSV and migrated back to i18n source."
"i18n.ja.service.title","frontstage","i18n","src/lib/i18n.ts","147","1","ja","service.title","対応履歴","","Can be edited in CSV and migrated back to i18n source."
"i18n.ja.service.desc","frontstage","i18n","src/lib/i18n.ts","148","1","ja","service.desc","修繕、点検、相談、後続対応を記録し、物件と顧客の履歴を残します。","","Can be edited in CSV and migrated back to i18n source."
"i18n.ja.service.table.title","frontstage","i18n","src/lib/i18n.ts","149","1","ja","service.table.title","履歴一覧","","Can be edited in CSV and migrated back to i18n source."
"i18n.ja.service.table.requestTitle","frontstage","i18n","src/lib/i18n.ts","150","1","ja","service.table.requestTitle","タイトル","","Can be edited in CSV and migrated back to i18n source."
"i18n.ja.service.table.property","frontstage","i18n","src/lib/i18n.ts","151","1","ja","service.table.property","関連物件","","Can be edited in CSV and migrated back to i18n source."
"i18n.ja.service.table.party","frontstage","i18n","src/lib/i18n.ts","152","1","ja","service.table.party","関係者","","Can be edited in CSV and migrated back to i18n source."
"i18n.ja.service.table.occurredAt","frontstage","i18n","src/lib/i18n.ts","153","1","ja","service.table.occurredAt","発生日","","Can be edited in CSV and migrated back to i18n source."
"i18n.ja.service.table.completedAt","frontstage","i18n","src/lib/i18n.ts","154","1","ja","service.table.completedAt","完了日","","Can be edited in CSV and migrated back to i18n source."
"i18n.ja.service.table.cost","frontstage","i18n","src/lib/i18n.ts","155","1","ja","service.table.cost","費用","","Can be edited in CSV and migrated back to i18n source."
"i18n.ja.service.table.status","frontstage","i18n","src/lib/i18n.ts","156","1","ja","service.table.status","状態","","Can be edited in CSV and migrated back to i18n source."
"i18n.ja.output.title","frontstage","i18n","src/lib/i18n.ts","158","1","ja","output.title","申込書出力","","Can be edited in CSV and migrated back to i18n source."
"i18n.ja.output.desc","frontstage","i18n","src/lib/i18n.ts","159","1","ja","output.desc","整理済みの物件・関係者・提案情報からテンプレートを選び、生成チェック後にPDFをダウンロードします。","","Can be edited in CSV and migrated back to i18n source."
"i18n.ja.output.card.standard","frontstage","i18n","src/lib/i18n.ts","160","1","ja","output.card.standard","標準テンプレート","","Can be edited in CSV and migrated back to i18n source."
"i18n.ja.output.card.adjust","frontstage","i18n","src/lib/i18n.ts","161","1","ja","output.card.adjust","テンプレートは「テンプレート」画面で調整できます。","","Can be edited in CSV and migrated back to i18n source."
"i18n.ja.output.history.title","frontstage","i18n","src/lib/i18n.ts","162","1","ja","output.history.title","出力履歴","","Can be edited in CSV and migrated back to i18n source."
"i18n.ja.output.history.sheetType","frontstage","i18n","src/lib/i18n.ts","163","1","ja","output.history.sheetType","帳票種別","","Can be edited in CSV and migrated back to i18n source."
"i18n.ja.output.history.relatedContract","frontstage","i18n","src/lib/i18n.ts","164","1","ja","output.history.relatedContract","関連契約","","Can be edited in CSV and migrated back to i18n source."
"i18n.ja.output.history.generatedAt","frontstage","i18n","src/lib/i18n.ts","165","1","ja","output.history.generatedAt","出力日時","","Can be edited in CSV and migrated back to i18n source."
"i18n.ja.output.history.action","frontstage","i18n","src/lib/i18n.ts","166","1","ja","output.history.action","操作","","Can be edited in CSV and migrated back to i18n source."
"i18n.ja.output.history.preview","frontstage","i18n","src/lib/i18n.ts","167","1","ja","output.history.preview","プレビュー","","Can be edited in CSV and migrated back to i18n source."
"i18n.ja.output.history.titleCol","frontstage","i18n","src/lib/i18n.ts","168","1","ja","output.history.titleCol","タイトル","","Can be edited in CSV and migrated back to i18n source."
"i18n.ja.templates.title","frontstage","i18n","src/lib/i18n.ts","170","1","ja","templates.title","テンプレート / 形式設定","","Can be edited in CSV and migrated back to i18n source."
"i18n.ja.templates.desc","frontstage","i18n","src/lib/i18n.ts","171","1","ja","templates.desc","法令改定・社内運用変更に合わせて、出力物の文言・会社情報・表示項目を標準管理します。","","Can be edited in CSV and migrated back to i18n source."
"i18n.ja.templates.sheet.title","frontstage","i18n","src/lib/i18n.ts","172","1","ja","templates.sheet.title","帳票テンプレート","","Can be edited in CSV and migrated back to i18n source."
"i18n.ja.templates.sheet.subtitle","frontstage","i18n","src/lib/i18n.ts","173","1","ja","templates.sheet.subtitle","提案書・見積・資金計画・前提条件","","Can be edited in CSV and migrated back to i18n source."
"i18n.ja.templates.sheet.desc","frontstage","i18n","src/lib/i18n.ts","174","1","ja","templates.sheet.desc","帳票タイトル、免責文、会社情報、承認欄表示などを統一設定します。","","Can be edited in CSV and migrated back to i18n source."
"i18n.ja.templates.sheet.edit","frontstage","i18n","src/lib/i18n.ts","175","1","ja","templates.sheet.edit","帳票テンプレートを編集","","Can be edited in CSV and migrated back to i18n source."
"i18n.ja.templates.contract.title","frontstage","i18n","src/lib/i18n.ts","176","1","ja","templates.contract.title","契約テンプレート（拡張予定）","","Can be edited in CSV and migrated back to i18n source."
"i18n.ja.templates.contract.subtitle","frontstage","i18n","src/lib/i18n.ts","177","1","ja","templates.contract.subtitle","賃貸・売買・管理委託・媒介","","Can be edited in CSV and migrated back to i18n source."
"i18n.ja.templates.contract.1","frontstage","i18n","src/lib/i18n.ts","178","1","ja","templates.contract.1","・契約条項の可変ブロック化","","Can be edited in CSV and migrated back to i18n source."
"i18n.ja.templates.contract.2","frontstage","i18n","src/lib/i18n.ts","179","1","ja","templates.contract.2","・会社別フォーマット差分管理","","Can be edited in CSV and migrated back to i18n source."
"i18n.ja.templates.contract.3","frontstage","i18n","src/lib/i18n.ts","180","1","ja","templates.contract.3","・改訂履歴と版管理","","Can be edited in CSV and migrated back to i18n source."
"i18n.ja.templates.contract.note","frontstage","i18n","src/lib/i18n.ts","181","1","ja","templates.contract.note","次フェーズで契約書式の設定 UI を追加予定です。","","Can be edited in CSV and migrated back to i18n source."
"i18n.ja.templates.rules.title","frontstage","i18n","src/lib/i18n.ts","182","1","ja","templates.rules.title","運用ルール","","Can be edited in CSV and migrated back to i18n source."
"i18n.ja.templates.rules.subtitle","frontstage","i18n","src/lib/i18n.ts","183","1","ja","templates.rules.subtitle","日本市場向け標準化方針","","Can be edited in CSV and migrated back to i18n source."
"i18n.ja.templates.rules.1","frontstage","i18n","src/lib/i18n.ts","184","1","ja","templates.rules.1","利用開始前にテンプレート適用日を確認する","","Can be edited in CSV and migrated back to i18n source."
"i18n.ja.templates.rules.2","frontstage","i18n","src/lib/i18n.ts","185","1","ja","templates.rules.2","法定文言を変更した場合は更新理由を残す","","Can be edited in CSV and migrated back to i18n source."
"i18n.ja.templates.rules.3","frontstage","i18n","src/lib/i18n.ts","186","1","ja","templates.rules.3","顧客向け出力は必ず最新テンプレートを利用する","","Can be edited in CSV and migrated back to i18n source."
"i18n.ja.templates.latest.title","frontstage","i18n","src/lib/i18n.ts","187","1","ja","templates.latest.title","最新テンプレート記録","","Can be edited in CSV and migrated back to i18n source."
"i18n.ja.templates.latest.subtitle","frontstage","i18n","src/lib/i18n.ts","188","1","ja","templates.latest.subtitle","直近5件","","Can be edited in CSV and migrated back to i18n source."
"i18n.ja.templates.latest.empty","frontstage","i18n","src/lib/i18n.ts","189","1","ja","templates.latest.empty","テンプレート更新履歴はまだありません。","","Can be edited in CSV and migrated back to i18n source."
"hardcoded.b5a77c7c3d","frontstage","hardcoded","src/app/cases/[id]/page.tsx","110","4","unknown","","確認が必要","","Hardcoded UI copy. Migrate to i18n before automatic replacement."
"hardcoded.1f12f1d2e9","frontstage","hardcoded","src/app/cases/[id]/page.tsx","111","10","unknown","","確認済み","","Hardcoded UI copy. Migrate to i18n before automatic replacement."
"hardcoded.953342f693","frontstage","hardcoded","src/app/cases/[id]/page.tsx","112","3","unknown","","修正済み","","Hardcoded UI copy. Migrate to i18n before automatic replacement."
"hardcoded.b2aff5540d","frontstage","hardcoded","src/app/cases/[id]/page.tsx","114","2","unknown","","不採用","","Hardcoded UI copy. Migrate to i18n before automatic replacement."
"hardcoded.ea81c0b842","frontstage","hardcoded","src/app/cases/[id]/page.tsx","123","9","unknown","","要確認","","Hardcoded UI copy. Migrate to i18n before automatic replacement."
"hardcoded.ea88dc52f5","frontstage","hardcoded","src/app/cases/[id]/page.tsx","126","2","unknown","","不一致","","Hardcoded UI copy. Migrate to i18n before automatic replacement."
"hardcoded.4c52e7a14c","frontstage","hardcoded","src/app/cases/[id]/page.tsx","146","1","unknown","","確認済みにする","","Hardcoded UI copy. Migrate to i18n before automatic replacement."
"hardcoded.c56753c67b","frontstage","hardcoded","src/app/cases/[id]/page.tsx","147","1","unknown","","確認できない","","Hardcoded UI copy. Migrate to i18n before automatic replacement."
"hardcoded.5e3bb8d7fe","frontstage","hardcoded","src/app/cases/[id]/page.tsx","148","1","unknown","","使わない","","Hardcoded UI copy. Migrate to i18n before automatic replacement."
"hardcoded.39298c3247","frontstage","hardcoded","src/app/cases/[id]/page.tsx","149","3","unknown","","該当なし","","Hardcoded UI copy. Migrate to i18n before automatic replacement."
"hardcoded.7203418757","frontstage","hardcoded","src/app/cases/[id]/page.tsx","156","1","unknown","","トランクルーム","","Hardcoded UI copy. Migrate to i18n before automatic replacement."
"hardcoded.7c2281ce71","frontstage","hardcoded","src/app/cases/[id]/page.tsx","156","14","unknown","","その他","","Hardcoded UI copy. Migrate to i18n before automatic replacement."
"hardcoded.ab1110fbbc","frontstage","hardcoded","src/app/cases/[id]/page.tsx","162","1","unknown","","カード","","Hardcoded UI copy. Migrate to i18n before automatic replacement."
"hardcoded.1a29dca82d","frontstage","hardcoded","src/app/cases/[id]/page.tsx","171","3","unknown","","賃貸","","Hardcoded UI copy. Migrate to i18n before automatic replacement."
"hardcoded.0ce32fe62c","frontstage","hardcoded","src/app/cases/[id]/page.tsx","174","1","unknown","","パート","","Hardcoded UI copy. Migrate to i18n before automatic replacement."
"hardcoded.1896d42b18","frontstage","hardcoded","src/app/cases/[id]/page.tsx","174","1","unknown","","アルバイト","","Hardcoded UI copy. Migrate to i18n before automatic replacement."
"hardcoded.91dc1aea18","frontstage","hardcoded","src/app/cases/[id]/page.tsx","174","2","unknown","","契約社員","","Hardcoded UI copy. Migrate to i18n before automatic replacement."
"hardcoded.2625223796","frontstage","hardcoded","src/app/cases/[id]/page.tsx","177","8","unknown","","在留カード","","Hardcoded UI copy. Migrate to i18n before automatic replacement."
"hardcoded.3ccb7f3713","frontstage","hardcoded","src/app/cases/[id]/page.tsx","183","8","unknown","","勤務先","","Hardcoded UI copy. Migrate to i18n before automatic replacement."
"hardcoded.b54afa29f3","frontstage","hardcoded","src/app/cases/[id]/page.tsx","335","1","unknown","","該当時のみ","","Hardcoded UI copy. Migrate to i18n before automatic replacement."
"hardcoded.aae61db5f3","frontstage","hardcoded","src/app/cases/[id]/page.tsx","336","1","unknown","","必要時のみ","","Hardcoded UI copy. Migrate to i18n before automatic replacement."
"hardcoded.86eb25fc83","frontstage","hardcoded","src/app/cases/[id]/page.tsx","337","1","unknown","","書類別","","Hardcoded UI copy. Migrate to i18n before automatic replacement."
"hardcoded.03572c04e7","frontstage","hardcoded","src/app/cases/[id]/page.tsx","351","1","unknown","","読取修正","","Hardcoded UI copy. Migrate to i18n before automatic replacement."
"hardcoded.d9b00dc3b3","frontstage","hardcoded","src/app/cases/[id]/page.tsx","353","1","unknown","","手入力補完","","Hardcoded UI copy. Migrate to i18n before automatic replacement."
"hardcoded.7243382590","frontstage","hardcoded","src/app/cases/[id]/page.tsx","354","1","unknown","","見落とし補完","","Hardcoded UI copy. Migrate to i18n before automatic replacement."
"hardcoded.93c905b924","frontstage","hardcoded","src/app/cases/[id]/page.tsx","355","2","unknown","","不一致解決","","Hardcoded UI copy. Migrate to i18n before automatic replacement."
"hardcoded.df296d9a7d","frontstage","hardcoded","src/app/cases/[id]/page.tsx","359","2","unknown","","案件個別修正","","Hardcoded UI copy. Migrate to i18n before automatic replacement."
"hardcoded.b59f117a18","frontstage","hardcoded","src/app/cases/[id]/page.tsx","366","1","unknown","","資料確認","","Hardcoded UI copy. Migrate to i18n before automatic replacement."
"hardcoded.60c440d10f","frontstage","hardcoded","src/app/cases/[id]/page.tsx","368","1","unknown","","申込書補完","","Hardcoded UI copy. Migrate to i18n before automatic replacement."
"hardcoded.17c02c5be4","frontstage","hardcoded","src/app/cases/[id]/page.tsx","376","1","unknown","","この案件のみ","","Hardcoded UI copy. Migrate to i18n before automatic replacement."
"hardcoded.e5637806cc","frontstage","hardcoded","src/app/cases/[id]/page.tsx","377","1","unknown","","社内ルール候補","","Hardcoded UI copy. Migrate to i18n before automatic replacement."
"hardcoded.db362ab108","frontstage","hardcoded","src/app/cases/[id]/page.tsx","378","1","unknown","","資料読取ルール候補","","Hardcoded UI copy. Migrate to i18n before automatic replacement."
"hardcoded.8fa8fb9e10","frontstage","hardcoded","src/app/cases/[id]/page.tsx","379","2","unknown","","出力テンプレート候補","","Hardcoded UI copy. Migrate to i18n before automatic replacement."
"hardcoded.12d066a22e","frontstage","hardcoded","src/app/cases/[id]/page.tsx","380","1","unknown","","項目名ルール候補","","Hardcoded UI copy. Migrate to i18n before automatic replacement."
"hardcoded.aea28607db","frontstage","hardcoded","src/app/cases/[id]/page.tsx","381","1","unknown","","共通ルール候補","","Hardcoded UI copy. Migrate to i18n before automatic replacement."
"hardcoded.e6c77a3398","frontstage","hardcoded","src/app/cases/[id]/page.tsx","382","1","unknown","","後続確認用","","Hardcoded UI copy. Migrate to i18n before automatic replacement."
"hardcoded.6e36633684","frontstage","hardcoded","src/app/cases/[id]/page.tsx","463","1","unknown","","案件データ","","Hardcoded UI copy. Migrate to i18n before automatic replacement."
"hardcoded.9d12242d44","frontstage","hardcoded","src/app/cases/[id]/page.tsx","498","1","unknown","","読み取り良好","","Hardcoded UI copy. Migrate to i18n before automatic replacement."
"hardcoded.37cb59d43d","frontstage","hardcoded","src/app/cases/[id]/page.tsx","503","1","unknown","","原本確認","","Hardcoded UI copy. Migrate to i18n before automatic replacement."
"hardcoded.002b0876bc","frontstage","hardcoded","src/app/cases/[id]/page.tsx","508","1","unknown","","常に使う","","Hardcoded UI copy. Migrate to i18n before automatic replacement."
"hardcoded.222acf6f96","frontstage","hardcoded","src/app/cases/[id]/page.tsx","509","1","unknown","","賃貸案件","","Hardcoded UI copy. Migrate to i18n before automatic replacement."
"hardcoded.ecc24025ca","frontstage","hardcoded","src/app/cases/[id]/page.tsx","509","1","unknown","","租赁案件","","Hardcoded UI copy. Migrate to i18n before automatic replacement."
"hardcoded.a760c94ad1","frontstage","hardcoded","src/app/cases/[id]/page.tsx","510","1","unknown","","本人資料がある時","","Hardcoded UI copy. Migrate to i18n before automatic replacement."
"hardcoded.1316256767","frontstage","hardcoded","src/app/cases/[id]/page.tsx","511","1","unknown","","勤務・収入確認時","","Hardcoded UI copy. Migrate to i18n before automatic replacement."
"hardcoded.18dd61e0aa","frontstage","hardcoded","src/app/cases/[id]/page.tsx","512","1","unknown","","保証人あり","","Hardcoded UI copy. Migrate to i18n before automatic replacement."
"hardcoded.172f17d3a2","frontstage","hardcoded","src/app/cases/[id]/page.tsx","513","1","unknown","","緊急連絡先あり","","Hardcoded UI copy. Migrate to i18n before automatic replacement."
"hardcoded.624d4b4a65","frontstage","hardcoded","src/app/cases/[id]/page.tsx","514","1","unknown","","同居人あり","","Hardcoded UI copy. Migrate to i18n before automatic replacement."
"hardcoded.e1e2857bc6","frontstage","hardcoded","src/app/cases/[id]/page.tsx","515","1","unknown","","業者情報あり","","Hardcoded UI copy. Migrate to i18n before automatic replacement."
"hardcoded.944497cbad","frontstage","hardcoded","src/app/cases/[id]/page.tsx","516","1","unknown","","出力選択時","","Hardcoded UI copy. Migrate to i18n before automatic replacement."
"hardcoded.d7b9cb1a22","frontstage","hardcoded","src/app/cases/[id]/page.tsx","525","1","unknown","","資料から読取","","Hardcoded UI copy. Migrate to i18n before automatic replacement."
"hardcoded.af05034632","frontstage","hardcoded","src/app/cases/[id]/page.tsx","529","1","unknown","","登録済み","","Hardcoded UI copy. Migrate to i18n before automatic replacement."
"hardcoded.1d766af87d","frontstage","hardcoded","src/app/cases/[id]/page.tsx","635","2","unknown","","読取結果","","Hardcoded UI copy. Migrate to i18n before automatic replacement."
"hardcoded.b98e7accba","frontstage","hardcoded","src/app/cases/[id]/page.tsx","644","2","unknown","","読取内容","","Hardcoded UI copy. Migrate to i18n before automatic replacement."
"hardcoded.c2dcc9737c","frontstage","hardcoded","src/app/cases/[id]/page.tsx","647","2","unknown","","資料位置","","Hardcoded UI copy. Migrate to i18n before automatic replacement."
"hardcoded.392e96b18e","frontstage","hardcoded","src/app/cases/[id]/page.tsx","659","1","unknown","","この値で確認保存","","Hardcoded UI copy. Migrate to i18n before automatic replacement."
"hardcoded.5c62f3efc6","frontstage","hardcoded","src/app/cases/[id]/page.tsx","660","1","unknown","","読取内容で保存","","Hardcoded UI copy. Migrate to i18n before automatic replacement."
"hardcoded.a2290090c4","frontstage","hardcoded","src/app/cases/[id]/page.tsx","732","1","unknown","","出典を見る","","Hardcoded UI copy. Migrate to i18n before automatic replacement."
"hardcoded.f6c2b58ba6","frontstage","hardcoded","src/app/cases/[id]/page.tsx","864","1","unknown","","確認結果を案件に保存しました。必要な項目を続けて整理できます。","","Hardcoded UI copy. Migrate to i18n before automatic replacement."
"hardcoded.c8b4bca294","frontstage","hardcoded","src/app/cases/[id]/page.tsx","870","1","unknown","","空の案件を作成しました。必要な項目から入力できます。","","Hardcoded UI copy. Migrate to i18n before automatic replacement."
"hardcoded.b087ee0813","frontstage","hardcoded","src/app/cases/[id]/page.tsx","876","1","unknown","","情報整理を保存しました。","","Hardcoded UI copy. Migrate to i18n before automatic replacement."
"hardcoded.1abe364c53","frontstage","hardcoded","src/app/cases/[id]/page.tsx","877","1","unknown","","信息整理已保存。","","Hardcoded UI copy. Migrate to i18n before automatic replacement."
"hardcoded.5ecdff5325","frontstage","hardcoded","src/app/cases/[id]/page.tsx","882","1","unknown","","資料を既存案件へ追加しました。合併履歴から確認・分離できます。","","Hardcoded UI copy. Migrate to i18n before automatic replacement."
"hardcoded.da189b153e","frontstage","hardcoded","src/app/cases/[id]/page.tsx","888","1","unknown","","最新の合併を分離して戻しました。分離した資料は別案件として残っています。","","Hardcoded UI copy. Migrate to i18n before automatic replacement."
"hardcoded.0535e72e69","frontstage","hardcoded","src/app/cases/[id]/page.tsx","894","2","unknown","","Excel ファイルを選択してください。","","Hardcoded UI copy. Migrate to i18n before automatic replacement."
"hardcoded.dd811bda4c","frontstage","hardcoded","src/app/cases/[id]/page.tsx","900","2","unknown","",".xlsx ファイルを選択してください。","","Hardcoded UI copy. Migrate to i18n before automatic replacement."
"hardcoded.b66e0b0b55","frontstage","hardcoded","src/app/cases/[id]/page.tsx","906","2","unknown","","Excel ファイルを読み取れませんでした。ファイル形式を確認してください。","","Hardcoded UI copy. Migrate to i18n before automatic replacement."
"hardcoded.7592ba76bf","frontstage","hardcoded","src/app/cases/[id]/page.tsx","912","2","unknown","","Excel 内に読み取れるデータがありません。","","Hardcoded UI copy. Migrate to i18n before automatic replacement."
"hardcoded.a7b0724401","frontstage","hardcoded","src/app/cases/[id]/page.tsx","918","1","unknown","","本人資料ファイルを選択してください。","","Hardcoded UI copy. Migrate to i18n before automatic replacement."
"hardcoded.9ad151767b","frontstage","hardcoded","src/app/cases/[id]/page.tsx","924","1","unknown","","本人資料は一度に6件まで選択できます。","","Hardcoded UI copy. Migrate to i18n before automatic replacement."
"hardcoded.90b6201341","frontstage","hardcoded","src/app/cases/[id]/page.tsx","930","2","unknown","","1ファイル25MB以下にしてください。","","Hardcoded UI copy. Migrate to i18n before automatic replacement."
"hardcoded.4a0332af88","frontstage","hardcoded","src/app/cases/[id]/page.tsx","936","1","unknown","","ファイル合計を60MB以下にしてください。","","Hardcoded UI copy. Migrate to i18n before automatic replacement."
"hardcoded.5acfe345db","frontstage","hardcoded","src/app/cases/[id]/page.tsx","942","1","unknown","","PDF または画像ファイルを選択してください。","","Hardcoded UI copy. Migrate to i18n before automatic replacement."
"hardcoded.956e773b81","frontstage","hardcoded","src/app/cases/[id]/page.tsx","955","1","unknown","","情報を整理する","","Hardcoded UI copy. Migrate to i18n before automatic replacement."
"hardcoded.7dc165706e","frontstage","hardcoded","src/app/cases/[id]/page.tsx","959","1","unknown","","案件で使う情報を確認し、出典と修正履歴を残します。","","Hardcoded UI copy. Migrate to i18n before automatic replacement."
"hardcoded.2af8e1436f","frontstage","hardcoded","src/app/cases/[id]/page.tsx","964","1","unknown","","案件資料を編集","","Hardcoded UI copy. Migrate to i18n before automatic replacement."
"hardcoded.309f9d0610","frontstage","hardcoded","src/app/cases/[id]/page.tsx","967","5","unknown","","資料を追加","","Hardcoded UI copy. Migrate to i18n before automatic replacement."
"hardcoded.452aa2617b","frontstage","hardcoded","src/app/cases/[id]/page.tsx","970","3","unknown","","書類を出力","","Hardcoded UI copy. Migrate to i18n before automatic replacement."
"hardcoded.b50bbdab87","frontstage","hardcoded","src/app/cases/[id]/page.tsx","980","1","unknown","","この案件に資料を追加","","Hardcoded UI copy. Migrate to i18n before automatic replacement."
"hardcoded.b0de56bb2e","frontstage","hardcoded","src/app/cases/[id]/page.tsx","984","1","unknown","","読み取り後、確認画面で採用した項目だけをこの案件へ反映します。","","Hardcoded UI copy. Migrate to i18n before automatic replacement."
"hardcoded.467aeb2d8b","frontstage","hardcoded","src/app/cases/[id]/page.tsx","991","1","unknown","","資料読取を開く","","Hardcoded UI copy. Migrate to i18n before automatic replacement."
"hardcoded.f8d95d487a","frontstage","hardcoded","src/app/cases/[id]/page.tsx","999","4","unknown","","本人資料","","Hardcoded UI copy. Migrate to i18n before automatic replacement."
"hardcoded.30b092afeb","frontstage","hardcoded","src/app/cases/[id]/page.tsx","1003","1","unknown","","在留カード、運転免許証、本人確認資料。","","Hardcoded UI copy. Migrate to i18n before automatic replacement."
"hardcoded.dde922ae16","frontstage","hardcoded","src/app/cases/[id]/page.tsx","1021","1","unknown","","Excel資料・台帳","","Hardcoded UI copy. Migrate to i18n before automatic replacement."
"hardcoded.4b13a816fb","frontstage","hardcoded","src/app/cases/[id]/page.tsx","1025","1","unknown","","物件台帳、記入済み資料、補足一覧の .xlsx。","","Hardcoded UI copy. Migrate to i18n before automatic replacement."
"hardcoded.f75643f94e","frontstage","hardcoded","src/app/cases/[id]/page.tsx","1036","1","unknown","",".xlsx ファイル","","Hardcoded UI copy. Migrate to i18n before automatic replacement."
"hardcoded.7c4f2f93db","frontstage","hardcoded","src/app/cases/[id]/page.tsx","1046","1","unknown","","読み取る","","Hardcoded UI copy. Migrate to i18n before automatic replacement."
"hardcoded.e894f5f625","frontstage","hardcoded","src/app/cases/[id]/page.tsx","1059","1","unknown","","左側の表示欄","","Hardcoded UI copy. Migrate to i18n before automatic replacement."
"hardcoded.a58b4c87d6","frontstage","hardcoded","src/app/cases/[id]/page.tsx","1062","1","unknown","","完成度と入力結果","","Hardcoded UI copy. Migrate to i18n before automatic replacement."
"hardcoded.066dd693e4","frontstage","hardcoded","src/app/cases/[id]/page.tsx","1078","1","unknown","","残り","","Hardcoded UI copy. Migrate to i18n before automatic replacement."
"hardcoded.b7d8309e36","frontstage","hardcoded","src/app/cases/[id]/page.tsx","1080","1","unknown","","右側で入力した内容は保存後ここに反映されます。未入力と確認待ちだけを優先して表示します。","","Hardcoded UI copy. Migrate to i18n before automatic replacement."
"hardcoded.2839493d43","frontstage","hardcoded","src/app/cases/[id]/page.tsx","1085","1","unknown","","項目 完了","","Hardcoded UI copy. Migrate to i18n before automatic replacement."
"hardcoded.33eed0464a","frontstage","hardcoded","src/app/cases/[id]/page.tsx","1091","1","unknown","","今見ている入力結果","","Hardcoded UI copy. Migrate to i18n before automatic replacement."
"hardcoded.a2879b6eed","frontstage","hardcoded","src/app/cases/[id]/page.tsx","1100","1","unknown","","次に入力","","Hardcoded UI copy. Migrate to i18n before automatic replacement."
"hardcoded.6e9066bd8f","frontstage","hardcoded","src/app/cases/[id]/page.tsx","1105","1","unknown","","この分類は整理済みです。","","Hardcoded UI copy. Migrate to i18n before automatic replacement."
"hardcoded.8db69a8209","frontstage","hardcoded","src/app/cases/[id]/page.tsx","1139","1","unknown","","未整理あり","","Hardcoded UI copy. Migrate to i18n before automatic replacement."
"hardcoded.3a9aac742f","frontstage","hardcoded","src/app/cases/[id]/page.tsx","1140","3","unknown","","整理済み","","Hardcoded UI copy. Migrate to i18n before automatic replacement."
"hardcoded.20628a692f","frontstage","hardcoded","src/app/cases/[id]/page.tsx","1186","1","unknown","","現在表示している分類","","Hardcoded UI copy. Migrate to i18n before automatic replacement."
"hardcoded.d3d436acb0","frontstage","hardcoded","src/app/cases/[id]/page.tsx","1190","4","unknown","","入力済み","","Hardcoded UI copy. Migrate to i18n before automatic replacement."
"hardcoded.d5aebf2f32","frontstage","hardcoded","src/app/cases/[id]/page.tsx","1196","1","unknown","","次に入力する項目","","Hardcoded UI copy. Migrate to i18n before automatic replacement."
"hardcoded.916e7b2726","frontstage","hardcoded","src/app/cases/[id]/page.tsx","1214","1","unknown","","すでに入っている内容","","Hardcoded UI copy. Migrate to i18n before automatic replacement."
"hardcoded.676fd36f18","frontstage","hardcoded","src/app/cases/[id]/page.tsx","1234","4","unknown","","項目","","Hardcoded UI copy. Migrate to i18n before automatic replacement."
"hardcoded.1b560f9930","frontstage","hardcoded","src/app/cases/[id]/page.tsx","1295","1","unknown","","保存して左に反映","","Hardcoded UI copy. Migrate to i18n before automatic replacement."
"hardcoded.a032e8fdda","frontstage","hardcoded","src/app/cases/[id]/page.tsx","1296","2","unknown","","保存中","","Hardcoded UI copy. Migrate to i18n before automatic replacement."
"hardcoded.67dacbb50a","frontstage","hardcoded","src/app/cases/[id]/page.tsx","1338","1","unknown","","この分類に未処理の項目はありません。","","Hardcoded UI copy. Migrate to i18n before automatic replacement."
"hardcoded.345721cd76","frontstage","hardcoded","src/app/cases/[id]/page.tsx","1351","1","unknown","","資料合併履歴","","Hardcoded UI copy. Migrate to i18n before automatic replacement."
"hardcoded.a33dc6f277","frontstage","hardcoded","src/app/cases/[id]/page.tsx","1355","1","unknown","","既存案件へ追加した資料、照合理由、差分、分離可否を残します。","","Hardcoded UI copy. Migrate to i18n before automatic replacement."
"hardcoded.be99ffed14","frontstage","hardcoded","src/app/cases/[id]/page.tsx","1362","2","unknown","","合併中","","Hardcoded UI copy. Migrate to i18n before automatic replacement."
"hardcoded.84def9f201","frontstage","hardcoded","src/app/cases/[id]/page.tsx","1383","1","unknown","","分離済み","","Hardcoded UI copy. Migrate to i18n before automatic replacement."
"hardcoded.aec344de80","frontstage","hardcoded","src/app/cases/[id]/page.tsx","1393","1","unknown","","追加","","Hardcoded UI copy. Migrate to i18n before automatic replacement."
"hardcoded.33088fd001","frontstage","hardcoded","src/app/cases/[id]/page.tsx","1417","1","unknown","","この資料を別案件へ分離し、現在の案件を合併前の状態へ戻すことを確認します。","","Hardcoded UI copy. Migrate to i18n before automatic replacement."
"hardcoded.293b4f5544","frontstage","hardcoded","src/app/cases/[id]/page.tsx","1424","1","unknown","","この合併を分離して戻す","","Hardcoded UI copy. Migrate to i18n before automatic replacement."
"hardcoded.48c450bad7","frontstage","hardcoded","src/app/cases/[id]/page.tsx","1437","1","unknown","","入力ファイル・出典を表示","","Hardcoded UI copy. Migrate to i18n before automatic replacement."
"hardcoded.f8e7ac260d","frontstage","hardcoded","src/app/cases/[id]/page.tsx","1441","1","unknown","","入力ファイル・出典","","Hardcoded UI copy. Migrate to i18n before automatic replacement."
"hardcoded.2a1b01fa9a","frontstage","hardcoded","src/app/cases/[id]/page.tsx","1458","1","unknown","","入力ルールの改善記録","","Hardcoded UI copy. Migrate to i18n before automatic replacement."
"hardcoded.b6ca64875c","frontstage","hardcoded","src/app/cases/[id]/page.tsx","1462","1","unknown","","保存時に残した修正記録です。後続の入力ルール確認に使います。","","Hardcoded UI copy. Migrate to i18n before automatic replacement."
"hardcoded.d9e6b04d25","frontstage","hardcoded","src/app/cases/[id]/page.tsx","1484","1","unknown","","確認後","","Hardcoded UI copy. Migrate to i18n before automatic replacement."
"hardcoded.0e1ca7f57a","frontstage","hardcoded","src/app/cases/[id]/page.tsx","1497","1","unknown","","修正履歴はまだありません。保存時に必要な差分だけ記録します。","","Hardcoded UI copy. Migrate to i18n before automatic replacement."
"hardcoded.f4efd2c6b7","frontstage","hardcoded","src/app/cases/[id]/page.tsx","1505","1","unknown","","確認状態と根拠","","Hardcoded UI copy. Migrate to i18n before automatic replacement."
"hardcoded.3ee721212e","frontstage","hardcoded","src/app/cases/[id]/page.tsx","1520","1","unknown","","案件の確認済みデータには含めません。","","Hardcoded UI copy. Migrate to i18n before automatic replacement."
"hardcoded.25cbb9db78","frontstage","hardcoded","src/app/cases/[id]/page.tsx","1531","1","unknown","","保存済みの出典レビューはまだありません。","","Hardcoded UI copy. Migrate to i18n before automatic replacement."
"hardcoded.619a109890","frontstage","hardcoded","src/app/cases/[id]/page.tsx","1531","1","unknown","","暂无已保存的来源核对记录。","","Hardcoded UI copy. Migrate to i18n before automatic replacement."
"hardcoded.9ebc58bf82","frontstage","hardcoded","src/app/cases/new/page.tsx","16","5","unknown","","案件を作成","","Hardcoded UI copy. Migrate to i18n before automatic replacement."
"hardcoded.e479c18f2a","frontstage","hardcoded","src/app/cases/new/page.tsx","17","1","unknown","","案件の用途を決め、必要であれば関係者と物件を先に紐付けます。","","Hardcoded UI copy. Migrate to i18n before automatic replacement."
"hardcoded.e2036743c7","frontstage","hardcoded","src/app/cases/new/page.tsx","18","2","unknown","","整理情報へ戻る","","Hardcoded UI copy. Migrate to i18n before automatic replacement."
"hardcoded.1fc14d2dcc","frontstage","hardcoded","src/app/cases/new/page.tsx","19","3","unknown","","作成入口へ戻る","","Hardcoded UI copy. Migrate to i18n before automatic replacement."
"hardcoded.d26d2be2d6","frontstage","hardcoded","src/app/cases/new/page.tsx","20","1","unknown","","案件情報","","Hardcoded UI copy. Migrate to i18n before automatic replacement."
"hardcoded.9933897158","frontstage","hardcoded","src/app/cases/new/page.tsx","21","1","unknown","","関連付け","","Hardcoded UI copy. Migrate to i18n before automatic replacement."
"hardcoded.98722fb1dc","frontstage","hardcoded","src/app/cases/new/page.tsx","22","2","unknown","","案件名","","Hardcoded UI copy. Migrate to i18n before automatic replacement."
"hardcoded.f8d5acf44e","frontstage","hardcoded","src/app/cases/new/page.tsx","23","1","unknown","","案件種別","","Hardcoded UI copy. Migrate to i18n before automatic replacement."
"hardcoded.e8dd1ef13c","frontstage","hardcoded","src/app/cases/new/page.tsx","24","9","unknown","","関係者","","Hardcoded UI copy. Migrate to i18n before automatic replacement."
"hardcoded.8a10be6e46","frontstage","hardcoded","src/app/cases/new/page.tsx","25","31","unknown","","物件","","Hardcoded UI copy. Migrate to i18n before automatic replacement."
"hardcoded.ac6c17d04a","frontstage","hardcoded","src/app/cases/new/page.tsx","26","2","unknown","","未選択","","Hardcoded UI copy. Migrate to i18n before automatic replacement."
"hardcoded.fcd7676ceb","frontstage","hardcoded","src/app/cases/new/page.tsx","27","2","unknown","","賃貸申込","","Hardcoded UI copy. Migrate to i18n before automatic replacement."
"hardcoded.d2686594a4","frontstage","hardcoded","src/app/cases/new/page.tsx","28","1","unknown","","賃貸募集","","Hardcoded UI copy. Migrate to i18n before automatic replacement."
"hardcoded.c4ca75530a","frontstage","hardcoded","src/app/cases/new/page.tsx","30","1","unknown","","見積・提案","","Hardcoded UI copy. Migrate to i18n before automatic replacement."
"hardcoded.f4017ca351","frontstage","hardcoded","src/app/cases/new/page.tsx","31","1","unknown","","契約準備","","Hardcoded UI copy. Migrate to i18n before automatic replacement."
"hardcoded.d911587eef","frontstage","hardcoded","src/app/cases/new/page.tsx","33","4","unknown","","関係者を追加","","Hardcoded UI copy. Migrate to i18n before automatic replacement."
"hardcoded.043b29d69b","frontstage","hardcoded","src/app/cases/new/page.tsx","34","4","unknown","","物件を追加","","Hardcoded UI copy. Migrate to i18n before automatic replacement."
"hardcoded.c871b0715d","frontstage","hardcoded","src/app/cases/new/page.tsx","37","4","unknown","","新建案件","","Hardcoded UI copy. Migrate to i18n before automatic replacement."
"hardcoded.45d494d8d1","frontstage","hardcoded","src/app/cases/new/page.tsx","41","1","unknown","","案件信息","","Hardcoded UI copy. Migrate to i18n before automatic replacement."
"hardcoded.9f84da9219","frontstage","hardcoded","src/app/cases/new/page.tsx","55","5","unknown","","新建物件","","Hardcoded UI copy. Migrate to i18n before automatic replacement."
"hardcoded.2ab7814cba","frontstage","hardcoded","src/app/guarantee-applications/friends-guarantee/preview/page.tsx","80","2","unknown","","長すぎ","","Hardcoded UI copy. Migrate to i18n before automatic replacement."
"hardcoded.3dc301036c","frontstage","hardcoded","src/app/guarantee-applications/friends-guarantee/preview/page.tsx","87","3","unknown","","物件郵便番号","","Hardcoded UI copy. Migrate to i18n before automatic replacement."
"hardcoded.559ac30870","frontstage","hardcoded","src/app/guarantee-applications/friends-guarantee/preview/page.tsx","88","2","unknown","","自宅電話","","Hardcoded UI copy. Migrate to i18n before automatic replacement."
"hardcoded.517aa81877","frontstage","hardcoded","src/app/guarantee-applications/friends-guarantee/preview/page.tsx","89","6","unknown","","携帯電話","","Hardcoded UI copy. Migrate to i18n before automatic replacement."
"hardcoded.a720fdbf7d","frontstage","hardcoded","src/app/guarantee-applications/friends-guarantee/preview/page.tsx","90","3","unknown","","確認資料種別","","Hardcoded UI copy. Migrate to i18n before automatic replacement."
"hardcoded.d5e36bfbb8","frontstage","hardcoded","src/app/guarantee-applications/friends-guarantee/preview/page.tsx","94","5","unknown","","在留カード有効期限","","Hardcoded UI copy. Migrate to i18n before automatic replacement."
"hardcoded.f7f064a1da","frontstage","hardcoded","src/app/guarantee-applications/friends-guarantee/preview/page.tsx","95","3","unknown","","在留カード番号","","Hardcoded UI copy. Migrate to i18n before automatic replacement."
"hardcoded.991e96f9f6","frontstage","hardcoded","src/app/guarantee-applications/friends-guarantee/preview/page.tsx","100","1","unknown","","連帯保証人1 郵便番号","","Hardcoded UI copy. Migrate to i18n before automatic replacement."
"hardcoded.eb0968c1e3","frontstage","hardcoded","src/app/guarantee-applications/friends-guarantee/preview/page.tsx","101","2","unknown","","連帯保証人1 免許証番号","","Hardcoded UI copy. Migrate to i18n before automatic replacement."
"hardcoded.1aca876f03","frontstage","hardcoded","src/app/guarantee-applications/friends-guarantee/preview/page.tsx","102","2","unknown","","連帯保証人1 自宅電話","","Hardcoded UI copy. Migrate to i18n before automatic replacement."
"hardcoded.23e59e9859","frontstage","hardcoded","src/app/guarantee-applications/friends-guarantee/preview/page.tsx","103","2","unknown","","連帯保証人1 携帯電話","","Hardcoded UI copy. Migrate to i18n before automatic replacement."
"hardcoded.10352f6220","frontstage","hardcoded","src/app/guarantee-applications/friends-guarantee/preview/page.tsx","104","2","unknown","","緊急連絡先 免許証番号","","Hardcoded UI copy. Migrate to i18n before automatic replacement."
"hardcoded.36caf2271b","frontstage","hardcoded","src/app/guarantee-applications/friends-guarantee/preview/page.tsx","105","3","unknown","","緊急連絡先 自宅電話","","Hardcoded UI copy. Migrate to i18n before automatic replacement."
"hardcoded.c6c023466c","frontstage","hardcoded","src/app/guarantee-applications/friends-guarantee/preview/page.tsx","106","3","unknown","","緊急連絡先 携帯電話","","Hardcoded UI copy. Migrate to i18n before automatic replacement."
"hardcoded.23ec23bbb2","frontstage","hardcoded","src/app/guarantee-applications/friends-guarantee/preview/page.tsx","280","1","unknown","","PDF出力","","JSX text node. Migrate to i18n before automatic replacement."
"hardcoded.feb4b598e8","frontstage","hardcoded","src/app/guarantee-applications/friends-guarantee/preview/page.tsx","282","3","unknown","","プレビュー","","JSX text node. Migrate to i18n before automatic replacement."
"hardcoded.71445d05cc","frontstage","hardcoded","src/app/guarantee-applications/friends-guarantee/preview/page.tsx","284","1","unknown","","申込書の上で直接なおす","","JSX text node. Migrate to i18n before automatic replacement."
"hardcoded.65063d1509","frontstage","hardcoded","src/app/guarantee-applications/friends-guarantee/preview/page.tsx","285","1","unknown","","安全項目は自動入力し、残りは申込書上で確認・修正してから印字します。","","JSX text node. Migrate to i18n before automatic replacement."
"hardcoded.f11c82fa89","frontstage","hardcoded","src/app/guarantee-applications/friends-guarantee/preview/page.tsx","288","1","unknown","","版式精校中：このテンプレートは保存後のPDF確認を前提に扱います","","JSX text node. Migrate to i18n before automatic replacement."
"hardcoded.55d963d389","frontstage","hardcoded","src/app/guarantee-applications/friends-guarantee/preview/page.tsx","315","1","unknown","","案件全体を編集","","JSX text node. Migrate to i18n before automatic replacement."
"hardcoded.59476ff69e","frontstage","hardcoded","src/app/guarantee-applications/friends-guarantee/preview/page.tsx","321","1","unknown","","確認済みPDFをダウンロード","","JSX text node. Migrate to i18n before automatic replacement."
"hardcoded.d8b4a5be54","frontstage","hardcoded","src/app/guarantee-applications/friends-guarantee/preview/page.tsx","327","1","unknown","","会社別草稿を補ってからダウンロード","","Hardcoded UI copy. Migrate to i18n before automatic replacement."
"hardcoded.3064a7ed15","frontstage","hardcoded","src/app/guarantee-applications/friends-guarantee/preview/page.tsx","329","1","unknown","","未入力を補ってからダウンロード","","Hardcoded UI copy. Migrate to i18n before automatic replacement."
"hardcoded.0a14f45f21","frontstage","hardcoded","src/app/guarantee-applications/friends-guarantee/preview/page.tsx","331","1","unknown","","印字リスクを直してからダウンロード","","Hardcoded UI copy. Migrate to i18n before automatic replacement."
"hardcoded.17c0c11028","frontstage","hardcoded","src/app/guarantee-applications/friends-guarantee/preview/page.tsx","333","1","unknown","","精校中テンプレートは直ダウンロード不可","","Hardcoded UI copy. Migrate to i18n before automatic replacement."
"hardcoded.eba814f970","frontstage","hardcoded","src/app/guarantee-applications/friends-guarantee/preview/page.tsx","335","1","unknown","","候補を保存してからダウンロード","","Hardcoded UI copy. Migrate to i18n before automatic replacement."
"hardcoded.50f1044c5c","frontstage","hardcoded","src/app/guarantee-applications/friends-guarantee/preview/page.tsx","337","1","unknown","","位置を保存してからダウンロード","","Hardcoded UI copy. Migrate to i18n before automatic replacement."
"hardcoded.c646596aa5","frontstage","hardcoded","src/app/guarantee-applications/friends-guarantee/preview/page.tsx","338","1","unknown","","生成チェックを完了してください","","Hardcoded UI copy. Migrate to i18n before automatic replacement."
"hardcoded.0d71956a5c","frontstage","hardcoded","src/app/guarantee-applications/friends-guarantee/preview/page.tsx","367","1","unknown","","プレビューできる案件がありません。","","JSX text node. Migrate to i18n before automatic replacement."
"hardcoded.80b234e217","frontstage","hardcoded","src/app/guarantee-applications/friends-guarantee/preview/page.tsx","376","1","unknown","","テンプレート位置を保存しました。次の案件にもこの位置が反映されます。","","Hardcoded UI copy. Migrate to i18n before automatic replacement."
"hardcoded.3649f6dec1","frontstage","hardcoded","src/app/guarantee-applications/friends-guarantee/preview/page.tsx","378","1","unknown","","プレビュー用の入力内容を保存しました。左のPDFを確認してください。","","Hardcoded UI copy. Migrate to i18n before automatic replacement."
"hardcoded.a3aaaec715","frontstage","hardcoded","src/app/guarantee-applications/friends-guarantee/preview/page.tsx","386","2","unknown","","対象案件","","JSX text node. Migrate to i18n before automatic replacement."
"hardcoded.68a8657ee0","frontstage","hardcoded","src/app/guarantee-applications/friends-guarantee/preview/page.tsx","391","1","unknown","","ダウンロード可","","Hardcoded UI copy. Migrate to i18n before automatic replacement."
"hardcoded.b02c6d9498","frontstage","hardcoded","src/app/guarantee-applications/friends-guarantee/preview/page.tsx","399","1","unknown","","草稿保存","","JSX text node. Migrate to i18n before automatic replacement."
"hardcoded.1e2b45ff1c","frontstage","hardcoded","src/app/guarantee-applications/friends-guarantee/preview/page.tsx","404","1","unknown","","この会社の申込書はまだ出荷基準ではありません。データが全部入っていても、長い住所・分割マス・電話番号・金額欄の位置をプレビューで確認し、必要ならドラッグ調整か追加欄で補正してください。","","JSX text node. Migrate to i18n before automatic replacement."
"hardcoded.8b08a306aa","frontstage","hardcoded","src/app/guarantee-applications/friends-guarantee/preview/page.tsx","413","1","unknown","","全項目","","JSX text node. Migrate to i18n before automatic replacement."
"hardcoded.ecff419913","frontstage","hardcoded","src/app/guarantee-applications/friends-guarantee/preview/page.tsx","434","1","unknown","","先に確認する項目","","JSX text node. Migrate to i18n before automatic replacement."
"hardcoded.e90f949d18","frontstage","hardcoded","src/app/guarantee-applications/friends-guarantee/preview/page.tsx","438","1","unknown","","会社別確認項目を補う","","JSX text node. Migrate to i18n before automatic replacement."
"hardcoded.ea6e877833","frontstage","hardcoded","src/app/guarantee-applications/friends-guarantee/preview/page.tsx","457","1","unknown","","印字前に確認する項目","","JSX text node. Migrate to i18n before automatic replacement."
"hardcoded.f162ddfd62","frontstage","hardcoded","src/app/guarantee-applications/friends-guarantee/preview/page.tsx","458","1","unknown","","長すぎる文字や分格の桁数超過は、左の申込書上で短縮・分割・幅調整してください。","","JSX text node. Migrate to i18n before automatic replacement."
"hardcoded.1ef90e7be6","frontstage","hardcoded","src/app/guarantee-applications/friends-guarantee/preview/page.tsx","474","1","unknown","","申込書上の入力欄","","JSX text node. Migrate to i18n before automatic replacement."
"hardcoded.8e7a509a12","frontstage","hardcoded","src/app/guarantee-applications/friends-guarantee/preview/page.tsx","475","1","unknown","","ここは確認用の索引です。修正は左の申込書上で直接行います。","","JSX text node. Migrate to i18n before automatic replacement."
"hardcoded.f0003b2425","frontstage","hardcoded","src/app/guarantee-applications/friends-guarantee/preview/page.tsx","501","1","unknown","","左の赤枠に入力","","Hardcoded UI copy. Migrate to i18n before automatic replacement."
"hardcoded.bc46531935","frontstage","hardcoded","src/app/guarantee-applications/friends-guarantee/preview/page.tsx","506","1","unknown","","保存するとPDFに印字されます","","JSX text node. Migrate to i18n before automatic replacement."
"hardcoded.88b162651a","frontstage","hardcoded","src/app/guarantee-applications/friends-guarantee/preview/page.tsx","515","1","unknown","","要保存","","Hardcoded UI copy. Migrate to i18n before automatic replacement."
"hardcoded.ff8a3a7b08","frontstage","hardcoded","src/app/guarantee-applications/friends-guarantee/preview/page.tsx","515","1","unknown","","候補","","Hardcoded UI copy. Migrate to i18n before automatic replacement."
"hardcoded.72304b55d3","frontstage","hardcoded","src/app/guarantee-applications/friends-guarantee/preview/page.tsx","524","2","unknown","","生成チェック","","JSX text node. Migrate to i18n before automatic replacement."
"hardcoded.24e351af5a","frontstage","hardcoded","src/app/guarantee-applications/friends-guarantee/preview/page.tsx","531","1","unknown","","追加欄","","JSX text node. Migrate to i18n before automatic replacement."
"hardcoded.5ad914068b","frontstage","hardcoded","src/app/guarantee-applications/friends-guarantee/preview/page.tsx","537","3","unknown","","未完了","","Hardcoded UI copy. Migrate to i18n before automatic replacement."
"hardcoded.6720b6e7a2","frontstage","hardcoded","src/app/guarantee-applications/friends-guarantee/preview/page.tsx","537","1","unknown","","出力可","","Hardcoded UI copy. Migrate to i18n before automatic replacement."
"hardcoded.47fb056f87","frontstage","hardcoded","src/app/guarantee-applications/friends-guarantee/preview/page.tsx","544","1","unknown","","の確認項目","","JSX text node. Migrate to i18n before automatic replacement."
"hardcoded.69e67d45e8","frontstage","hardcoded","src/app/guarantee-applications/friends-guarantee/preview/page.tsx","546","1","unknown","","この申込書だけで使う会社別の選択肢をここで補います。保存するとPDFプレビューへ反映されます。","","JSX text node. Migrate to i18n before automatic replacement."
"hardcoded.02d09fe1f1","frontstage","hardcoded","src/app/guarantee-applications/friends-guarantee/preview/page.tsx","594","1","unknown","","保存してPDFを更新","","JSX text node. Migrate to i18n before automatic replacement."
"hardcoded.8cab9fb098","frontstage","hardcoded","src/app/guarantee-applications/friends-guarantee/preview/page.tsx","600","1","unknown","","先に入力ファイルから案件を作成してください。","","JSX text node. Migrate to i18n before automatic replacement."
"hardcoded.0724f0fd09","frontstage","hardcoded","src/app/import-center/page.tsx","55","17","unknown","","物件名","","Hardcoded UI copy. Migrate to i18n before automatic replacement."
"hardcoded.11d6ed1fe4","frontstage","hardcoded","src/app/import-center/page.tsx","55","4","unknown","","物件名称","","Hardcoded UI copy. Migrate to i18n before automatic replacement."
"hardcoded.391873dd4b","frontstage","hardcoded","src/app/import-center/page.tsx","56","1","unknown","","物件台帳の名称として保存","","Hardcoded UI copy. Migrate to i18n before automatic replacement."
"hardcoded.126ec982ce","frontstage","hardcoded","src/app/import-center/page.tsx","60","1","unknown","","保存到物件地址","","Hardcoded UI copy. Migrate to i18n before automatic replacement."
"hardcoded.bc9eb78e9f","frontstage","hardcoded","src/app/import-center/page.tsx","60","1","unknown","","物件の住所として保存","","Hardcoded UI copy. Migrate to i18n before automatic replacement."
"hardcoded.fc63de7f55","frontstage","hardcoded","src/app/import-center/page.tsx","64","1","unknown","","検索や分類用のエリア","","Hardcoded UI copy. Migrate to i18n before automatic replacement."
"hardcoded.09a309358c","frontstage","hardcoded","src/app/import-center/page.tsx","68","1","unknown","","売買・提案で使う価格","","Hardcoded UI copy. Migrate to i18n before automatic replacement."
"hardcoded.9e97362902","frontstage","hardcoded","src/app/import-center/page.tsx","72","1","unknown","","顧客・関係者の連絡先","","Hardcoded UI copy. Migrate to i18n before automatic replacement."
"hardcoded.1c1cde69f5","frontstage","hardcoded","src/app/import-center/page.tsx","76","1","unknown","","顧客・関係者のメール","","Hardcoded UI copy. Migrate to i18n before automatic replacement."
"hardcoded.8f66fca070","frontstage","hardcoded","src/app/import-center/page.tsx","80","1","unknown","","相手が個人か法人か","","Hardcoded UI copy. Migrate to i18n before automatic replacement."
"hardcoded.1c1e452398","frontstage","hardcoded","src/app/import-center/page.tsx","83","3","unknown","","契約番号","","Hardcoded UI copy. Migrate to i18n before automatic replacement."
"hardcoded.1009f3634a","frontstage","hardcoded","src/app/import-center/page.tsx","84","1","unknown","","契約や申込の管理番号","","Hardcoded UI copy. Migrate to i18n before automatic replacement."
"hardcoded.f1f1336d35","frontstage","hardcoded","src/app/import-center/page.tsx","87","3","unknown","","契約種別","","Hardcoded UI copy. Migrate to i18n before automatic replacement."
"hardcoded.5625239b81","frontstage","hardcoded","src/app/import-center/page.tsx","88","1","unknown","","賃貸、売買、保証などの種別","","Hardcoded UI copy. Migrate to i18n before automatic replacement."
"hardcoded.6b73b817b3","frontstage","hardcoded","src/app/import-center/page.tsx","91","2","unknown","","関連物件","","Hardcoded UI copy. Migrate to i18n before automatic replacement."
"hardcoded.2cf681e2ab","frontstage","hardcoded","src/app/import-center/page.tsx","92","1","unknown","","どの物件の資料かを紐付け","","Hardcoded UI copy. Migrate to i18n before automatic replacement."
"hardcoded.dfe5f564e9","frontstage","hardcoded","src/app/import-center/page.tsx","96","1","unknown","","顧客、貸主、借主などへ紐付け","","Hardcoded UI copy. Migrate to i18n before automatic replacement."
"hardcoded.c3ed6f6519","frontstage","hardcoded","src/app/import-center/page.tsx","99","2","unknown","","契約日","","Hardcoded UI copy. Migrate to i18n before automatic replacement."
"hardcoded.ea81905064","frontstage","hardcoded","src/app/import-center/page.tsx","100","1","unknown","","契約書に記載された日付","","Hardcoded UI copy. Migrate to i18n before automatic replacement."
"hardcoded.a374c2b802","frontstage","hardcoded","src/app/import-center/page.tsx","104","1","unknown","","対応履歴や作業の名前","","Hardcoded UI copy. Migrate to i18n before automatic replacement."
"hardcoded.d2ddfbeea7","frontstage","hardcoded","src/app/import-center/page.tsx","108","1","unknown","","問い合わせや対応が発生した日","","Hardcoded UI copy. Migrate to i18n before automatic replacement."
"hardcoded.e3b4c2ec33","frontstage","hardcoded","src/app/import-center/page.tsx","112","1","unknown","","未対応、対応中、完了など","","Hardcoded UI copy. Migrate to i18n before automatic replacement."
"hardcoded.5b0869d2c6","frontstage","hardcoded","src/app/import-center/page.tsx","116","1","unknown","","申込・契約内の物件名","","Hardcoded UI copy. Migrate to i18n before automatic replacement."
"hardcoded.ce6a44f359","frontstage","hardcoded","src/app/import-center/page.tsx","119","1","unknown","","申込者名","","Hardcoded UI copy. Migrate to i18n before automatic replacement."
"hardcoded.c2cfa27860","frontstage","hardcoded","src/app/import-center/page.tsx","120","1","unknown","","申込者または顧客の名前","","Hardcoded UI copy. Migrate to i18n before automatic replacement."
"hardcoded.2a3869a18c","frontstage","hardcoded","src/app/import-center/page.tsx","123","5","unknown","","賃料","","Hardcoded UI copy. Migrate to i18n before automatic replacement."
"hardcoded.2e3a6f2d45","frontstage","hardcoded","src/app/import-center/page.tsx","124","1","unknown","","賃貸条件の月額賃料","","Hardcoded UI copy. Migrate to i18n before automatic replacement."
"hardcoded.25caf8268a","frontstage","hardcoded","src/app/import-center/page.tsx","138","1","unknown","","物件名,所在地,エリア,価格,管理費,修繕積立金","","Hardcoded UI copy. Migrate to i18n before automatic replacement."
"hardcoded.1bbc70b16d","frontstage","hardcoded","src/app/import-center/page.tsx","139","1","unknown","","氏名,電話番号,メール,関係者種別,役割,備考","","Hardcoded UI copy. Migrate to i18n before automatic replacement."
"hardcoded.de199e570b","frontstage","hardcoded","src/app/import-center/page.tsx","158","1","unknown","","その他の保存項目","","Hardcoded UI copy. Migrate to i18n before automatic replacement."
"hardcoded.46f62fc7f3","frontstage","hardcoded","src/app/import-center/page.tsx","162","1","unknown","","読み取った補足項目","","Hardcoded UI copy. Migrate to i18n before automatic replacement."
"hardcoded.de9cfb52cb","frontstage","hardcoded","src/app/import-center/page.tsx","180","2","unknown","","作成・資料登録","","Hardcoded UI copy. Migrate to i18n before automatic replacement."
"hardcoded.146f6b47b7","frontstage","hardcoded","src/app/import-center/page.tsx","181","1","unknown","","案件、関係者、物件を作成し、必要な資料を読み取ります。","","Hardcoded UI copy. Migrate to i18n before automatic replacement."
"hardcoded.4a522ef9de","frontstage","hardcoded","src/app/import-center/page.tsx","182","1","unknown","","Excel 一括読取","","Hardcoded UI copy. Migrate to i18n before automatic replacement."
"hardcoded.7ecd9b7cb0","frontstage","hardcoded","src/app/import-center/page.tsx","183","1","unknown","","物件台帳化を優先","","Hardcoded UI copy. Migrate to i18n before automatic replacement."
"hardcoded.06563a4893","frontstage","hardcoded","src/app/import-center/page.tsx","184","1","unknown","","PDF / スキャン登録","","Hardcoded UI copy. Migrate to i18n before automatic replacement."
"hardcoded.22a06996f0","frontstage","hardcoded","src/app/import-center/page.tsx","185","1","unknown","","旧契約・書面を保管","","Hardcoded UI copy. Migrate to i18n before automatic replacement."
"hardcoded.a3a93d759f","frontstage","hardcoded","src/app/import-center/page.tsx","186","1","unknown","","手入力登録","","Hardcoded UI copy. Migrate to i18n before automatic replacement."
"hardcoded.d2f21b3a1f","frontstage","hardcoded","src/app/import-center/page.tsx","187","1","unknown","","不足情報の補完","","Hardcoded UI copy. Migrate to i18n before automatic replacement."
"hardcoded.5640a461b8","frontstage","hardcoded","src/app/import-center/page.tsx","188","1","unknown","","資料名","","Hardcoded UI copy. Migrate to i18n before automatic replacement."
"hardcoded.0e19f752c7","frontstage","hardcoded","src/app/import-center/page.tsx","189","1","unknown","","メモ（任意）","","Hardcoded UI copy. Migrate to i18n before automatic replacement."
"hardcoded.d593331e5f","frontstage","hardcoded","src/app/import-center/page.tsx","190","1","unknown","","Excel資料を登録","","Hardcoded UI copy. Migrate to i18n before automatic replacement."
"hardcoded.cfd610c15c","frontstage","hardcoded","src/app/import-center/page.tsx","191","1","unknown","","PDF資料を登録","","Hardcoded UI copy. Migrate to i18n before automatic replacement."
"hardcoded.63d96516b3","frontstage","hardcoded","src/app/import-center/page.tsx","192","1","unknown","","手入力を作成","","Hardcoded UI copy. Migrate to i18n before automatic replacement."
"hardcoded.0fe8cd10c1","frontstage","hardcoded","src/app/import-center/page.tsx","193","1","unknown","","例: 物件台帳_2026Q2.xlsx","","Hardcoded UI copy. Migrate to i18n before automatic replacement."
"hardcoded.fc20490549","frontstage","hardcoded","src/app/import-center/page.tsx","194","1","unknown","","例: 旧契約書一括登録（10件）","","Hardcoded UI copy. Migrate to i18n before automatic replacement."
"hardcoded.732339636a","frontstage","hardcoded","src/app/import-center/page.tsx","195","1","unknown","","例: 修繕履歴_管理物件A","","Hardcoded UI copy. Migrate to i18n before automatic replacement."
"hardcoded.17cf15840d","frontstage","hardcoded","src/app/import-center/page.tsx","196","1","unknown","","例: 31件、ヘッダ確認済","","Hardcoded UI copy. Migrate to i18n before automatic replacement."
"hardcoded.360db1d7d3","frontstage","hardcoded","src/app/import-center/page.tsx","197","1","unknown","","例: 契約種別確認待ち","","Hardcoded UI copy. Migrate to i18n before automatic replacement."
"hardcoded.1e9c9c41fe","frontstage","hardcoded","src/app/import-center/page.tsx","198","1","unknown","","例: 先に発生日だけ入力","","Hardcoded UI copy. Migrate to i18n before automatic replacement."
"hardcoded.92bf40190f","frontstage","hardcoded","src/app/import-center/page.tsx","199","1","unknown","","資料登録履歴","","Hardcoded UI copy. Migrate to i18n before automatic replacement."
"hardcoded.7d1895fb2a","frontstage","hardcoded","src/app/import-center/page.tsx","201","3","unknown","","資料","","Hardcoded UI copy. Migrate to i18n before automatic replacement."
"hardcoded.06e7bba5e6","frontstage","hardcoded","src/app/import-center/page.tsx","202","1","unknown","","入力種別","","Hardcoded UI copy. Migrate to i18n before automatic replacement."
"hardcoded.c6f040161b","frontstage","hardcoded","src/app/import-center/page.tsx","206","1","unknown","","資料整理アシスト","","Hardcoded UI copy. Migrate to i18n before automatic replacement."
"hardcoded.2ef86bf523","frontstage","hardcoded","src/app/import-center/page.tsx","207","2","unknown","","保存先の確認","","Hardcoded UI copy. Migrate to i18n before automatic replacement."
"hardcoded.b9fa67abca","frontstage","hardcoded","src/app/import-center/page.tsx","208","2","unknown","","選択","","Hardcoded UI copy. Migrate to i18n before automatic replacement."
"hardcoded.05886cd43d","frontstage","hardcoded","src/app/import-center/page.tsx","209","1","unknown","","保存確認","","Hardcoded UI copy. Migrate to i18n before automatic replacement."
"hardcoded.86a07295c5","frontstage","hardcoded","src/app/import-center/page.tsx","210","2","unknown","","確認","","Hardcoded UI copy. Migrate to i18n before automatic replacement."
"hardcoded.707109c829","frontstage","hardcoded","src/app/import-center/page.tsx","212","1","unknown","","資料の保存先を確認","","Hardcoded UI copy. Migrate to i18n before automatic replacement."
"hardcoded.795d379700","frontstage","hardcoded","src/app/import-center/page.tsx","213","1","unknown","","資料にある名前を、業務で使う保存先に合わせます。違うところだけ直してください。","","Hardcoded UI copy. Migrate to i18n before automatic replacement."
"hardcoded.afc7160591","frontstage","hardcoded","src/app/import-center/page.tsx","214","1","unknown","","途中保存","","Hardcoded UI copy. Migrate to i18n before automatic replacement."
"hardcoded.3596f41239","frontstage","hardcoded","src/app/import-center/page.tsx","215","1","unknown","","確認へ進む","","Hardcoded UI copy. Migrate to i18n before automatic replacement."
"hardcoded.0c80e457cd","frontstage","hardcoded","src/app/import-center/page.tsx","216","1","unknown","","資料上の名前","","Hardcoded UI copy. Migrate to i18n before automatic replacement."
"hardcoded.575b639eef","frontstage","hardcoded","src/app/import-center/page.tsx","217","1","unknown","","保存する項目","","Hardcoded UI copy. Migrate to i18n before automatic replacement."
"hardcoded.e5817d24d9","frontstage","hardcoded","src/app/import-center/page.tsx","219","1","unknown","","確認内容","","Hardcoded UI copy. Migrate to i18n before automatic replacement."
"hardcoded.c4dc41a125","frontstage","hardcoded","src/app/import-center/page.tsx","220","1","unknown","","この列は保存しない","","Hardcoded UI copy. Migrate to i18n before automatic replacement."
"hardcoded.16bf4f259f","frontstage","hardcoded","src/app/import-center/page.tsx","221","1","unknown","","最近の読取履歴","","Hardcoded UI copy. Migrate to i18n before automatic replacement."
"hardcoded.b6fc9d448b","frontstage","hardcoded","src/app/import-center/page.tsx","222","1","unknown","","アーカイブ表示","","Hardcoded UI copy. Migrate to i18n before automatic replacement."
"hardcoded.8fc82a14c8","frontstage","hardcoded","src/app/import-center/page.tsx","224","1","unknown","","確認事項","","Hardcoded UI copy. Migrate to i18n before automatic replacement."
"hardcoded.17c5a8deee","frontstage","hardcoded","src/app/import-center/page.tsx","225","1","unknown","","直近の読取で確認が必要な内容","","Hardcoded UI copy. Migrate to i18n before automatic replacement."
"hardcoded.de117bcd09","frontstage","hardcoded","src/app/import-center/page.tsx","226","1","unknown","","確認事項の推移（7日）","","Hardcoded UI copy. Migrate to i18n before automatic replacement."
"hardcoded.bd50a234d6","frontstage","hardcoded","src/app/import-center/page.tsx","227","1","unknown","","日別の確認件数","","Hardcoded UI copy. Migrate to i18n before automatic replacement."
"hardcoded.54c6901ddf","frontstage","hardcoded","src/app/import-center/page.tsx","229","1","unknown","","アラート","","Hardcoded UI copy. Migrate to i18n before automatic replacement."
"hardcoded.ef33061fe4","frontstage","hardcoded","src/app/import-center/page.tsx","230","1","unknown","","確認記録","","Hardcoded UI copy. Migrate to i18n before automatic replacement."
"hardcoded.715fbf865e","frontstage","hardcoded","src/app/import-center/page.tsx","231","1","unknown","","追加アラートはありません","","Hardcoded UI copy. Migrate to i18n before automatic replacement."
"hardcoded.e900a43c59","frontstage","hardcoded","src/app/import-center/page.tsx","232","1","unknown","","必須項目の保存先が未設定","","Hardcoded UI copy. Migrate to i18n before automatic replacement."
"hardcoded.9e1a3c2749","frontstage","hardcoded","src/app/import-center/page.tsx","233","1","unknown","","データ形式の不一致","","Hardcoded UI copy. Migrate to i18n before automatic replacement."
"hardcoded.4845fdabe9","frontstage","hardcoded","src/app/import-center/page.tsx","235","1","unknown","","案件に保存する必須項目がまだ選ばれていません。","","Hardcoded UI copy. Migrate to i18n before automatic replacement."
"hardcoded.92e89afb68","frontstage","hardcoded","src/app/import-center/page.tsx","236","1","unknown","","読取元データに形式の揺れがあります。","","Hardcoded UI copy. Migrate to i18n before automatic replacement."
"hardcoded.5a4ea32ec7","frontstage","hardcoded","src/app/import-center/page.tsx","237","1","unknown","","保存先を確認してください。","","Hardcoded UI copy. Migrate to i18n before automatic replacement."
"hardcoded.a978836e1e","frontstage","hardcoded","src/app/import-center/page.tsx","238","1","unknown","","今すぐ修正","","Hardcoded UI copy. Migrate to i18n before automatic replacement."
"hardcoded.9e55e15603","frontstage","hardcoded","src/app/import-center/page.tsx","239","1","unknown","","確認内容を反映","","Hardcoded UI copy. Migrate to i18n before automatic replacement."
"hardcoded.ee6c63b1c9","frontstage","hardcoded","src/app/import-center/page.tsx","240","1","unknown","","提案を使う","","Hardcoded UI copy. Migrate to i18n before automatic replacement."
"hardcoded.e09e710f58","frontstage","hardcoded","src/app/import-center/page.tsx","241","1","unknown","","確認結果を出力","","Hardcoded UI copy. Migrate to i18n before automatic replacement."
"hardcoded.d9e9f7c0f7","frontstage","hardcoded","src/app/import-center/page.tsx","242","1","unknown","","操作ヒント","","Hardcoded UI copy. Migrate to i18n before automatic replacement."
"hardcoded.fe4944fe22","frontstage","hardcoded","src/app/import-center/page.tsx","244","1","unknown","","整理提案を確認し、違う行だけ保存先を直してから確認へ進んでください。","","Hardcoded UI copy. Migrate to i18n before automatic replacement."
"hardcoded.8e3b79c489","frontstage","hardcoded","src/app/import-center/page.tsx","245","1","unknown","","先に資料を1件追加してください。","","Hardcoded UI copy. Migrate to i18n before automatic replacement."
"hardcoded.0f33961fc1","frontstage","hardcoded","src/app/import-center/page.tsx","246","1","unknown","","1. 保存先を合わせる","","Hardcoded UI copy. Migrate to i18n before automatic replacement."
"hardcoded.ae00c83377","frontstage","hardcoded","src/app/import-center/page.tsx","247","1","unknown","","2. 違うところだけ直す","","Hardcoded UI copy. Migrate to i18n before automatic replacement."
"hardcoded.56423d7101","frontstage","hardcoded","src/app/import-center/page.tsx","248","1","unknown","","対象資料","","Hardcoded UI copy. Migrate to i18n before automatic replacement."
"hardcoded.5d9b0259e0","frontstage","hardcoded","src/app/import-center/page.tsx","249","2","unknown","","保存先","","Hardcoded UI copy. Migrate to i18n before automatic replacement."
"hardcoded.85d97e7ef6","frontstage","hardcoded","src/app/import-center/page.tsx","250","1","unknown","","資料の列（カンマ区切り）","","Hardcoded UI copy. Migrate to i18n before automatic replacement."
"hardcoded.b9f3265c1c","frontstage","hardcoded","src/app/import-center/page.tsx","251","1","unknown","","保存先の項目（カンマ区切り）","","Hardcoded UI copy. Migrate to i18n before automatic replacement."
"hardcoded.ea1c93fae9","frontstage","hardcoded","src/app/import-center/page.tsx","252","1","unknown","","標準ルールで整理","","Hardcoded UI copy. Migrate to i18n before automatic replacement."
"hardcoded.6fa85d64ff","frontstage","hardcoded","src/app/import-center/page.tsx","253","1","unknown","","確認して保存","","Hardcoded UI copy. Migrate to i18n before automatic replacement."
"hardcoded.eab388bf24","frontstage","hardcoded","src/app/import-center/page.tsx","254","1","unknown","","例: 物件名,所在地,エリア,価格","","Hardcoded UI copy. Migrate to i18n before automatic replacement."
"hardcoded.6798c02084","frontstage","hardcoded","src/app/import-center/page.tsx","255","1","unknown","","例: 保存先の初回整理","","Hardcoded UI copy. Migrate to i18n before automatic replacement."
"hardcoded.bcb89dd4b9","frontstage","hardcoded","src/app/import-center/page.tsx","256","1","unknown","","例: 価格列は税抜","","Hardcoded UI copy. Migrate to i18n before automatic replacement."
"hardcoded.ec0b60daf7","frontstage","hardcoded","src/app/import-center/page.tsx","257","1","unknown","","保存先項目","","Hardcoded UI copy. Migrate to i18n before automatic replacement."
"hardcoded.e41ce3e193","frontstage","hardcoded","src/app/import-center/page.tsx","258","1","unknown","","案件に保存する項目を確認","","Hardcoded UI copy. Migrate to i18n before automatic replacement."
"hardcoded.750e85e1f7","frontstage","hardcoded","src/app/import-center/page.tsx","260","1","unknown","","実ファイル保存対応","","Hardcoded UI copy. Migrate to i18n before automatic replacement."
"hardcoded.bc299db3d0","frontstage","hardcoded","src/app/import-center/page.tsx","261","1","unknown","","対象種別","","Hardcoded UI copy. Migrate to i18n before automatic replacement."
"hardcoded.9172ac5940","frontstage","hardcoded","src/app/import-center/page.tsx","263","1","unknown","","ファイルアップロード（推奨）","","Hardcoded UI copy. Migrate to i18n before automatic replacement."
"hardcoded.e78b67335d","frontstage","hardcoded","src/app/import-center/page.tsx","264","1","unknown","","ファイル名（任意）","","Hardcoded UI copy. Migrate to i18n before automatic replacement."
"hardcoded.04afc28da0","frontstage","hardcoded","src/app/import-center/page.tsx","265","1","unknown","","外部ファイルの場所（任意）","","Hardcoded UI copy. Migrate to i18n before automatic replacement."
"hardcoded.976c35a3b6","frontstage","hardcoded","src/app/import-center/page.tsx","266","1","unknown","","ファイル形式（任意）","","Hardcoded UI copy. Migrate to i18n before automatic replacement."
"hardcoded.ea0ebdce17","frontstage","hardcoded","src/app/import-center/page.tsx","267","1","unknown","","ファイルサイズ（任意）","","Hardcoded UI copy. Migrate to i18n before automatic replacement."
"hardcoded.16c36db62e","frontstage","hardcoded","src/app/import-center/page.tsx","268","1","unknown","","添付を登録","","Hardcoded UI copy. Migrate to i18n before automatic replacement."
"hardcoded.fc19f3bfd6","frontstage","hardcoded","src/app/import-center/page.tsx","269","1","unknown","","直接アップロードまたは外部ファイルの場所のいずれかを指定してください。","","Hardcoded UI copy. Migrate to i18n before automatic replacement."
"hardcoded.850fa204ea","frontstage","hardcoded","src/app/import-center/page.tsx","271","1","unknown","","アップロードしない場合のみ入力","","Hardcoded UI copy. Migrate to i18n before automatic replacement."
"hardcoded.05d0d22c1c","frontstage","hardcoded","src/app/import-center/page.tsx","274","1","unknown","","最新添付履歴","","Hardcoded UI copy. Migrate to i18n before automatic replacement."
"hardcoded.a0692c3d2a","frontstage","hardcoded","src/app/import-center/page.tsx","276","1","unknown","","添付はまだありません。","","Hardcoded UI copy. Migrate to i18n before automatic replacement."
"hardcoded.60d5935623","frontstage","hardcoded","src/app/import-center/page.tsx","279","1","unknown","","保存ファイルを開く","","Hardcoded UI copy. Migrate to i18n before automatic replacement."
"hardcoded.4960418dd4","frontstage","hardcoded","src/app/import-center/page.tsx","280","2","unknown","","読取資料","","Hardcoded UI copy. Migrate to i18n before automatic replacement."
"hardcoded.deff13211c","frontstage","hardcoded","src/app/import-center/page.tsx","282","5","unknown","","契約","","Hardcoded UI copy. Migrate to i18n before automatic replacement."
"hardcoded.16b1fd0f57","frontstage","hardcoded","src/app/import-center/page.tsx","283","4","unknown","","対応履歴","","Hardcoded UI copy. Migrate to i18n before automatic replacement."
"hardcoded.76bbb167dc","frontstage","hardcoded","src/app/import-center/page.tsx","291","1","unknown","","优先整理物件台账","","Hardcoded UI copy. Migrate to i18n before automatic replacement."
"hardcoded.e82f4f7790","frontstage","hardcoded","src/app/import-center/page.tsx","301","1","unknown","","例：物件台账_2026Q2.xlsx","","Hardcoded UI copy. Migrate to i18n before automatic replacement."
"hardcoded.0b4b0dc891","frontstage","hardcoded","src/app/import-center/page.tsx","325","1","unknown","","保存成","","Hardcoded UI copy. Migrate to i18n before automatic replacement."
"hardcoded.0456c2de04","frontstage","hardcoded","src/app/import-center/page.tsx","341","1","unknown","","数据格式不一致","","Hardcoded UI copy. Migrate to i18n before automatic replacement."
"hardcoded.f9cedfe723","frontstage","hardcoded","src/app/import-center/page.tsx","344","1","unknown","","源数据包含格式不一致内容。","","Hardcoded UI copy. Migrate to i18n before automatic replacement."
"hardcoded.c7b497c5ec","frontstage","hardcoded","src/app/import-center/page.tsx","356","1","unknown","","保存到","","Hardcoded UI copy. Migrate to i18n before automatic replacement."
"hardcoded.a2f12122f8","frontstage","hardcoded","src/app/import-center/page.tsx","358","1","unknown","","保存位置（逗号分隔）","","Hardcoded UI copy. Migrate to i18n before automatic replacement."
"hardcoded.459984cb1d","frontstage","hardcoded","src/app/import-center/page.tsx","364","1","unknown","","可保存内容","","Hardcoded UI copy. Migrate to i18n before automatic replacement."
"hardcoded.f0cf06e837","frontstage","hardcoded","src/app/import-center/page.tsx","367","1","unknown","","支持实际文件保存","","Hardcoded UI copy. Migrate to i18n before automatic replacement."
"hardcoded.ef9c9924d2","frontstage","hardcoded","src/app/import-center/page.tsx","386","1","unknown","","打开已保存文件","","Hardcoded UI copy. Migrate to i18n before automatic replacement."
"hardcoded.62a3b7e3d7","frontstage","hardcoded","src/app/import-center/page.tsx","631","1","unknown","","保存成功 0 件","","Hardcoded UI copy. Migrate to i18n before automatic replacement."
"hardcoded.39d3c1af0d","frontstage","hardcoded","src/app/import-center/page.tsx","633","1","unknown","","物件名未入力行あり","","Hardcoded UI copy. Migrate to i18n before automatic replacement."
"hardcoded.02cb768c1b","frontstage","hardcoded","src/app/import-center/page.tsx","635","1","unknown","","価格フィールド異常","","Hardcoded UI copy. Migrate to i18n before automatic replacement."
"hardcoded.7ea34eaad6","frontstage","hardcoded","src/app/import-center/page.tsx","637","1","unknown","","保存処理エラー","","Hardcoded UI copy. Migrate to i18n before automatic replacement."
"hardcoded.7c638599b5","frontstage","hardcoded","src/app/import-center/page.tsx","639","1","unknown","","已部分保存","","Hardcoded UI copy. Migrate to i18n before automatic replacement."
"hardcoded.cff8f419eb","frontstage","hardcoded","src/app/import-center/page.tsx","639","1","unknown","","一部保存完了","","Hardcoded UI copy. Migrate to i18n before automatic replacement."
"hardcoded.8126501678","frontstage","hardcoded","src/app/import-center/page.tsx","641","1","unknown","","保存完成","","Hardcoded UI copy. Migrate to i18n before automatic replacement."
"hardcoded.efe262da03","frontstage","hardcoded","src/app/import-center/page.tsx","641","1","unknown","","保存完了","","Hardcoded UI copy. Migrate to i18n before automatic replacement."
"hardcoded.c8d5b69754","frontstage","hardcoded","src/app/import-center/page.tsx","645","1","unknown","","再試行を予定","","Hardcoded UI copy. Migrate to i18n before automatic replacement."
"hardcoded.6be12a9db1","frontstage","hardcoded","src/app/import-center/page.tsx","758","1","unknown","","物件を保存しました。","","Hardcoded UI copy. Migrate to i18n before automatic replacement."
"hardcoded.2cfab9686d","frontstage","hardcoded","src/app/import-center/page.tsx","759","1","unknown","","物件已保存。","","Hardcoded UI copy. Migrate to i18n before automatic replacement."
"hardcoded.5009654f6f","frontstage","hardcoded","src/app/import-center/page.tsx","763","1","unknown","","資料を登録しました。","","Hardcoded UI copy. Migrate to i18n before automatic replacement."
"hardcoded.b48a0a9b76","frontstage","hardcoded","src/app/import-center/page.tsx","768","1","unknown","","資料の保存先を確認しました。","","Hardcoded UI copy. Migrate to i18n before automatic replacement."
"hardcoded.5024189913","frontstage","hardcoded","src/app/import-center/page.tsx","773","1","unknown","","整理提案を適用しました。","","Hardcoded UI copy. Migrate to i18n before automatic replacement."
"hardcoded.a9d76525ef","frontstage","hardcoded","src/app/import-center/page.tsx","778","1","unknown","","確認記録を更新しました。","","Hardcoded UI copy. Migrate to i18n before automatic replacement."
"hardcoded.bf76056288","frontstage","hardcoded","src/app/import-center/page.tsx","783","1","unknown","","この資料をもう一度読み取ります。","","Hardcoded UI copy. Migrate to i18n before automatic replacement."
"hardcoded.d38e75542b","frontstage","hardcoded","src/app/import-center/page.tsx","788","1","unknown","","業務ファイルの確認項目を読み取りました。","","Hardcoded UI copy. Migrate to i18n before automatic replacement."
"hardcoded.60877aff5e","frontstage","hardcoded","src/app/import-center/page.tsx","793","1","unknown","","本人確認資料の確認項目を読み取りました。","","Hardcoded UI copy. Migrate to i18n before automatic replacement."
"hardcoded.3a61cc554b","frontstage","hardcoded","src/app/import-center/page.tsx","818","1","unknown","","PDF または画像を選択してください。","","Hardcoded UI copy. Migrate to i18n before automatic replacement."
"hardcoded.0864e59819","frontstage","hardcoded","src/app/import-center/page.tsx","823","1","unknown","","本人確認資料は一度に6件まで選択できます。","","Hardcoded UI copy. Migrate to i18n before automatic replacement."
"hardcoded.821d38ba73","frontstage","hardcoded","src/app/import-center/page.tsx","828","1","unknown","","1ファイルあたり25MB以下にしてください。","","Hardcoded UI copy. Migrate to i18n before automatic replacement."
"hardcoded.586cd1e2cc","frontstage","hardcoded","src/app/import-center/page.tsx","833","1","unknown","","本人確認資料の合計サイズは60MB以下にしてください。","","Hardcoded UI copy. Migrate to i18n before automatic replacement."
"hardcoded.5fefa7fbf9","frontstage","hardcoded","src/app/import-center/page.tsx","838","1","unknown","","在留カード・運転免許証のPDFまたは画像ファイルを選択してください。","","Hardcoded UI copy. Migrate to i18n before automatic replacement."
"hardcoded.43c59a2b72","frontstage","hardcoded","src/app/import-center/page.tsx","843","1","unknown","","確認結果を案件として保存しました。","","Hardcoded UI copy. Migrate to i18n before automatic replacement."
"hardcoded.0bc909ca18","frontstage","hardcoded","src/app/import-center/page.tsx","848","1","unknown","","添付を登録しました。","","Hardcoded UI copy. Migrate to i18n before automatic replacement."
"hardcoded.242d6d9e0e","frontstage","hardcoded","src/app/import-center/page.tsx","907","1","unknown","","-- スキップ --","","Hardcoded UI copy. Migrate to i18n before automatic replacement."
"hardcoded.51b90382e8","frontstage","hardcoded","src/app/import-center/page.tsx","908","1","unknown","","物件名 *","","Hardcoded UI copy. Migrate to i18n before automatic replacement."
"hardcoded.5839954762","frontstage","hardcoded","src/app/import-center/page.tsx","908","1","unknown","","物件名称 *","","Hardcoded UI copy. Migrate to i18n before automatic replacement."
"hardcoded.a178daac25","frontstage","hardcoded","src/app/import-center/page.tsx","912","7","unknown","","管理費","","Hardcoded UI copy. Migrate to i18n before automatic replacement."
"hardcoded.e75002c3e5","frontstage","hardcoded","src/app/import-center/page.tsx","912","7","unknown","","管理费","","Hardcoded UI copy. Migrate to i18n before automatic replacement."
"hardcoded.b5d9325c6e","frontstage","hardcoded","src/app/import-center/page.tsx","913","5","unknown","","修繕積立金","","Hardcoded UI copy. Migrate to i18n before automatic replacement."
"hardcoded.3edc8062fa","frontstage","hardcoded","src/app/import-center/page.tsx","938","1","unknown","","新規案件","","Hardcoded UI copy. Migrate to i18n before automatic replacement."
"hardcoded.9672099c0d","frontstage","hardcoded","src/app/import-center/page.tsx","938","1","unknown","","新开案件","","Hardcoded UI copy. Migrate to i18n before automatic replacement."
"hardcoded.ed0a7eb20c","frontstage","hardcoded","src/app/import-center/page.tsx","944","1","unknown","","賃貸、売買、見積、契約の作業台が必要なときは案件から始めます。","","Hardcoded UI copy. Migrate to i18n before automatic replacement."
"hardcoded.f581aa6f12","frontstage","hardcoded","src/app/import-center/page.tsx","956","1","unknown","","顧客、オーナー、借主、保証人、会社を先に登録します。","","Hardcoded UI copy. Migrate to i18n before automatic replacement."
"hardcoded.9626d9b033","frontstage","hardcoded","src/app/import-center/page.tsx","968","1","unknown","","物件、部屋番号、住所、賃料や価格が明確なときは物件を先に作成します。","","Hardcoded UI copy. Migrate to i18n before automatic replacement."
"hardcoded.e197995af2","frontstage","hardcoded","src/app/import-center/page.tsx","984","1","unknown","","資料を選択中","","Hardcoded UI copy. Migrate to i18n before automatic replacement."
"hardcoded.287084f695","frontstage","hardcoded","src/app/import-center/page.tsx","996","1","unknown","","この資料を処理","","Hardcoded UI copy. Migrate to i18n before automatic replacement."
"hardcoded.d2feb36e5f","frontstage","hardcoded","src/app/import-center/page.tsx","1006","1","unknown","","この資料は見つかりません。移動、統合、または整理された可能性があります。","","Hardcoded UI copy. Migrate to i18n before automatic replacement."
"hardcoded.cf38693423","frontstage","hardcoded","src/app/import-center/page.tsx","1014","1","unknown","","作成入口","","Hardcoded UI copy. Migrate to i18n before automatic replacement."
"hardcoded.243bc8536a","frontstage","hardcoded","src/app/import-center/page.tsx","1017","1","unknown","","先に資料の割当を決める","","Hardcoded UI copy. Migrate to i18n before automatic replacement."
"hardcoded.60453ccc35","frontstage","hardcoded","src/app/import-center/page.tsx","1024","1","unknown","","ファイルがなくても先に作成できます。ファイルがある場合は下で読み取ってから割当します。","","Hardcoded UI copy. Migrate to i18n before automatic replacement."
"hardcoded.df1a75d383","frontstage","hardcoded","src/app/import-center/page.tsx","1028","1","unknown","","整理センターを見る","","Hardcoded UI copy. Migrate to i18n before automatic replacement."
"hardcoded.1d92297be8","frontstage","hardcoded","src/app/import-center/page.tsx","1056","1","unknown","","已有案件","","Hardcoded UI copy. Migrate to i18n before automatic replacement."
"hardcoded.7ac2c9fe5e","frontstage","hardcoded","src/app/import-center/page.tsx","1056","1","unknown","","既存案件","","Hardcoded UI copy. Migrate to i18n before automatic replacement."
"hardcoded.e32cf30ab9","frontstage","hardcoded","src/app/import-center/page.tsx","1063","1","unknown","","案件で既存資料を確認できます。読取後の確認結果は確認後に案件へ追加します。","","Hardcoded UI copy. Migrate to i18n before automatic replacement."
"hardcoded.d563372be2","frontstage","hardcoded","src/app/import-center/page.tsx","1067","1","unknown","","全部案件","","Hardcoded UI copy. Migrate to i18n before automatic replacement."
"hardcoded.e04a92de7e","frontstage","hardcoded","src/app/import-center/page.tsx","1067","1","unknown","","全案件","","Hardcoded UI copy. Migrate to i18n before automatic replacement."
"hardcoded.92ebf956e6","frontstage","hardcoded","src/app/import-center/page.tsx","1079","1","unknown","","選択できる案件はまだありません。","","Hardcoded UI copy. Migrate to i18n before automatic replacement."
"hardcoded.fcd880cf2a","frontstage","hardcoded","src/app/import-center/page.tsx","1090","1","unknown","","資料読取","","Hardcoded UI copy. Migrate to i18n before automatic replacement."
"hardcoded.45feb69c09","frontstage","hardcoded","src/app/import-center/page.tsx","1093","1","unknown","","ファイルがある場合はここから始める","","Hardcoded UI copy. Migrate to i18n before automatic replacement."
"hardcoded.a0e296c336","frontstage","hardcoded","src/app/import-center/page.tsx","1100","1","unknown","","読み取った内容を確認してから、案件、関係者、物件に保存します。","","Hardcoded UI copy. Migrate to i18n before automatic replacement."
"hardcoded.11d6c76e4b","frontstage","hardcoded","src/app/import-center/page.tsx","1113","1","unknown","","在留カード / 運転免許証のどちらか","","Hardcoded UI copy. Migrate to i18n before automatic replacement."
"hardcoded.3c23786295","frontstage","hardcoded","src/app/import-center/page.tsx","1121","1","unknown","","在留カード / 運転免許証: 氏名、生年月日、住所、証明書番号。","","Hardcoded UI copy. Migrate to i18n before automatic replacement."
"hardcoded.6742cdac74","frontstage","hardcoded","src/app/import-center/page.tsx","1128","3","unknown","","ファイルを選び直す","","Hardcoded UI copy. Migrate to i18n before automatic replacement."
"hardcoded.ad7542079b","frontstage","hardcoded","src/app/import-center/page.tsx","1139","1","unknown","","本人資料の確認","","Hardcoded UI copy. Migrate to i18n before automatic replacement."
"hardcoded.0d2a843b51","frontstage","hardcoded","src/app/import-center/page.tsx","1143","1","unknown","","対応資料として識別","","Hardcoded UI copy. Migrate to i18n before automatic replacement."
"hardcoded.160fd29c4d","frontstage","hardcoded","src/app/import-center/page.tsx","1144","1","unknown","","手動確認が必要","","Hardcoded UI copy. Migrate to i18n before automatic replacement."
"hardcoded.b23d59512e","frontstage","hardcoded","src/app/import-center/page.tsx","1152","1","unknown","","正しい項目だけ採用してください。在留カードまたは運転免許証の片方だけで進められます。","","Hardcoded UI copy. Migrate to i18n before automatic replacement."
"hardcoded.56f645c5ce","frontstage","hardcoded","src/app/import-center/page.tsx","1177","1","unknown","","申込資料を読み取る","","Hardcoded UI copy. Migrate to i18n before automatic replacement."
"hardcoded.f7f9de3e25","frontstage","hardcoded","src/app/import-center/page.tsx","1196","1","unknown","",".xlsx ファイルを選択","","Hardcoded UI copy. Migrate to i18n before automatic replacement."
"hardcoded.af72f8b798","frontstage","hardcoded","src/app/import-center/page.tsx","1209","1","unknown","","ファイルを選んで読み取る","","Hardcoded UI copy. Migrate to i18n before automatic replacement."
"hardcoded.fbc4a016af","frontstage","hardcoded","src/app/import-center/page.tsx","1222","1","unknown","","申込資料の確認","","Hardcoded UI copy. Migrate to i18n before automatic replacement."
"hardcoded.d07d7c9127","frontstage","hardcoded","src/app/import-center/page.tsx","1226","3","unknown","","読取済み","","Hardcoded UI copy. Migrate to i18n before automatic replacement."
"hardcoded.0c763e26d2","frontstage","hardcoded","src/app/import-center/page.tsx","1235","1","unknown","","項目ごとに確認・修正・不明を選びます。","","Hardcoded UI copy. Migrate to i18n before automatic replacement."
"hardcoded.8fff6df21c","frontstage","hardcoded","src/app/import-center/page.tsx","1245","1","unknown","","資料詳細","","Hardcoded UI copy. Migrate to i18n before automatic replacement."
"hardcoded.9a49266279","frontstage","hardcoded","src/app/import-center/page.tsx","1257","1","unknown","","文書タイプ","","Hardcoded UI copy. Migrate to i18n before automatic replacement."
"hardcoded.8ab512860d","frontstage","hardcoded","src/app/import-center/page.tsx","1261","1","unknown","","主な確認元","","Hardcoded UI copy. Migrate to i18n before automatic replacement."
"hardcoded.d436d9caba","frontstage","hardcoded","src/app/import-center/page.tsx","1265","1","unknown","","確認項目数","","Hardcoded UI copy. Migrate to i18n before automatic replacement."
"hardcoded.29da99c5a3","frontstage","hardcoded","src/app/import-center/page.tsx","1285","1","unknown","","申込資料の形式と一致しません。通常の物件台帳は続けて保存できます。","","Hardcoded UI copy. Migrate to i18n before automatic replacement."
"hardcoded.a23d678cd1","frontstage","hardcoded","src/app/import-center/page.tsx","1297","1","unknown","","行のデータ","","Hardcoded UI copy. Migrate to i18n before automatic replacement."
"hardcoded.c4b47b7ad0","frontstage","hardcoded","src/app/import-center/page.tsx","1334","1","unknown","","普通物件台账保存设置","","Hardcoded UI copy. Migrate to i18n before automatic replacement."
"hardcoded.cfbdff34e8","frontstage","hardcoded","src/app/import-center/page.tsx","1334","1","unknown","","通常の物件台帳保存設定","","Hardcoded UI copy. Migrate to i18n before automatic replacement."
"hardcoded.0f11e704b4","frontstage","hardcoded","src/app/import-center/page.tsx","1339","1","unknown","","読み取った列（* は必須）","","Hardcoded UI copy. Migrate to i18n before automatic replacement."
"hardcoded.20b8f86dad","frontstage","hardcoded","src/app/import-center/page.tsx","1363","1","unknown","","物件台帳に保存","","Hardcoded UI copy. Migrate to i18n before automatic replacement."
"hardcoded.c113724a90","frontstage","hardcoded","src/app/import-center/page.tsx","1363","1","unknown","","保存到物件台账","","Hardcoded UI copy. Migrate to i18n before automatic replacement."
"hardcoded.a676f3c1b0","frontstage","hardcoded","src/app/import-center/page.tsx","1394","1","unknown","","次のステップ","","Hardcoded UI copy. Migrate to i18n before automatic replacement."
"hardcoded.6026c3324e","frontstage","hardcoded","src/app/import-center/page.tsx","1401","1","unknown","","情報整理を開き、案件に残すデータを確認します。","","Hardcoded UI copy. Migrate to i18n before automatic replacement."
"hardcoded.30c5e4026a","frontstage","hardcoded","src/app/import-center/page.tsx","1409","1","unknown","","情報整理へ","","Hardcoded UI copy. Migrate to i18n before automatic replacement."
"hardcoded.f0d11110a9","frontstage","hardcoded","src/app/import-center/page.tsx","1412","1","unknown","","続けて資料を読み取る","","Hardcoded UI copy. Migrate to i18n before automatic replacement."
"hardcoded.5218c32b17","frontstage","hardcoded","src/app/import-center/page.tsx","1424","1","unknown","","最近読み取った資料","","Hardcoded UI copy. Migrate to i18n before automatic replacement."
"hardcoded.f4880e9655","frontstage","hardcoded","src/app/import-center/page.tsx","1431","1","unknown","","資料を選んで整理を続けます。","","Hardcoded UI copy. Migrate to i18n before automatic replacement."
"hardcoded.1b9ce661fc","frontstage","hardcoded","src/app/import-center/page.tsx","1453","1","unknown","","この資料を処理中","","Hardcoded UI copy. Migrate to i18n before automatic replacement."
"hardcoded.987dac2d5c","frontstage","hardcoded","src/app/import-center/page.tsx","1454","1","unknown","","この資料を続ける","","Hardcoded UI copy. Migrate to i18n before automatic replacement."
"hardcoded.34647ca5fb","frontstage","hardcoded","src/app/import-center/page.tsx","1461","1","unknown","","まだ読取記録はありません。","","Hardcoded UI copy. Migrate to i18n before automatic replacement."
"hardcoded.7b4143d6c1","frontstage","hardcoded","src/app/import-center/page.tsx","1471","1","unknown","","台帳と添付","","Hardcoded UI copy. Migrate to i18n before automatic replacement."
"hardcoded.328ee169dc","frontstage","hardcoded","src/app/import-center/page.tsx","1478","1","unknown","","一括保存、確認記録、添付登録。","","Hardcoded UI copy. Migrate to i18n before automatic replacement."
"hardcoded.5c053bff82","frontstage","hardcoded","src/app/import-center/page.tsx","1483","1","unknown","","詳細設定を開く","","Hardcoded UI copy. Migrate to i18n before automatic replacement."
"hardcoded.9e067d575a","frontstage","hardcoded","src/app/import-center/page.tsx","1487","1","unknown","","詳細設定を閉じる","","Hardcoded UI copy. Migrate to i18n before automatic replacement."
"hardcoded.a626a12a5c","frontstage","hardcoded","src/app/import-center/page.tsx","1643","1","unknown","","現在処理中の資料","","Hardcoded UI copy. Migrate to i18n before automatic replacement."
"hardcoded.f490381eee","frontstage","hardcoded","src/app/import-center/page.tsx","1644","1","unknown","","現在の資料","","Hardcoded UI copy. Migrate to i18n before automatic replacement."
"hardcoded.05cd9c73fa","frontstage","hardcoded","src/app/import-center/page.tsx","1685","1","unknown","","元資料の表記","","Hardcoded UI copy. Migrate to i18n before automatic replacement."
"hardcoded.7da86af750","frontstage","hardcoded","src/app/organize-center/page.tsx","40","2","unknown","","情報を整理","","Hardcoded UI copy. Migrate to i18n before automatic replacement."
"hardcoded.16bd555fab","frontstage","hardcoded","src/app/organize-center/page.tsx","41","1","unknown","","案件、関係者、物件、未整理資料を同じ場所で探して整理します。","","Hardcoded UI copy. Migrate to i18n before automatic replacement."
"hardcoded.327564aa69","frontstage","hardcoded","src/app/organize-center/page.tsx","42","1","unknown","","対象を選ぶ","","Hardcoded UI copy. Migrate to i18n before automatic replacement."
"hardcoded.61e1531a75","frontstage","hardcoded","src/app/organize-center/page.tsx","43","1","unknown","","先に対象を決めると、資料の追加先と整理画面がぶれません。","","Hardcoded UI copy. Migrate to i18n before automatic replacement."
"hardcoded.e76027241c","frontstage","hardcoded","src/app/organize-center/page.tsx","48","1","unknown","","他の作成","","Hardcoded UI copy. Migrate to i18n before automatic replacement."
"hardcoded.ca1a909129","frontstage","hardcoded","src/app/organize-center/page.tsx","49","1","unknown","","名前、物件、案件、資料名で検索","","Hardcoded UI copy. Migrate to i18n before automatic replacement."
"hardcoded.0c295d2805","frontstage","hardcoded","src/app/organize-center/page.tsx","52","6","unknown","","案件","","Hardcoded UI copy. Migrate to i18n before automatic replacement."
"hardcoded.a1e5286845","frontstage","hardcoded","src/app/organize-center/page.tsx","55","2","unknown","","未整理資料","","Hardcoded UI copy. Migrate to i18n before automatic replacement."
"hardcoded.591fa8b77f","frontstage","hardcoded","src/app/organize-center/page.tsx","56","1","unknown","","補完が必要","","Hardcoded UI copy. Migrate to i18n before automatic replacement."
"hardcoded.2f84887fa6","frontstage","hardcoded","src/app/organize-center/page.tsx","58","3","unknown","","未紐付け","","Hardcoded UI copy. Migrate to i18n before automatic replacement."
"hardcoded.95a39cdb93","frontstage","hardcoded","src/app/organize-center/page.tsx","59","1","unknown","","選択中の対象","","Hardcoded UI copy. Migrate to i18n before automatic replacement."
"hardcoded.13e663d943","frontstage","hardcoded","src/app/organize-center/page.tsx","60","1","unknown","","資料一覧","","Hardcoded UI copy. Migrate to i18n before automatic replacement."
"hardcoded.85b2979ddc","frontstage","hardcoded","src/app/organize-center/page.tsx","61","1","unknown","","補完や紐付けが必要な対象を先に表示します。","","Hardcoded UI copy. Migrate to i18n before automatic replacement."
"hardcoded.78d85e850a","frontstage","hardcoded","src/app/organize-center/page.tsx","62","2","unknown","","現在の状態","","Hardcoded UI copy. Migrate to i18n before automatic replacement."
"hardcoded.8dd4581d09","frontstage","hardcoded","src/app/organize-center/page.tsx","63","1","unknown","","関連する対象","","Hardcoded UI copy. Migrate to i18n before automatic replacement."
"hardcoded.0088f35e13","frontstage","hardcoded","src/app/organize-center/page.tsx","71","1","unknown","","対象を選択してください。","","Hardcoded UI copy. Migrate to i18n before automatic replacement."
"hardcoded.153db00512","frontstage","hardcoded","src/app/organize-center/page.tsx","72","1","unknown","","条件に一致する対象がありません。","","Hardcoded UI copy. Migrate to i18n before automatic replacement."
"hardcoded.119daf93ee","frontstage","hardcoded","src/app/organize-center/page.tsx","73","2","unknown","","開く","","Hardcoded UI copy. Migrate to i18n before automatic replacement."
"hardcoded.b7511fcc0c","frontstage","hardcoded","src/app/organize-center/page.tsx","74","2","unknown","","整理を続ける","","Hardcoded UI copy. Migrate to i18n before automatic replacement."
"hardcoded.f617bfc8fe","frontstage","hardcoded","src/app/organize-center/page.tsx","76","1","unknown","","関係者を編集","","Hardcoded UI copy. Migrate to i18n before automatic replacement."
"hardcoded.6c1f2f9365","frontstage","hardcoded","src/app/organize-center/page.tsx","77","1","unknown","","物件を見る","","Hardcoded UI copy. Migrate to i18n before automatic replacement."
"hardcoded.1df2b04e4e","frontstage","hardcoded","src/app/organize-center/page.tsx","78","2","unknown","","資料を確認","","Hardcoded UI copy. Migrate to i18n before automatic replacement."
"hardcoded.a1cffd17da","frontstage","hardcoded","src/app/organize-center/page.tsx","83","1","unknown","","関係者未設定","","Hardcoded UI copy. Migrate to i18n before automatic replacement."
"hardcoded.392873d19f","frontstage","hardcoded","src/app/organize-center/page.tsx","84","1","unknown","","物件未設定","","Hardcoded UI copy. Migrate to i18n before automatic replacement."
"hardcoded.1e51536038","frontstage","hardcoded","src/app/organize-center/page.tsx","85","1","unknown","","関係者や案件に紐付けて使います","","Hardcoded UI copy. Migrate to i18n before automatic replacement."
"hardcoded.a076f78868","frontstage","hardcoded","src/app/organize-center/page.tsx","86","1","unknown","","案件資料に未整理の項目があります。関係者、物件、費用などの基本情報を確認します。","","Hardcoded UI copy. Migrate to i18n before automatic replacement."
"hardcoded.f1009292cf","frontstage","hardcoded","src/app/organize-center/page.tsx","87","1","unknown","","案件の基本情報は整理済みです。関連資料の追加や内容確認を続けられます。","","Hardcoded UI copy. Migrate to i18n before automatic replacement."
"hardcoded.86cc13dfcc","frontstage","hardcoded","src/app/organize-center/page.tsx","88","1","unknown","","関係者の連絡先または役割が不足しています。関連案件と紐付ける前に確認します。","","Hardcoded UI copy. Migrate to i18n before automatic replacement."
"hardcoded.1a6b76782b","frontstage","hardcoded","src/app/organize-center/page.tsx","89","1","unknown","","関係者の基本情報は整理済みです。関連案件や物件と合わせて確認できます。","","Hardcoded UI copy. Migrate to i18n before automatic replacement."
"hardcoded.8b1a9c7b1a","frontstage","hardcoded","src/app/organize-center/page.tsx","90","1","unknown","","物件の価格、管理費、修繕積立などの基礎情報が不足しています。","","Hardcoded UI copy. Migrate to i18n before automatic replacement."
"hardcoded.48480a47a0","frontstage","hardcoded","src/app/organize-center/page.tsx","91","1","unknown","","物件の基礎情報は整理済みです。案件や関係者と紐付けて使えます。","","Hardcoded UI copy. Migrate to i18n before automatic replacement."
"hardcoded.4025461d27","frontstage","hardcoded","src/app/organize-center/page.tsx","92","1","unknown","","資料がまだ案件、関係者、物件のどれにも紐付いていません。まず紐付け先を決めます。","","Hardcoded UI copy. Migrate to i18n before automatic replacement."
"hardcoded.6522150c35","frontstage","hardcoded","src/app/organize-center/page.tsx","93","1","unknown","","案件内の関係","","Hardcoded UI copy. Migrate to i18n before automatic replacement."
"hardcoded.4d58026f9a","frontstage","hardcoded","src/app/organize-center/page.tsx","96","1","unknown","","紐付け先","","Hardcoded UI copy. Migrate to i18n before automatic replacement."
"hardcoded.0926c8ec2d","frontstage","hardcoded","src/app/organize-center/page.tsx","143","1","unknown","","物件未设置","","Hardcoded UI copy. Migrate to i18n before automatic replacement."
"hardcoded.309b979031","frontstage","hardcoded","src/app/organize-center/page.tsx","266","4","unknown","","手入力","","Hardcoded UI copy. Migrate to i18n before automatic replacement."
"hardcoded.c3dbd7834d","frontstage","hardcoded","src/app/output-center/page.tsx","43","1","unknown","","対象案件を選択し、出力テンプレートとプレビューへ進みます。","","Hardcoded UI copy. Migrate to i18n before automatic replacement."
"hardcoded.a7704e06f2","frontstage","hardcoded","src/app/output-center/page.tsx","44","2","unknown","","最近の更新","","Hardcoded UI copy. Migrate to i18n before automatic replacement."
"hardcoded.c26e66bbf2","frontstage","hardcoded","src/app/output-center/page.tsx","45","1","unknown","","提案データを作成","","Hardcoded UI copy. Migrate to i18n before automatic replacement."
"hardcoded.701f79beea","frontstage","hardcoded","src/app/output-center/page.tsx","46","3","unknown","","選択中","","Hardcoded UI copy. Migrate to i18n before automatic replacement."
"hardcoded.69cb27dcde","frontstage","hardcoded","src/app/output-center/page.tsx","47","1","unknown","","保証会社を選ぶ","","Hardcoded UI copy. Migrate to i18n before automatic replacement."
"hardcoded.7c35400a38","frontstage","hardcoded","src/app/output-center/page.tsx","49","1","unknown","","対象提案（見積・資金計画用）","","Hardcoded UI copy. Migrate to i18n before automatic replacement."
"hardcoded.e45ca38649","frontstage","hardcoded","src/app/output-center/page.tsx","50","2","unknown","","対象物件","","Hardcoded UI copy. Migrate to i18n before automatic replacement."
"hardcoded.1d290a19e5","frontstage","hardcoded","src/app/output-center/page.tsx","51","1","unknown","","対象関係者","","Hardcoded UI copy. Migrate to i18n before automatic replacement."
"hardcoded.4625364ce2","frontstage","hardcoded","src/app/output-center/page.tsx","52","1","unknown","","出力形式","","Hardcoded UI copy. Migrate to i18n before automatic replacement."
"hardcoded.f0335fc63a","frontstage","hardcoded","src/app/output-center/page.tsx","54","1","unknown","","帳票を出力","","Hardcoded UI copy. Migrate to i18n before automatic replacement."
"hardcoded.82298e33ae","frontstage","hardcoded","src/app/output-center/page.tsx","55","1","unknown","","出力履歴","","Hardcoded UI copy. Migrate to i18n before automatic replacement."
"hardcoded.59038e1c6c","frontstage","hardcoded","src/app/output-center/page.tsx","56","1","unknown","","テンプレート利用状況","","Hardcoded UI copy. Migrate to i18n before automatic replacement."
"hardcoded.699c537918","frontstage","hardcoded","src/app/output-center/page.tsx","57","1","unknown","","現在の履歴条件で使われたテンプレート記録","","Hardcoded UI copy. Migrate to i18n before automatic replacement."
"hardcoded.82c6d9b8d0","frontstage","hardcoded","src/app/output-center/page.tsx","58","1","unknown","","記録あり","","Hardcoded UI copy. Migrate to i18n before automatic replacement."
"hardcoded.5dab500c4f","frontstage","hardcoded","src/app/output-center/page.tsx","59","1","unknown","","記録なし","","Hardcoded UI copy. Migrate to i18n before automatic replacement."
"hardcoded.7db754f361","frontstage","hardcoded","src/app/output-center/page.tsx","60","1","unknown","","よく使うテンプレート","","Hardcoded UI copy. Migrate to i18n before automatic replacement."
"hardcoded.f7296b27ad","frontstage","hardcoded","src/app/output-center/page.tsx","61","2","unknown","","すべて表示","","Hardcoded UI copy. Migrate to i18n before automatic replacement."
"hardcoded.abb028d6f8","frontstage","hardcoded","src/app/output-center/page.tsx","62","1","unknown","","すべての種別","","Hardcoded UI copy. Migrate to i18n before automatic replacement."
"hardcoded.c75a115124","frontstage","hardcoded","src/app/output-center/page.tsx","63","1","unknown","","すべての言語","","Hardcoded UI copy. Migrate to i18n before automatic replacement."
"hardcoded.10d606d03b","frontstage","hardcoded","src/app/output-center/page.tsx","64","1","unknown","","すべての形式","","Hardcoded UI copy. Migrate to i18n before automatic replacement."
"hardcoded.3d1e86ae1a","frontstage","hardcoded","src/app/output-center/page.tsx","65","1","unknown","","すべてのテンプレート","","Hardcoded UI copy. Migrate to i18n before automatic replacement."
"hardcoded.042295c6b2","frontstage","hardcoded","src/app/output-center/page.tsx","66","1","unknown","","テンプレート未記録","","Hardcoded UI copy. Migrate to i18n before automatic replacement."
"hardcoded.a2b76e8b8b","frontstage","hardcoded","src/app/output-center/page.tsx","67","1","unknown","","使用テンプレート","","Hardcoded UI copy. Migrate to i18n before automatic replacement."
"hardcoded.dadd9f03f0","frontstage","hardcoded","src/app/output-center/page.tsx","71","1","unknown","","現在のフィルタ条件に一致する出力履歴がありません。","","Hardcoded UI copy. Migrate to i18n before automatic replacement."
"hardcoded.335f224b73","frontstage","hardcoded","src/app/output-center/page.tsx","72","1","unknown","","PDFプレビュー","","Hardcoded UI copy. Migrate to i18n before automatic replacement."
"hardcoded.bc3a85876c","frontstage","hardcoded","src/app/output-center/page.tsx","73","1","unknown","","ダウンロード","","Hardcoded UI copy. Migrate to i18n before automatic replacement."
"hardcoded.b4f80c7418","frontstage","hardcoded","src/app/output-center/page.tsx","76","1","unknown","","ページ","","Hardcoded UI copy. Migrate to i18n before automatic replacement."
"hardcoded.ee4968790f","frontstage","hardcoded","src/app/output-center/page.tsx","77","1","unknown","","スカイラインレジデンス - 1402号室","","Hardcoded UI copy. Migrate to i18n before automatic replacement."
"hardcoded.a941928500","frontstage","hardcoded","src/app/output-center/page.tsx","78","1","unknown","","リバーサイドガーデンズ - ペントハウスB","","Hardcoded UI copy. Migrate to i18n before automatic replacement."
"hardcoded.5545d843e8","frontstage","hardcoded","src/app/output-center/page.tsx","80","1","unknown","","ロドリゲス エレナ（投資家）","","Hardcoded UI copy. Migrate to i18n before automatic replacement."
"hardcoded.a2430e0cda","frontstage","hardcoded","src/app/output-center/page.tsx","86","1","unknown","","前提条件および取引条件の説明","","Hardcoded UI copy. Migrate to i18n before automatic replacement."
"hardcoded.afa9e15093","frontstage","hardcoded","src/app/output-center/page.tsx","89","2","unknown","","1. 物件概要","","Hardcoded UI copy. Migrate to i18n before automatic replacement."
"hardcoded.a9b8973b8c","frontstage","hardcoded","src/app/output-center/page.tsx","92","1","unknown","","間取り","","Hardcoded UI copy. Migrate to i18n before automatic replacement."
"hardcoded.2a6bfe8d0c","frontstage","hardcoded","src/app/output-center/page.tsx","97","1","unknown","","本説明書は売買契約締結時に、対象物件の権利関係・法的規制・契約条件を説明するものです。","","Hardcoded UI copy. Migrate to i18n before automatic replacement."
"hardcoded.2538ae086e","frontstage","hardcoded","src/app/output-center/page.tsx","98","1","unknown","","現況有姿での引渡しを原則とします。","","Hardcoded UI copy. Migrate to i18n before automatic replacement."
"hardcoded.a3a2e42831","frontstage","hardcoded","src/app/output-center/page.tsx","99","1","unknown","","売買代金の10%を手付金としてお支払いいただきます。","","Hardcoded UI copy. Migrate to i18n before automatic replacement."
"hardcoded.f52bdffa58","frontstage","hardcoded","src/app/output-center/page.tsx","100","1","unknown","","ローン特約期限は契約締結日から21日以内です。","","Hardcoded UI copy. Migrate to i18n before automatic replacement."
"hardcoded.1857e65a0a","frontstage","hardcoded","src/app/output-center/page.tsx","102","1","unknown","","売主 署名","","Hardcoded UI copy. Migrate to i18n before automatic replacement."
"hardcoded.28dcf7c15d","frontstage","hardcoded","src/app/output-center/page.tsx","103","1","unknown","","買主 署名","","Hardcoded UI copy. Migrate to i18n before automatic replacement."
"hardcoded.e004400da2","frontstage","hardcoded","src/app/output-center/page.tsx","106","1","unknown","","申込書作成","","Hardcoded UI copy. Migrate to i18n before automatic replacement."
"hardcoded.08e550e843","frontstage","hardcoded","src/app/output-center/page.tsx","108","1","unknown","","確認してから出力","","Hardcoded UI copy. Migrate to i18n before automatic replacement."
"hardcoded.61994fbc82","frontstage","hardcoded","src/app/output-center/page.tsx","109","1","unknown","","現在の案件を確認し、足りない項目だけ補って、選択した保証会社の申込書を出します。","","Hardcoded UI copy. Migrate to i18n before automatic replacement."
"hardcoded.308265af11","frontstage","hardcoded","src/app/output-center/page.tsx","110","1","unknown","","次にやること","","Hardcoded UI copy. Migrate to i18n before automatic replacement."
"hardcoded.16a6dc89d2","frontstage","hardcoded","src/app/output-center/page.tsx","111","1","unknown","","残りの確認項目","","Hardcoded UI copy. Migrate to i18n before automatic replacement."
"hardcoded.3324fe95b8","frontstage","hardcoded","src/app/output-center/page.tsx","115","1","unknown","","プレビュー可","","Hardcoded UI copy. Migrate to i18n before automatic replacement."
"hardcoded.1cb0e064d7","frontstage","hardcoded","src/app/output-center/page.tsx","117","1","unknown","","この案件を選ぶ","","Hardcoded UI copy. Migrate to i18n before automatic replacement."
"hardcoded.fadc59fbfc","frontstage","hardcoded","src/app/output-center/page.tsx","119","1","unknown","","詳細を表示","","Hardcoded UI copy. Migrate to i18n before automatic replacement."
"hardcoded.37cca0b5a3","frontstage","hardcoded","src/app/output-center/page.tsx","120","1","unknown","","補助機能を表示","","Hardcoded UI copy. Migrate to i18n before automatic replacement."
"hardcoded.284990a3b4","frontstage","hardcoded","src/app/output-center/page.tsx","122","1","unknown","","確認済み案件がまだありません","","Hardcoded UI copy. Migrate to i18n before automatic replacement."
"hardcoded.e5c88d16de","frontstage","hardcoded","src/app/output-center/page.tsx","124","1","unknown","","申込データ準備","","Hardcoded UI copy. Migrate to i18n before automatic replacement."
"hardcoded.5e1fac4f1b","frontstage","hardcoded","src/app/output-center/page.tsx","126","1","unknown","","会社別項目を編集","","Hardcoded UI copy. Migrate to i18n before automatic replacement."
"hardcoded.7bb6f0991b","frontstage","hardcoded","src/app/output-center/page.tsx","127","1","unknown","","追加項目入力済み","","Hardcoded UI copy. Migrate to i18n before automatic replacement."
"hardcoded.7d4e4be08e","frontstage","hardcoded","src/app/output-center/page.tsx","128","1","unknown","","追加項目未入力","","Hardcoded UI copy. Migrate to i18n before automatic replacement."
"hardcoded.9f48399fdb","frontstage","hardcoded","src/app/output-center/page.tsx","129","1","unknown","","情報整理で入力","","Hardcoded UI copy. Migrate to i18n before automatic replacement."
"hardcoded.b20a870f0e","frontstage","hardcoded","src/app/output-center/page.tsx","130","1","unknown","","会社別項目で入力","","Hardcoded UI copy. Migrate to i18n before automatic replacement."
"hardcoded.072b33a08c","frontstage","hardcoded","src/app/output-center/page.tsx","131","1","unknown","","不足項目を確認","","Hardcoded UI copy. Migrate to i18n before automatic replacement."
"hardcoded.c00177e85e","frontstage","hardcoded","src/app/output-center/page.tsx","132","1","unknown","","先に対象案件を選択","","Hardcoded UI copy. Migrate to i18n before automatic replacement."
"hardcoded.87b48c4b49","frontstage","hardcoded","src/app/output-center/page.tsx","133","1","unknown","","準備済み","","Hardcoded UI copy. Migrate to i18n before automatic replacement."
"hardcoded.42414c1c45","frontstage","hardcoded","src/app/output-center/page.tsx","136","1","unknown","","必須項目が未完了","","Hardcoded UI copy. Migrate to i18n before automatic replacement."
"hardcoded.08e551759f","frontstage","hardcoded","src/app/output-center/page.tsx","137","1","unknown","","この保証会社の申込書出力は次の対応予定です。まずは不足項目の確認までできます。","","Hardcoded UI copy. Migrate to i18n before automatic replacement."
"hardcoded.9549abc697","frontstage","hardcoded","src/app/output-center/page.tsx","138","1","unknown","","申込書出力は準備中","","Hardcoded UI copy. Migrate to i18n before automatic replacement."
"hardcoded.e3726b5580","frontstage","hardcoded","src/app/output-center/page.tsx","139","1","unknown","","まずPDFをプレビューし、印字位置と入力内容を確認してからダウンロードします。","","Hardcoded UI copy. Migrate to i18n before automatic replacement."
"hardcoded.6360482c49","frontstage","hardcoded","src/app/output-center/page.tsx","140","1","unknown","","{company}申込書をプレビュー","","Hardcoded UI copy. Migrate to i18n before automatic replacement."
"hardcoded.01d15a5475","frontstage","hardcoded","src/app/output-center/page.tsx","141","1","unknown","","案件を選択すると、確認済みデータを使って申込書を出せます。","","Hardcoded UI copy. Migrate to i18n before automatic replacement."
"hardcoded.1994ae4100","frontstage","hardcoded","src/app/output-center/page.tsx","142","1","unknown","","確認済み案件データ","","Hardcoded UI copy. Migrate to i18n before automatic replacement."
"hardcoded.79ac272b0a","frontstage","hardcoded","src/app/output-center/page.tsx","144","1","unknown","","読取内容（確認が必要）","","Hardcoded UI copy. Migrate to i18n before automatic replacement."
"hardcoded.53e4a20587","frontstage","hardcoded","src/app/output-center/page.tsx","146","1","unknown","","案件を確認","","Hardcoded UI copy. Migrate to i18n before automatic replacement."
"hardcoded.b79a4f6b5c","frontstage","hardcoded","src/app/output-center/page.tsx","147","1","unknown","","入力ファイルを取り込む","","Hardcoded UI copy. Migrate to i18n before automatic replacement."
"hardcoded.138212d14b","frontstage","hardcoded","src/app/output-center/page.tsx","148","1","unknown","","既存の出力","","Hardcoded UI copy. Migrate to i18n before automatic replacement."
"hardcoded.c8e021a1cb","frontstage","hardcoded","src/app/output-center/page.tsx","149","1","unknown","","物件概要書や提案関連の既存出力は補助機能として残しています。","","Hardcoded UI copy. Migrate to i18n before automatic replacement."
"hardcoded.4257ab10d6","frontstage","hardcoded","src/app/output-center/page.tsx","159","2","unknown","","目标物件","","Hardcoded UI copy. Migrate to i18n before automatic replacement."
"hardcoded.2866651efb","frontstage","hardcoded","src/app/output-center/page.tsx","230","1","unknown","","目标案件","","Hardcoded UI copy. Migrate to i18n before automatic replacement."
"hardcoded.69c765dfe7","frontstage","hardcoded","src/app/output-center/page.tsx","402","1","unknown","","原本差替え","","Hardcoded UI copy. Migrate to i18n before automatic replacement."
"hardcoded.009a554a79","frontstage","hardcoded","src/app/output-center/page.tsx","705","1","unknown","","提案の物件価格が未設定です。","","Hardcoded UI copy. Migrate to i18n before automatic replacement."
"hardcoded.b083f4d737","frontstage","hardcoded","src/app/output-center/page.tsx","710","1","unknown","","提案サマリーが未入力です。","","Hardcoded UI copy. Migrate to i18n before automatic replacement."
"hardcoded.def2ff29d6","frontstage","hardcoded","src/app/output-center/page.tsx","715","1","unknown","","対象物件を選択してください。","","Hardcoded UI copy. Migrate to i18n before automatic replacement."
"hardcoded.15a4de749a","frontstage","hardcoded","src/app/output-center/page.tsx","720","1","unknown","","対象関係者を選択してください。","","Hardcoded UI copy. Migrate to i18n before automatic replacement."
"hardcoded.260c698de9","frontstage","hardcoded","src/app/output-center/page.tsx","725","1","unknown","","費用見積明細書に必要な費用内訳が不足しています。","","Hardcoded UI copy. Migrate to i18n before automatic replacement."
"hardcoded.81226b8137","frontstage","hardcoded","src/app/output-center/page.tsx","730","1","unknown","","資金計画書の頭金が未設定です。","","Hardcoded UI copy. Migrate to i18n before automatic replacement."
"hardcoded.eab8c6d69c","frontstage","hardcoded","src/app/output-center/page.tsx","735","1","unknown","","資金計画書の借入額が未設定です。","","Hardcoded UI copy. Migrate to i18n before automatic replacement."
"hardcoded.c9b394a533","frontstage","hardcoded","src/app/output-center/page.tsx","740","1","unknown","","資金計画書の月々返済額が未設定です。","","Hardcoded UI copy. Migrate to i18n before automatic replacement."
"hardcoded.3189cb8bfa","frontstage","hardcoded","src/app/output-center/page.tsx","745","1","unknown","","資金計画書の金利が未設定です。","","Hardcoded UI copy. Migrate to i18n before automatic replacement."
"hardcoded.186f6547fd","frontstage","hardcoded","src/app/output-center/page.tsx","750","1","unknown","","資金計画書の返済年数が未設定です。","","Hardcoded UI copy. Migrate to i18n before automatic replacement."
"hardcoded.9531afaed1","frontstage","hardcoded","src/app/output-center/page.tsx","773","1","unknown","","提案を編集","","Hardcoded UI copy. Migrate to i18n before automatic replacement."
"hardcoded.7c6c05a3c5","frontstage","hardcoded","src/app/output-center/page.tsx","780","2","unknown","","物件台帳へ","","Hardcoded UI copy. Migrate to i18n before automatic replacement."
"hardcoded.a3585be687","frontstage","hardcoded","src/app/output-center/page.tsx","780","2","unknown","","前往物件台账","","Hardcoded UI copy. Migrate to i18n before automatic replacement."
"hardcoded.bfa9b8c37a","frontstage","hardcoded","src/app/output-center/page.tsx","787","1","unknown","","関係者台帳へ","","Hardcoded UI copy. Migrate to i18n before automatic replacement."
"hardcoded.351f091ba4","frontstage","hardcoded","src/app/output-center/page.tsx","792","1","unknown","","帳票を出力しました。","","Hardcoded UI copy. Migrate to i18n before automatic replacement."
"hardcoded.a8b8c27f61","frontstage","hardcoded","src/app/output-center/page.tsx","797","1","unknown","","生成チェックで不足項目が見つかりました。","","Hardcoded UI copy. Migrate to i18n before automatic replacement."
"hardcoded.c79ff1a7ce","frontstage","hardcoded","src/app/output-center/page.tsx","822","1","unknown","","以下の項目を先に補完してください:","","Hardcoded UI copy. Migrate to i18n before automatic replacement."
"hardcoded.c853355516","frontstage","hardcoded","src/app/output-center/page.tsx","850","1","unknown","","3ステップで申込書作成","","Hardcoded UI copy. Migrate to i18n before automatic replacement."
"hardcoded.c1acb04d37","frontstage","hardcoded","src/app/output-center/page.tsx","1009","1","unknown","","先にプレビュー校正","","Hardcoded UI copy. Migrate to i18n before automatic replacement."
"hardcoded.ae4d970ced","frontstage","hardcoded","src/app/output-center/page.tsx","1094","1","unknown","","プレビュー校正後に保存","","Hardcoded UI copy. Migrate to i18n before automatic replacement."
"hardcoded.cafdd400ae","frontstage","hardcoded","src/app/output-center/page.tsx","1112","1","unknown","","このテンプレートはまだ直ダウンロード対象ではありません。編集可能プレビューで印字位置、長短テキスト、分割マスを確認してから保存します。","","Hardcoded UI copy. Migrate to i18n before automatic replacement."
"hardcoded.00f96e2afa","frontstage","hardcoded","src/app/output-center/page.tsx","1151","1","unknown","","項目保存","","Hardcoded UI copy. Migrate to i18n before automatic replacement."
"hardcoded.41a753af83","frontstage","hardcoded","src/app/output-center/page.tsx","1420","1","unknown","","物件台帳から選択","","Hardcoded UI copy. Migrate to i18n before automatic replacement."
"hardcoded.472d127d29","frontstage","hardcoded","src/app/output-center/page.tsx","1434","1","unknown","","対象物件が未選択です","","Hardcoded UI copy. Migrate to i18n before automatic replacement."
"hardcoded.654a32c3d1","frontstage","hardcoded","src/app/output-center/page.tsx","1441","1","unknown","","出力記録を正しい物件に紐づけるため、物件台帳の PDF 入口から遷移してください。","","Hardcoded UI copy. Migrate to i18n before automatic replacement."
"hardcoded.0b943dc6a8","frontstage","hardcoded","src/app/output-center/page.tsx","1460","1","unknown","","関係者を指定しない","","Hardcoded UI copy. Migrate to i18n before automatic replacement."
"hardcoded.147f8781d6","frontstage","hardcoded","src/app/output-center/page.tsx","1509","1","unknown","","生成前確認","","Hardcoded UI copy. Migrate to i18n before automatic replacement."
"hardcoded.ca8da527cf","frontstage","hardcoded","src/app/output-center/page.tsx","1512","1","unknown","","テンプレート調整","","Hardcoded UI copy. Migrate to i18n before automatic replacement."
"hardcoded.24d0054ea5","frontstage","hardcoded","src/app/output-center/page.tsx","1635","1","unknown","","今出力した帳票です","","Hardcoded UI copy. Migrate to i18n before automatic replacement."
"hardcoded.714946d267","frontstage","hardcoded","src/app/page.tsx","134","1","unknown","","資料管理センター","","Hardcoded UI copy. Migrate to i18n before automatic replacement."
"hardcoded.55cbfd8cab","frontstage","hardcoded","src/app/page.tsx","135","1","unknown","","案件、顧客、物件、資料のつながりをまとめて確認します。","","Hardcoded UI copy. Migrate to i18n before automatic replacement."
"hardcoded.0e5b8d2c63","frontstage","hardcoded","src/app/page.tsx","136","1","unknown","","まず何をしますか","","Hardcoded UI copy. Migrate to i18n before automatic replacement."
"hardcoded.2703f05abb","frontstage","hardcoded","src/app/page.tsx","137","1","unknown","","案件を作る、資料を読む、足りない情報を整理する、申込書を出す。よく使う順番だけを先に置いています。","","Hardcoded UI copy. Migrate to i18n before automatic replacement."
"hardcoded.543def3bb6","frontstage","hardcoded","src/app/page.tsx","138","1","unknown","","対象ワークスペース","","Hardcoded UI copy. Migrate to i18n before automatic replacement."
"hardcoded.49cc5746c2","frontstage","hardcoded","src/app/page.tsx","139","1","unknown","","顧客、物件、案件、資料、出力書類を検索","","Hardcoded UI copy. Migrate to i18n before automatic replacement."
"hardcoded.a8e5152705","frontstage","hardcoded","src/app/page.tsx","141","1","unknown","","クリア","","Hardcoded UI copy. Migrate to i18n before automatic replacement."
"hardcoded.c8969eabe2","frontstage","hardcoded","src/app/page.tsx","142","1","unknown","","案件を作る","","Hardcoded UI copy. Migrate to i18n before automatic replacement."
"hardcoded.cc952da1a3","frontstage","hardcoded","src/app/page.tsx","143","1","unknown","","資料がなくても、先に案件・顧客・物件を作れます。","","Hardcoded UI copy. Migrate to i18n before automatic replacement."
"hardcoded.a8f3c0eddf","frontstage","hardcoded","src/app/page.tsx","144","1","unknown","","資料を読む","","Hardcoded UI copy. Migrate to i18n before automatic replacement."
"hardcoded.d9c36b2c2d","frontstage","hardcoded","src/app/page.tsx","145","1","unknown","","Excel、在留カード、免許証などを読み取ります。","","Hardcoded UI copy. Migrate to i18n before automatic replacement."
"hardcoded.16b8238705","frontstage","hardcoded","src/app/page.tsx","146","1","unknown","","足りない情報を入れる","","Hardcoded UI copy. Migrate to i18n before automatic replacement."
"hardcoded.2d85d41b79","frontstage","hardcoded","src/app/page.tsx","147","1","unknown","","未入力や確認待ちの項目だけを続けて整理します。","","Hardcoded UI copy. Migrate to i18n before automatic replacement."
"hardcoded.2e00df454d","frontstage","hardcoded","src/app/page.tsx","148","1","unknown","","現在の整理状況","","Hardcoded UI copy. Migrate to i18n before automatic replacement."
"hardcoded.57de8693a0","frontstage","hardcoded","src/app/page.tsx","149","1","unknown","","種類で見る","","Hardcoded UI copy. Migrate to i18n before automatic replacement."
"hardcoded.ddb4fbc917","frontstage","hardcoded","src/app/page.tsx","150","1","unknown","","資料マップ","","Hardcoded UI copy. Migrate to i18n before automatic replacement."
"hardcoded.bedbe99370","frontstage","hardcoded","src/app/page.tsx","151","1","unknown","","案件、顧客、物件、資料ファイルを並べて確認します。","","Hardcoded UI copy. Migrate to i18n before automatic replacement."
"hardcoded.3fdbfddbe3","frontstage","hardcoded","src/app/page.tsx","152","1","unknown","","案件を作成・資料を追加","","Hardcoded UI copy. Migrate to i18n before automatic replacement."
"hardcoded.51673ee5f4","frontstage","hardcoded","src/app/page.tsx","153","1","unknown","","案件、顧客、物件を作成し、必要な資料を追加します。","","Hardcoded UI copy. Migrate to i18n before automatic replacement."
"hardcoded.4ade369a6f","frontstage","hardcoded","src/app/page.tsx","155","1","unknown","","案件を選び、テンプレートを確認して出力します。","","Hardcoded UI copy. Migrate to i18n before automatic replacement."
"hardcoded.d01e3f711c","frontstage","hardcoded","src/app/page.tsx","156","1","unknown","","紐付いた資料","","Hardcoded UI copy. Migrate to i18n before automatic replacement."
"hardcoded.72c3bcf2cc","frontstage","hardcoded","src/app/page.tsx","158","1","unknown","","まだ紐付いた資料がありません。","","Hardcoded UI copy. Migrate to i18n before automatic replacement."
"hardcoded.75c380f052","frontstage","hardcoded","src/app/page.tsx","160","1","unknown","","資料索引","","Hardcoded UI copy. Migrate to i18n before automatic replacement."
"hardcoded.f2e2a1cb45","frontstage","hardcoded","src/app/page.tsx","165","1","unknown","","顧客/関係者","","Hardcoded UI copy. Migrate to i18n before automatic replacement."
"hardcoded.8742fa9dac","frontstage","hardcoded","src/app/page.tsx","167","1","unknown","","資料ファイル","","Hardcoded UI copy. Migrate to i18n before automatic replacement."
"hardcoded.907f3cfd33","frontstage","hardcoded","src/app/page.tsx","168","1","unknown","","出力書類","","Hardcoded UI copy. Migrate to i18n before automatic replacement."
"hardcoded.9d64fff46e","frontstage","hardcoded","src/app/page.tsx","169","2","unknown","","契約/提案","","Hardcoded UI copy. Migrate to i18n before automatic replacement."
"hardcoded.6c106261a5","frontstage","hardcoded","src/app/page.tsx","172","1","unknown","","表示できる対象がありません。","","Hardcoded UI copy. Migrate to i18n before automatic replacement."
"hardcoded.b8195348f5","frontstage","hardcoded","src/app/page.tsx","177","1","unknown","","詳細を見る","","Hardcoded UI copy. Migrate to i18n before automatic replacement."
"hardcoded.614f2eaaff","frontstage","hardcoded","src/app/page.tsx","183","1","unknown","","作成","","Hardcoded UI copy. Migrate to i18n before automatic replacement."
"hardcoded.5d8abd910c","frontstage","hardcoded","src/app/page.tsx","191","2","unknown","","関連案件","","Hardcoded UI copy. Migrate to i18n before automatic replacement."
"hardcoded.e573bf8d83","frontstage","hardcoded","src/app/page.tsx","195","1","unknown","","資料種別","","Hardcoded UI copy. Migrate to i18n before automatic replacement."
"hardcoded.44b6523655","frontstage","hardcoded","src/app/page.tsx","198","1","unknown","","表示できる履歴はまだありません。","","Hardcoded UI copy. Migrate to i18n before automatic replacement."
"hardcoded.d67ee8befb","frontstage","hardcoded","src/app/page.tsx","201","1","unknown","","案件内に確認が必要な情報があります。関係者、物件、費用などを補完してください。","","Hardcoded UI copy. Migrate to i18n before automatic replacement."
"hardcoded.b5493f5f4a","frontstage","hardcoded","src/app/page.tsx","202","1","unknown","","案件データは整理済みです。内容確認や資料追加を続けられます。","","Hardcoded UI copy. Migrate to i18n before automatic replacement."
"hardcoded.0e05cb03ff","frontstage","hardcoded","src/app/page.tsx","203","1","unknown","","基本情報は整理済みです。必要に応じて内容を確認できます。","","Hardcoded UI copy. Migrate to i18n before automatic replacement."
"hardcoded.1a578ebaa2","frontstage","hardcoded","src/app/page.tsx","204","1","unknown","","関係者情報が不足しています。連絡先や役割を確認してください。","","Hardcoded UI copy. Migrate to i18n before automatic replacement."
"hardcoded.f603cda73e","frontstage","hardcoded","src/app/page.tsx","205","1","unknown","","物件情報が不足しています。案件へ紐付ける前に確認してください。","","Hardcoded UI copy. Migrate to i18n before automatic replacement."
"hardcoded.f5f0c3275e","frontstage","hardcoded","src/app/page.tsx","206","1","unknown","","資料の紐付け先がまだ確定していません。","","Hardcoded UI copy. Migrate to i18n before automatic replacement."
"hardcoded.e979dd1446","frontstage","hardcoded","src/app/page.tsx","207","1","unknown","","この資料を対象の案件、関係者、物件へ整理してください。","","Hardcoded UI copy. Migrate to i18n before automatic replacement."
"hardcoded.ae3490ebee","frontstage","hardcoded","src/app/page.tsx","208","1","unknown","","この資料は整理済みです。必要に応じて内容を確認できます。","","Hardcoded UI copy. Migrate to i18n before automatic replacement."
"hardcoded.d1055e71b7","frontstage","hardcoded","src/app/page.tsx","209","1","unknown","","関係者が未設定です。案件で顧客/関係者を確認してください。","","Hardcoded UI copy. Migrate to i18n before automatic replacement."
"hardcoded.67d174fcd7","frontstage","hardcoded","src/app/page.tsx","210","1","unknown","","物件が未設定です。案件で物件を確認してください。","","Hardcoded UI copy. Migrate to i18n before automatic replacement."
"hardcoded.e73b3dad64","frontstage","hardcoded","src/app/page.tsx","211","1","unknown","","紐付いた資料に未整理のものがあります。","","Hardcoded UI copy. Migrate to i18n before automatic replacement."
"hardcoded.e551398a89","frontstage","hardcoded","src/components/app-nav.tsx","27","1","unknown","","メンバー/権限","","Hardcoded UI copy. Migrate to i18n before automatic replacement."
"hardcoded.7c6b5b7eb9","frontstage","hardcoded","src/components/app-nav.tsx","28","1","unknown","","テンプレート管理","","Hardcoded UI copy. Migrate to i18n before automatic replacement."
"hardcoded.814aab37ce","frontstage","hardcoded","src/components/app-nav.tsx","28","1","unknown","","模板管理","","Hardcoded UI copy. Migrate to i18n before automatic replacement."
"hardcoded.a34d000c89","frontstage","hardcoded","src/components/app-nav.tsx","29","1","unknown","","出力テンプレート","","Hardcoded UI copy. Migrate to i18n before automatic replacement."
"hardcoded.9423cf0211","frontstage","hardcoded","src/components/app-nav.tsx","30","1","unknown","","整理項目","","Hardcoded UI copy. Migrate to i18n before automatic replacement."
"hardcoded.3c553862c6","frontstage","hardcoded","src/components/app-nav.tsx","62","1","unknown","","資料管理 / 作成・資料登録 / 整理 / 出力","","Hardcoded UI copy. Migrate to i18n before automatic replacement."
"hardcoded.0ea1bbb41a","frontstage","hardcoded","src/components/board-kanban.tsx","33","1","unknown","","顧客カードを別ステージへドラッグすると更新されます。","","Hardcoded UI copy. Migrate to i18n before automatic replacement."
"hardcoded.d70d425039","frontstage","hardcoded","src/components/board-kanban.tsx","34","2","unknown","","保存中...","","Hardcoded UI copy. Migrate to i18n before automatic replacement."
"hardcoded.48dbdd8e15","frontstage","hardcoded","src/components/board-kanban.tsx","35","1","unknown","","ステージ更新に失敗しました。","","Hardcoded UI copy. Migrate to i18n before automatic replacement."
"hardcoded.351ba363af","frontstage","hardcoded","src/components/board-kanban.tsx","40","1","unknown","","顧客なし","","Hardcoded UI copy. Migrate to i18n before automatic replacement."
"hardcoded.d959f45a8c","frontstage","hardcoded","src/components/board-kanban.tsx","41","1","unknown","","ボード操作","","Hardcoded UI copy. Migrate to i18n before automatic replacement."
"hardcoded.996bc42dd0","frontstage","hardcoded","src/components/client-form.tsx","53","1","unknown","","C. 契約・法定対応","","Hardcoded UI copy. Migrate to i18n before automatic replacement."
"hardcoded.3ea9b1259d","frontstage","hardcoded","src/components/client-form.tsx","54","1","unknown","","D. フォロー設定","","Hardcoded UI copy. Migrate to i18n before automatic replacement."
"hardcoded.893793b5f9","frontstage","hardcoded","src/components/client-form.tsx","58","4","unknown","","メールアドレス","","Hardcoded UI copy. Migrate to i18n before automatic replacement."
"hardcoded.eff36568c6","frontstage","hardcoded","src/components/client-form.tsx","62","2","unknown","","第1希望エリア","","Hardcoded UI copy. Migrate to i18n before automatic replacement."
"hardcoded.f25a934b03","frontstage","hardcoded","src/components/client-form.tsx","63","2","unknown","","第2希望エリア","","Hardcoded UI copy. Migrate to i18n before automatic replacement."
"hardcoded.f3c5889f06","frontstage","hardcoded","src/components/client-form.tsx","71","1","unknown","","契約書面交付日（37条）","","Hardcoded UI copy. Migrate to i18n before automatic replacement."
"hardcoded.2e71370827","frontstage","hardcoded","src/components/client-form.tsx","72","1","unknown","","個人情報利用目的同意確認日","","Hardcoded UI copy. Migrate to i18n before automatic replacement."
"hardcoded.809572b099","frontstage","hardcoded","src/components/client-form.tsx","73","1","unknown","","希望メモ / 初回ヒアリング要点","","Hardcoded UI copy. Migrate to i18n before automatic replacement."
"hardcoded.04d957115f","frontstage","hardcoded","src/components/client-form.tsx","74","1","unknown","","顧客を保存","","Hardcoded UI copy. Migrate to i18n before automatic replacement."
"hardcoded.10cb0a5beb","frontstage","hardcoded","src/components/client-form.tsx","75","1","unknown","","保存して提案作成","","Hardcoded UI copy. Migrate to i18n before automatic replacement."
"hardcoded.383b81a9d2","frontstage","hardcoded","src/components/client-form.tsx","76","1","unknown","","変更を保存","","Hardcoded UI copy. Migrate to i18n before automatic replacement."
"hardcoded.60b4ae9082","frontstage","hardcoded","src/components/client-form.tsx","105","1","unknown","","保存修改","","Hardcoded UI copy. Migrate to i18n before automatic replacement."
"hardcoded.1e0eff1087","frontstage","hardcoded","src/components/copy-text-button.tsx","15","1","unknown","","コピー済み","","Hardcoded UI copy. Migrate to i18n before automatic replacement."
"hardcoded.88b5c4d652","frontstage","hardcoded","src/components/copy-text-button.tsx","15","1","unknown","","提案文をコピー","","Hardcoded UI copy. Migrate to i18n before automatic replacement."
"hardcoded.0b2e020717","frontstage","hardcoded","src/components/form-draft-assist.tsx","39","1","unknown","","下書きがあります","","Hardcoded UI copy. Migrate to i18n before automatic replacement."
"hardcoded.869432aff1","frontstage","hardcoded","src/components/form-draft-assist.tsx","42","1","unknown","","前回入力があります","","Hardcoded UI copy. Migrate to i18n before automatic replacement."
"hardcoded.9142bf8813","frontstage","hardcoded","src/components/form-draft-assist.tsx","45","1","unknown","","自動保存","","Hardcoded UI copy. Migrate to i18n before automatic replacement."
"hardcoded.48eafb29f0","frontstage","hardcoded","src/components/form-draft-assist.tsx","55","1","unknown","","自动保存","","Hardcoded UI copy. Migrate to i18n before automatic replacement."
"hardcoded.1e3bb9dc84","frontstage","hardcoded","src/components/friends-guarantee-calibration-preview.tsx","120","1","unknown","","申込日/入居日","","Hardcoded UI copy. Migrate to i18n before automatic replacement."
"hardcoded.a446db8f67","frontstage","hardcoded","src/components/friends-guarantee-calibration-preview.tsx","121","1","unknown","","物件内容/代理店記入欄","","Hardcoded UI copy. Migrate to i18n before automatic replacement."
"hardcoded.759c07b3a6","frontstage","hardcoded","src/components/friends-guarantee-calibration-preview.tsx","122","6","unknown","","申込者・賃借人","","Hardcoded UI copy. Migrate to i18n before automatic replacement."
"hardcoded.3c4bab7e52","frontstage","hardcoded","src/components/friends-guarantee-calibration-preview.tsx","124","1","unknown","","連帯保証人/緊急連絡先","","Hardcoded UI copy. Migrate to i18n before automatic replacement."
"hardcoded.6de6ee498a","frontstage","hardcoded","src/components/friends-guarantee-calibration-preview.tsx","125","5","unknown","","この表の全項目","","Hardcoded UI copy. Migrate to i18n before automatic replacement."
"hardcoded.d67d4ee869","frontstage","hardcoded","src/components/friends-guarantee-calibration-preview.tsx","126","5","unknown","","その他/未分類","","Hardcoded UI copy. Migrate to i18n before automatic replacement."
"hardcoded.7c684b2b6f","frontstage","hardcoded","src/components/friends-guarantee-calibration-preview.tsx","131","1","unknown","","2 日本セーフティー","","Hardcoded UI copy. Migrate to i18n before automatic replacement."
"hardcoded.8895018654","frontstage","hardcoded","src/components/friends-guarantee-calibration-preview.tsx","134","1","unknown","","お申込者記入欄","","Hardcoded UI copy. Migrate to i18n before automatic replacement."
"hardcoded.a97a54cb30","frontstage","hardcoded","src/components/friends-guarantee-calibration-preview.tsx","135","1","unknown","","勤務先情報","","Hardcoded UI copy. Migrate to i18n before automatic replacement."
"hardcoded.6406c04a2d","frontstage","hardcoded","src/components/friends-guarantee-calibration-preview.tsx","136","1","unknown","","取扱店記入欄/物件","","Hardcoded UI copy. Migrate to i18n before automatic replacement."
"hardcoded.d9786d8441","frontstage","hardcoded","src/components/friends-guarantee-calibration-preview.tsx","137","4","unknown","","入居者","","Hardcoded UI copy. Migrate to i18n before automatic replacement."
"hardcoded.cce3d654c5","frontstage","hardcoded","src/components/friends-guarantee-calibration-preview.tsx","146","1","unknown","","3 Jリース","","Hardcoded UI copy. Migrate to i18n before automatic replacement."
"hardcoded.80965793d4","frontstage","hardcoded","src/components/friends-guarantee-calibration-preview.tsx","150","3","unknown","","勤務先・収入","","Hardcoded UI copy. Migrate to i18n before automatic replacement."
"hardcoded.b4ae88cf32","frontstage","hardcoded","src/components/friends-guarantee-calibration-preview.tsx","151","1","unknown","","物件利用業態/事業内容","","Hardcoded UI copy. Migrate to i18n before automatic replacement."
"hardcoded.ee54e7df90","frontstage","hardcoded","src/components/friends-guarantee-calibration-preview.tsx","152","1","unknown","","事業用申込/同居人","","Hardcoded UI copy. Migrate to i18n before automatic replacement."
"hardcoded.381e51ecb5","frontstage","hardcoded","src/components/friends-guarantee-calibration-preview.tsx","154","1","unknown","","連帯保証人予定者","","Hardcoded UI copy. Migrate to i18n before automatic replacement."
"hardcoded.8e0371fe22","frontstage","hardcoded","src/components/friends-guarantee-calibration-preview.tsx","155","1","unknown","","申込日/入居予定日/物件・賃料","","Hardcoded UI copy. Migrate to i18n before automatic replacement."
"hardcoded.267b47e363","frontstage","hardcoded","src/components/friends-guarantee-calibration-preview.tsx","162","1","unknown","","4 インシュア","","Hardcoded UI copy. Migrate to i18n before automatic replacement."
"hardcoded.819f3ad087","frontstage","hardcoded","src/components/friends-guarantee-calibration-preview.tsx","165","5","unknown","","申込者","","Hardcoded UI copy. Migrate to i18n before automatic replacement."
"hardcoded.14e4e8a5ad","frontstage","hardcoded","src/components/friends-guarantee-calibration-preview.tsx","167","1","unknown","","物件/賃料","","Hardcoded UI copy. Migrate to i18n before automatic replacement."
"hardcoded.1c4591f8c7","frontstage","hardcoded","src/components/friends-guarantee-calibration-preview.tsx","169","1","unknown","","緊急連絡先/保証人","","Hardcoded UI copy. Migrate to i18n before automatic replacement."
"hardcoded.c9ec5ec6f8","frontstage","hardcoded","src/components/friends-guarantee-calibration-preview.tsx","170","1","unknown","","プラン/確認項目","","Hardcoded UI copy. Migrate to i18n before automatic replacement."
"hardcoded.8441ce3269","frontstage","hardcoded","src/components/friends-guarantee-calibration-preview.tsx","177","1","unknown","","5 ふれんず保証","","Hardcoded UI copy. Migrate to i18n before automatic replacement."
"hardcoded.adbf2abdc1","frontstage","hardcoded","src/components/friends-guarantee-calibration-preview.tsx","180","1","unknown","","物件内容","","Hardcoded UI copy. Migrate to i18n before automatic replacement."
"hardcoded.a9f631e2a8","frontstage","hardcoded","src/components/friends-guarantee-calibration-preview.tsx","183","5","unknown","","連帯保証人","","Hardcoded UI copy. Migrate to i18n before automatic replacement."
"hardcoded.81c85ad25a","frontstage","hardcoded","src/components/friends-guarantee-calibration-preview.tsx","196","1","unknown","","そのまま","","Hardcoded UI copy. Migrate to i18n before automatic replacement."
"hardcoded.85c0f6af0a","frontstage","hardcoded","src/components/friends-guarantee-calibration-preview.tsx","202","1","unknown","","日付 年だけ","","Hardcoded UI copy. Migrate to i18n before automatic replacement."
"hardcoded.28d36d1f91","frontstage","hardcoded","src/components/friends-guarantee-calibration-preview.tsx","203","1","unknown","","日付 年だけ(下2桁)","","Hardcoded UI copy. Migrate to i18n before automatic replacement."
"hardcoded.2abbf80471","frontstage","hardcoded","src/components/friends-guarantee-calibration-preview.tsx","204","1","unknown","","日付 月だけ","","Hardcoded UI copy. Migrate to i18n before automatic replacement."
"hardcoded.5bb7ef7e06","frontstage","hardcoded","src/components/friends-guarantee-calibration-preview.tsx","205","1","unknown","","日付 日だけ","","Hardcoded UI copy. Migrate to i18n before automatic replacement."
"hardcoded.9cc62e7a41","frontstage","hardcoded","src/components/friends-guarantee-calibration-preview.tsx","206","1","unknown","","電話 数字のみ","","Hardcoded UI copy. Migrate to i18n before automatic replacement."
"hardcoded.b7b26280c4","frontstage","hardcoded","src/components/friends-guarantee-calibration-preview.tsx","207","1","unknown","","電話 前段","","Hardcoded UI copy. Migrate to i18n before automatic replacement."
"hardcoded.4967054518","frontstage","hardcoded","src/components/friends-guarantee-calibration-preview.tsx","208","1","unknown","","電話 中段","","Hardcoded UI copy. Migrate to i18n before automatic replacement."
"hardcoded.2c4ec2b74b","frontstage","hardcoded","src/components/friends-guarantee-calibration-preview.tsx","209","1","unknown","","電話 後段","","Hardcoded UI copy. Migrate to i18n before automatic replacement."
"hardcoded.9c67c9572f","frontstage","hardcoded","src/components/friends-guarantee-calibration-preview.tsx","210","1","unknown","","年数だけ","","Hardcoded UI copy. Migrate to i18n before automatic replacement."
"hardcoded.98d4a12101","frontstage","hardcoded","src/components/friends-guarantee-calibration-preview.tsx","211","1","unknown","","住所 都道府県","","Hardcoded UI copy. Migrate to i18n before automatic replacement."
"hardcoded.7fc887147f","frontstage","hardcoded","src/components/friends-guarantee-calibration-preview.tsx","212","1","unknown","","住所 市区町村","","Hardcoded UI copy. Migrate to i18n before automatic replacement."
"hardcoded.e6c1c84f6a","frontstage","hardcoded","src/components/friends-guarantee-calibration-preview.tsx","213","1","unknown","","住所 町名番地（市区町村以降）","","Hardcoded UI copy. Migrate to i18n before automatic replacement."
"hardcoded.569a48b6bb","frontstage","hardcoded","src/components/friends-guarantee-calibration-preview.tsx","214","1","unknown","","住所 市区町村＋町名番地","","Hardcoded UI copy. Migrate to i18n before automatic replacement."
"hardcoded.d2fa709d17","frontstage","hardcoded","src/components/friends-guarantee-calibration-preview.tsx","219","1","unknown","","前半だけ","","Hardcoded UI copy. Migrate to i18n before automatic replacement."
"hardcoded.8d8521d7fe","frontstage","hardcoded","src/components/friends-guarantee-calibration-preview.tsx","220","1","unknown","","後半だけ","","Hardcoded UI copy. Migrate to i18n before automatic replacement."
"hardcoded.7177787c6e","frontstage","hardcoded","src/components/friends-guarantee-calibration-preview.tsx","272","7","unknown","","電話","","Hardcoded UI copy. Migrate to i18n before automatic replacement."
"hardcoded.aafb267554","frontstage","hardcoded","src/components/friends-guarantee-calibration-preview.tsx","280","1","unknown","","案件標準字段","","Hardcoded UI copy. Migrate to i18n before automatic replacement."
"hardcoded.136b77051d","frontstage","hardcoded","src/components/friends-guarantee-calibration-preview.tsx","281","1","unknown","","出力処理","","Hardcoded UI copy. Migrate to i18n before automatic replacement."
"hardcoded.7eeedd910e","frontstage","hardcoded","src/components/friends-guarantee-calibration-preview.tsx","336","1","unknown","","住所 全文","","Hardcoded UI copy. Migrate to i18n before automatic replacement."
"hardcoded.0a16e72385","frontstage","hardcoded","src/components/friends-guarantee-calibration-preview.tsx","340","1","unknown","","電話 全文","","Hardcoded UI copy. Migrate to i18n before automatic replacement."
"hardcoded.75898e1646","frontstage","hardcoded","src/components/friends-guarantee-calibration-preview.tsx","532","1","unknown","","電話1","","Hardcoded UI copy. Migrate to i18n before automatic replacement."
"hardcoded.82e3e3bfd6","frontstage","hardcoded","src/components/friends-guarantee-calibration-preview.tsx","533","1","unknown","","電話2","","Hardcoded UI copy. Migrate to i18n before automatic replacement."
"hardcoded.cd3f9c0e9c","frontstage","hardcoded","src/components/friends-guarantee-calibration-preview.tsx","534","1","unknown","","電話3","","Hardcoded UI copy. Migrate to i18n before automatic replacement."
"hardcoded.7e07ed56d6","frontstage","hardcoded","src/components/friends-guarantee-calibration-preview.tsx","539","1","unknown","","住所後半","","Hardcoded UI copy. Migrate to i18n before automatic replacement."
"hardcoded.bdf20c76e8","frontstage","hardcoded","src/components/friends-guarantee-calibration-preview.tsx","585","2","unknown","","绑定済み","","Hardcoded UI copy. Migrate to i18n before automatic replacement."
"hardcoded.1e2f5b68ac","frontstage","hardcoded","src/components/friends-guarantee-calibration-preview.tsx","591","2","unknown","","値あり","","Hardcoded UI copy. Migrate to i18n before automatic replacement."
"hardcoded.b5d52d06fc","frontstage","hardcoded","src/components/friends-guarantee-calibration-preview.tsx","1039","1","unknown","","追加欄がありません。","","Hardcoded UI copy. Migrate to i18n before automatic replacement."
"hardcoded.a7988ccec1","frontstage","hardcoded","src/components/friends-guarantee-calibration-preview.tsx","1047","1","unknown","","未绑定の追加欄がありません。","","Hardcoded UI copy. Migrate to i18n before automatic replacement."
"hardcoded.8bb7c1d916","frontstage","hardcoded","src/components/friends-guarantee-calibration-preview.tsx","1052","1","unknown","","AIと位置情報から未绑定欄の字段候補を推定。空の全表框体にだけ使用できます。","","Hardcoded UI copy. Migrate to i18n before automatic replacement."
"hardcoded.df7530dd55","frontstage","hardcoded","src/components/friends-guarantee-calibration-preview.tsx","1251","4","unknown","","現住所 郵便番号","","Hardcoded UI copy. Migrate to i18n before automatic replacement."
"hardcoded.b5d7320447","frontstage","hardcoded","src/components/friends-guarantee-calibration-preview.tsx","1256","4","unknown","","勤務先 郵便番号","","Hardcoded UI copy. Migrate to i18n before automatic replacement."
"hardcoded.c5c09e2ebe","frontstage","hardcoded","src/components/friends-guarantee-calibration-preview.tsx","1261","2","unknown","","緊急連絡先 郵便番号","","Hardcoded UI copy. Migrate to i18n before automatic replacement."
"hardcoded.c87252db55","frontstage","hardcoded","src/components/friends-guarantee-calibration-preview.tsx","1266","1","unknown","","連帯保証人 郵便番号","","Hardcoded UI copy. Migrate to i18n before automatic replacement."
"hardcoded.fb224ae4f3","frontstage","hardcoded","src/components/friends-guarantee-calibration-preview.tsx","1271","1","unknown","","携帯電話 前段","","Hardcoded UI copy. Migrate to i18n before automatic replacement."
"hardcoded.d465cfca04","frontstage","hardcoded","src/components/friends-guarantee-calibration-preview.tsx","1276","1","unknown","","携帯電話 中段","","Hardcoded UI copy. Migrate to i18n before automatic replacement."
"hardcoded.88d7884568","frontstage","hardcoded","src/components/friends-guarantee-calibration-preview.tsx","1281","1","unknown","","携帯電話 後段","","Hardcoded UI copy. Migrate to i18n before automatic replacement."
"hardcoded.23bc4293c0","frontstage","hardcoded","src/components/friends-guarantee-calibration-preview.tsx","1286","2","unknown","","緊急連絡先 フリガナ","","Hardcoded UI copy. Migrate to i18n before automatic replacement."
"hardcoded.0104f03940","frontstage","hardcoded","src/components/friends-guarantee-calibration-preview.tsx","1289","2","unknown","","緊急連絡先 氏名","","Hardcoded UI copy. Migrate to i18n before automatic replacement."
"hardcoded.1b0a75f874","frontstage","hardcoded","src/components/friends-guarantee-calibration-preview.tsx","1292","2","unknown","","緊急連絡先 性別","","Hardcoded UI copy. Migrate to i18n before automatic replacement."
"hardcoded.abda36431e","frontstage","hardcoded","src/components/friends-guarantee-calibration-preview.tsx","1296","2","unknown","","緊急連絡先 続柄","","Hardcoded UI copy. Migrate to i18n before automatic replacement."
"hardcoded.f971f2ce83","frontstage","hardcoded","src/components/friends-guarantee-calibration-preview.tsx","1300","1","unknown","","緊急連絡先 生年月日 年","","Hardcoded UI copy. Migrate to i18n before automatic replacement."
"hardcoded.06eca6dd6e","frontstage","hardcoded","src/components/friends-guarantee-calibration-preview.tsx","1305","1","unknown","","緊急連絡先 生年月日 月","","Hardcoded UI copy. Migrate to i18n before automatic replacement."
"hardcoded.aabcf1678d","frontstage","hardcoded","src/components/friends-guarantee-calibration-preview.tsx","1310","1","unknown","","緊急連絡先 生年月日 日","","Hardcoded UI copy. Migrate to i18n before automatic replacement."
"hardcoded.90589602e0","frontstage","hardcoded","src/components/friends-guarantee-calibration-preview.tsx","1321","2","unknown","","緊急連絡先 都道府県","","Hardcoded UI copy. Migrate to i18n before automatic replacement."
"hardcoded.9a1ccd27fe","frontstage","hardcoded","src/components/friends-guarantee-calibration-preview.tsx","1325","1","unknown","","緊急連絡先 市区町村","","Hardcoded UI copy. Migrate to i18n before automatic replacement."
"hardcoded.8dc623f993","frontstage","hardcoded","src/components/friends-guarantee-calibration-preview.tsx","1329","1","unknown","","緊急連絡先 町名番地","","Hardcoded UI copy. Migrate to i18n before automatic replacement."
"hardcoded.f86d6b26b9","frontstage","hardcoded","src/components/friends-guarantee-calibration-preview.tsx","2135","1","unknown","","テンプレート編集","","JSX text node. Migrate to i18n before automatic replacement."
"hardcoded.9e48c1d0e1","frontstage","hardcoded","src/components/friends-guarantee-calibration-preview.tsx","2141","1","unknown","","未保存のテンプレート変更","","Hardcoded UI copy. Migrate to i18n before automatic replacement."
"hardcoded.7507104f04","frontstage","hardcoded","src/components/friends-guarantee-calibration-preview.tsx","2142","1","unknown","","選択中の枠なし","","Hardcoded UI copy. Migrate to i18n before automatic replacement."
"hardcoded.751d31e17f","frontstage","hardcoded","src/components/friends-guarantee-calibration-preview.tsx","2148","1","unknown","","この申込書テンプレートの標準位置として保存","","Hardcoded UI copy. Migrate to i18n before automatic replacement."
"hardcoded.9b90160e66","frontstage","hardcoded","src/components/friends-guarantee-calibration-preview.tsx","2152","1","unknown","","保存先: テンプレート","","JSX text node. Migrate to i18n before automatic replacement."
"hardcoded.02621a2c44","frontstage","hardcoded","src/components/friends-guarantee-calibration-preview.tsx","2182","1","unknown","","テンプレート操作","","JSX text node. Migrate to i18n before automatic replacement."
"hardcoded.aa65cc48ca","frontstage","hardcoded","src/components/friends-guarantee-calibration-preview.tsx","2186","1","unknown","","PDF上に入力欄を追加","","Hardcoded UI copy. Migrate to i18n before automatic replacement."
"hardcoded.18b92f833c","frontstage","hardcoded","src/components/friends-guarantee-calibration-preview.tsx","2191","1","unknown","","入力欄","","JSX text node. Migrate to i18n before automatic replacement."
"hardcoded.06ab71bb92","frontstage","hardcoded","src/components/friends-guarantee-calibration-preview.tsx","2196","1","unknown","","追加する分格数を減らす","","Hardcoded UI copy. Migrate to i18n before automatic replacement."
"hardcoded.74c995a883","frontstage","hardcoded","src/components/friends-guarantee-calibration-preview.tsx","2204","1","unknown","","追加する分格数","","Hardcoded UI copy. Migrate to i18n before automatic replacement."
"hardcoded.d0f67c4494","frontstage","hardcoded","src/components/friends-guarantee-calibration-preview.tsx","2216","1","unknown","","追加する分格数を増やす","","Hardcoded UI copy. Migrate to i18n before automatic replacement."
"hardcoded.e3043c4265","frontstage","hardcoded","src/components/friends-guarantee-calibration-preview.tsx","2244","1","unknown","","移動・拡大縮小用のハンドルを表示","","Hardcoded UI copy. Migrate to i18n before automatic replacement."
"hardcoded.f11ba4ec56","frontstage","hardcoded","src/components/friends-guarantee-calibration-preview.tsx","2257","1","unknown","","近い罫線への吸着を切り替え","","Hardcoded UI copy. Migrate to i18n before automatic replacement."
"hardcoded.4f3335405f","frontstage","hardcoded","src/components/friends-guarantee-calibration-preview.tsx","2295","1","unknown","","選択中の枠の文字を小さくする","","Hardcoded UI copy. Migrate to i18n before automatic replacement."
"hardcoded.eb7493e493","frontstage","hardcoded","src/components/friends-guarantee-calibration-preview.tsx","2304","1","unknown","","選択中の枠の文字サイズ","","Hardcoded UI copy. Migrate to i18n before automatic replacement."
"hardcoded.50f4bf886e","frontstage","hardcoded","src/components/friends-guarantee-calibration-preview.tsx","2316","1","unknown","","選択中の枠の文字を大きくする","","Hardcoded UI copy. Migrate to i18n before automatic replacement."
"hardcoded.53eb1474dd","frontstage","hardcoded","src/components/friends-guarantee-calibration-preview.tsx","2326","1","unknown","","左へ0.5移動","","Hardcoded UI copy. Migrate to i18n before automatic replacement."
"hardcoded.6d9157fd78","frontstage","hardcoded","src/components/friends-guarantee-calibration-preview.tsx","2334","1","unknown","","右へ0.5移動","","Hardcoded UI copy. Migrate to i18n before automatic replacement."
"hardcoded.fdaa279cf3","frontstage","hardcoded","src/components/friends-guarantee-calibration-preview.tsx","2342","1","unknown","","上へ0.5移動","","Hardcoded UI copy. Migrate to i18n before automatic replacement."
"hardcoded.13603bac37","frontstage","hardcoded","src/components/friends-guarantee-calibration-preview.tsx","2350","1","unknown","","下へ0.5移動","","Hardcoded UI copy. Migrate to i18n before automatic replacement."
"hardcoded.26dd2d2e35","frontstage","hardcoded","src/components/friends-guarantee-calibration-preview.tsx","2359","1","unknown","","現在のX/Y/W/Hを整数に揃える","","Hardcoded UI copy. Migrate to i18n before automatic replacement."
"hardcoded.8cc8487917","frontstage","hardcoded","src/components/friends-guarantee-calibration-preview.tsx","2370","1","unknown","","桁数を減らす","","Hardcoded UI copy. Migrate to i18n before automatic replacement."
"hardcoded.d98e6f707c","frontstage","hardcoded","src/components/friends-guarantee-calibration-preview.tsx","2378","1","unknown","","桁数を増やす","","Hardcoded UI copy. Migrate to i18n before automatic replacement."
"hardcoded.0272b913ec","frontstage","hardcoded","src/components/friends-guarantee-calibration-preview.tsx","2389","1","unknown","","選択中の枠と同じ幅・高さ・水平位置で右側に1つコピー","","Hardcoded UI copy. Migrate to i18n before automatic replacement."
"hardcoded.fc7479af0b","frontstage","hardcoded","src/components/friends-guarantee-calibration-preview.tsx","2397","1","unknown","","選択中の枠を基準に、同じ幅・高さ・水平位置の3連枠を作る","","Hardcoded UI copy. Migrate to i18n before automatic replacement."
"hardcoded.d514dc837c","frontstage","hardcoded","src/components/friends-guarantee-calibration-preview.tsx","2427","1","unknown","","组选中を解除","","Hardcoded UI copy. Migrate to i18n before automatic replacement."
"hardcoded.74e680a79e","frontstage","hardcoded","src/components/friends-guarantee-calibration-preview.tsx","2499","1","unknown","","手入力 / 固定文字","","JSX text node. Migrate to i18n before automatic replacement."
"hardcoded.938e25de49","frontstage","hardcoded","src/components/friends-guarantee-calibration-preview.tsx","2580","1","unknown","","郵便番号は前3桁 / 後4桁","","Hardcoded UI copy. Migrate to i18n before automatic replacement."
"hardcoded.cc26173e2d","frontstage","hardcoded","src/components/friends-guarantee-calibration-preview.tsx","2680","1","unknown","","分格にする","","JSX text node. Migrate to i18n before automatic replacement."
"hardcoded.ae5ceeefcd","frontstage","hardcoded","src/components/friends-guarantee-calibration-preview.tsx","2835","3","unknown","","入力","","Hardcoded UI copy. Migrate to i18n before automatic replacement."
"hardcoded.ab60822bda","frontstage","hardcoded","src/components/friends-guarantee-calibration-preview.tsx","2926","1","unknown","","このハンドルをドラッグして移動","","Hardcoded UI copy. Migrate to i18n before automatic replacement."
"hardcoded.c9c2038de3","frontstage","hardcoded","src/components/friends-guarantee-calibration-preview.tsx","2926","1","unknown","","组选中の枠をまとめて移動","","Hardcoded UI copy. Migrate to i18n before automatic replacement."
"hardcoded.11cc128912","frontstage","hardcoded","src/components/identity-document-upload-form.tsx","21","1","unknown","","同一人物の複数資料","","Hardcoded UI copy. Migrate to i18n before automatic replacement."
"hardcoded.57bcab0345","frontstage","hardcoded","src/components/identity-document-upload-form.tsx","22","1","unknown","","複数人物の資料を個別確認","","Hardcoded UI copy. Migrate to i18n before automatic replacement."
"hardcoded.198c767a77","frontstage","hardcoded","src/components/identity-document-upload-form.tsx","23","1","unknown","","PDF または画像を選択、複数可","","Hardcoded UI copy. Migrate to i18n before automatic replacement."
"hardcoded.fa6a4b94af","frontstage","hardcoded","src/components/identity-document-upload-form.tsx","24","1","unknown","","本人資料を読み取る","","Hardcoded UI copy. Migrate to i18n before automatic replacement."
"hardcoded.15a618ba4b","frontstage","hardcoded","src/components/identity-document-upload-form.tsx","26","1","unknown","","本人確認資料ファイルを選択してください。","","Hardcoded UI copy. Migrate to i18n before automatic replacement."
"hardcoded.e3e62118f6","frontstage","hardcoded","src/components/identity-document-upload-form.tsx","29","1","unknown","","合計60MB以下にしてください。","","Hardcoded UI copy. Migrate to i18n before automatic replacement."
"hardcoded.0b145bf033","frontstage","hardcoded","src/components/input-extraction-review.tsx","72","1","unknown","","採用済み","","Hardcoded UI copy. Migrate to i18n before automatic replacement."
"hardcoded.43fe1999ec","frontstage","hardcoded","src/components/input-extraction-review.tsx","75","2","unknown","","保存しない","","Hardcoded UI copy. Migrate to i18n before automatic replacement."
"hardcoded.95a2fe4ab7","frontstage","hardcoded","src/components/input-extraction-review.tsx","75","2","unknown","","不保存","","Hardcoded UI copy. Migrate to i18n before automatic replacement."
"hardcoded.0f6972afe1","frontstage","hardcoded","src/components/input-extraction-review.tsx","82","1","unknown","","読取内容を保存","","Hardcoded UI copy. Migrate to i18n before automatic replacement."
"hardcoded.b2f2c50545","frontstage","hardcoded","src/components/input-extraction-review.tsx","83","1","unknown","","手入力を保存","","Hardcoded UI copy. Migrate to i18n before automatic replacement."
"hardcoded.d8b58d9548","frontstage","hardcoded","src/components/input-extraction-review.tsx","83","1","unknown","","保存手动内容","","Hardcoded UI copy. Migrate to i18n before automatic replacement."
"hardcoded.4e9ce05e2d","frontstage","hardcoded","src/components/input-extraction-review.tsx","84","1","unknown","","後で確認","","Hardcoded UI copy. Migrate to i18n before automatic replacement."
"hardcoded.6864afb63c","frontstage","hardcoded","src/components/input-extraction-review.tsx","100","1","unknown","","表の読取","","Hardcoded UI copy. Migrate to i18n before automatic replacement."
"hardcoded.62a5d4832b","frontstage","hardcoded","src/components/input-extraction-review.tsx","103","1","unknown","","画像の読取","","Hardcoded UI copy. Migrate to i18n before automatic replacement."
"hardcoded.e4fdcbc9bc","frontstage","hardcoded","src/components/input-extraction-review.tsx","231","1","unknown","","再確認","","Hardcoded UI copy. Migrate to i18n before automatic replacement."
"hardcoded.4ea809c380","frontstage","hardcoded","src/components/input-extraction-review.tsx","240","1","unknown","","読取済みを採用","","Hardcoded UI copy. Migrate to i18n before automatic replacement."
"hardcoded.71788c1e06","frontstage","hardcoded","src/components/input-extraction-review.tsx","248","1","unknown","","この案件へ追加","","Hardcoded UI copy. Migrate to i18n before automatic replacement."
"hardcoded.e0151ce410","frontstage","hardcoded","src/components/input-extraction-review.tsx","252","1","unknown","","保存すると、採用・修正した項目だけを開いている案件へ反映します。","","Hardcoded UI copy. Migrate to i18n before automatic replacement."
"hardcoded.45561b8ad5","frontstage","hardcoded","src/components/input-extraction-review.tsx","263","1","unknown","","保存位置","","Hardcoded UI copy. Migrate to i18n before automatic replacement."
"hardcoded.ea12a94f80","frontstage","hardcoded","src/components/input-extraction-review.tsx","267","1","unknown","","同じ案件と思われるものがある場合は、保存前にここで選択します。","","Hardcoded UI copy. Migrate to i18n before automatic replacement."
"hardcoded.a90b33cc7c","frontstage","hardcoded","src/components/input-extraction-review.tsx","275","1","unknown","","可能属于已有案件","","Hardcoded UI copy. Migrate to i18n before automatic replacement."
"hardcoded.f4186f7e94","frontstage","hardcoded","src/components/input-extraction-review.tsx","275","1","unknown","","既存案件の可能性あり","","Hardcoded UI copy. Migrate to i18n before automatic replacement."
"hardcoded.5b71da3a08","frontstage","hardcoded","src/components/input-extraction-review.tsx","276","1","unknown","","新建保存","","Hardcoded UI copy. Migrate to i18n before automatic replacement."
"hardcoded.b477d9249f","frontstage","hardcoded","src/components/input-extraction-review.tsx","276","1","unknown","","新規保存","","Hardcoded UI copy. Migrate to i18n before automatic replacement."
"hardcoded.758f508f8a","frontstage","hardcoded","src/components/input-extraction-review.tsx","293","1","unknown","","新しい案件として保存","","Hardcoded UI copy. Migrate to i18n before automatic replacement."
"hardcoded.f5093af21a","frontstage","hardcoded","src/components/input-extraction-review.tsx","296","1","unknown","","既存案件に入れない資料はこちら。","","Hardcoded UI copy. Migrate to i18n before automatic replacement."
"hardcoded.69ed6cc340","frontstage","hardcoded","src/components/input-extraction-review.tsx","332","1","unknown","","既存資料","","Hardcoded UI copy. Migrate to i18n before automatic replacement."
"hardcoded.15b35313d7","frontstage","hardcoded","src/components/input-extraction-review.tsx","334","1","unknown","","一致した内容","","Hardcoded UI copy. Migrate to i18n before automatic replacement."
"hardcoded.1e96e39fb4","frontstage","hardcoded","src/components/input-extraction-review.tsx","339","1","unknown","","異なる内容","","Hardcoded UI copy. Migrate to i18n before automatic replacement."
"hardcoded.20ec9d872b","frontstage","hardcoded","src/components/input-extraction-review.tsx","359","1","unknown","","照合理由と差分を確認しました。この資料を選択した既存案件へ追加し、合併履歴を残します。","","Hardcoded UI copy. Migrate to i18n before automatic replacement."
"hardcoded.c84c2d1ac0","frontstage","hardcoded","src/components/input-extraction-review.tsx","399","1","unknown","","読取目安","","Hardcoded UI copy. Migrate to i18n before automatic replacement."
"hardcoded.e49a6f1f34","frontstage","hardcoded","src/components/input-extraction-review.tsx","402","1","unknown","","確認元","","Hardcoded UI copy. Migrate to i18n before automatic replacement."
"hardcoded.dcdb0d8c34","frontstage","hardcoded","src/components/input-extraction-review.tsx","416","2","unknown","","読み取れませんでした","","Hardcoded UI copy. Migrate to i18n before automatic replacement."
"hardcoded.bfcbbce2cd","frontstage","hardcoded","src/components/input-extraction-review.tsx","432","1","unknown","","整えた表示","","Hardcoded UI copy. Migrate to i18n before automatic replacement."
"hardcoded.7ff6d8dc8d","frontstage","hardcoded","src/components/input-extraction-review.tsx","440","1","unknown","","保存する内容","","Hardcoded UI copy. Migrate to i18n before automatic replacement."
"hardcoded.995ccfa2b8","frontstage","hardcoded","src/components/input-extraction-review.tsx","440","1","unknown","","要保存的内容","","Hardcoded UI copy. Migrate to i18n before automatic replacement."
"hardcoded.3007c9630e","frontstage","hardcoded","src/components/input-extraction-review.tsx","444","1","unknown","","必要な場合だけここで補足・修正します。","","Hardcoded UI copy. Migrate to i18n before automatic replacement."
"hardcoded.18bdd6128d","frontstage","hardcoded","src/components/input-extraction-review.tsx","455","2","unknown","","手入力する内容","","Hardcoded UI copy. Migrate to i18n before automatic replacement."
"hardcoded.b616ba8f48","frontstage","hardcoded","src/components/input-extraction-review.tsx","499","1","unknown","","保存すると、採用・修正した内容を案件に反映します。","","Hardcoded UI copy. Migrate to i18n before automatic replacement."
"hardcoded.263270926b","frontstage","hardcoded","src/components/input-extraction-review.tsx","509","1","unknown","","将核对结果追加到案件","","Hardcoded UI copy. Migrate to i18n before automatic replacement."
"hardcoded.95805f5918","frontstage","hardcoded","src/components/input-extraction-review.tsx","509","1","unknown","","確認結果を案件へ追加保存","","Hardcoded UI copy. Migrate to i18n before automatic replacement."
"hardcoded.83c93c5f05","frontstage","hardcoded","src/components/input-extraction-review.tsx","510","1","unknown","","確認結果を案件として保存","","Hardcoded UI copy. Migrate to i18n before automatic replacement."
"hardcoded.76bd6964f2","frontstage","hardcoded","src/components/party-profile-form.tsx","42","1","unknown","","関連物件・案件メモ","","Hardcoded UI copy. Migrate to i18n before automatic replacement."
"hardcoded.ae0b2216bd","frontstage","hardcoded","src/components/party-profile-form.tsx","44","1","unknown","","関係者を保存","","Hardcoded UI copy. Migrate to i18n before automatic replacement."
"hardcoded.0c447b5ed3","frontstage","hardcoded","src/components/party-profile-form.tsx","45","1","unknown","","保存して一覧へ","","Hardcoded UI copy. Migrate to i18n before automatic replacement."
"hardcoded.a44cdaadc9","frontstage","hardcoded","src/components/pdfme-official-template-designer.tsx","247","1","unknown","","公式PDF精校モード","","JSX text node. Migrate to i18n before automatic replacement."
"hardcoded.c42b3728b2","frontstage","hardcoded","src/components/pdfme-official-template-designer.tsx","251","1","unknown","","公式PDF底版を読み込んでいます。","","Hardcoded UI copy. Migrate to i18n before automatic replacement."
"hardcoded.356a86608f","frontstage","hardcoded","src/components/pdfme-official-template-designer.tsx","257","1","unknown","","この案件","","Hardcoded UI copy. Migrate to i18n before automatic replacement."
"hardcoded.c9a0b4be06","frontstage","hardcoded","src/components/pdfme-official-template-designer.tsx","287","1","unknown","","現在位置を保存対象にする","","JSX text node. Migrate to i18n before automatic replacement."
"hardcoded.4734e05a02","frontstage","hardcoded","src/components/pdfme-official-template-designer.tsx","290","1","unknown","","位置変更あり","","Hardcoded UI copy. Migrate to i18n before automatic replacement."
"hardcoded.8c81856f0d","frontstage","hardcoded","src/components/pdfme-official-template-designer.tsx","297","1","unknown","","pdfme の読み込みに失敗しました:","","JSX text node. Migrate to i18n before automatic replacement."
"hardcoded.f216ecb886","frontstage","hardcoded","src/components/print-toolbar.tsx","10","1","unknown","","印刷 / PDF保存","","Hardcoded UI copy. Migrate to i18n before automatic replacement."
"hardcoded.f0ce9ee7b1","frontstage","hardcoded","src/components/print-toolbar.tsx","11","1","unknown","","打印 / 保存 PDF","","Hardcoded UI copy. Migrate to i18n before automatic replacement."
"hardcoded.53ccbb0d37","frontstage","hardcoded","src/components/quote-form.tsx","36","1","unknown","","顧客を選択","","Hardcoded UI copy. Migrate to i18n before automatic replacement."
"hardcoded.38e535b4f3","frontstage","hardcoded","src/components/quote-form.tsx","37","1","unknown","","提案タイトル","","Hardcoded UI copy. Migrate to i18n before automatic replacement."
"hardcoded.456f691576","frontstage","hardcoded","src/components/quote-form.tsx","38","1","unknown","","例：プランA","","Hardcoded UI copy. Migrate to i18n before automatic replacement."
"hardcoded.559d323bb6","frontstage","hardcoded","src/components/quote-form.tsx","40","1","unknown","","物件を連携しない","","Hardcoded UI copy. Migrate to i18n before automatic replacement."
"hardcoded.4769b65836","frontstage","hardcoded","src/components/quote-form.tsx","45","1","unknown","","管理費（月額）","","Hardcoded UI copy. Migrate to i18n before automatic replacement."
"hardcoded.c579d7c412","frontstage","hardcoded","src/components/quote-form.tsx","46","1","unknown","","修繕積立金（月額）","","Hardcoded UI copy. Migrate to i18n before automatic replacement."
"hardcoded.017d56782a","frontstage","hardcoded","src/components/quote-form.tsx","50","1","unknown","","顧客向け提案サマリー","","Hardcoded UI copy. Migrate to i18n before automatic replacement."
"hardcoded.07fee61084","frontstage","hardcoded","src/components/quote-form.tsx","53","1","unknown","","簡潔版をコピー","","Hardcoded UI copy. Migrate to i18n before automatic replacement."
"hardcoded.28692308d8","frontstage","hardcoded","src/components/quote-form.tsx","54","1","unknown","","詳細版をコピー","","Hardcoded UI copy. Migrate to i18n before automatic replacement."
"hardcoded.c3aac141a8","frontstage","hardcoded","src/components/quote-form.tsx","55","1","unknown","","担当者メモ（任意）","","Hardcoded UI copy. Migrate to i18n before automatic replacement."
"hardcoded.a79829fe95","frontstage","hardcoded","src/components/quote-form.tsx","61","1","unknown","","入力内容の変更は即時に反映されます。","","Hardcoded UI copy. Migrate to i18n before automatic replacement."
"hardcoded.70db7e8909","frontstage","hardcoded","src/components/quote-form.tsx","62","1","unknown","","注意ポイント","","Hardcoded UI copy. Migrate to i18n before automatic replacement."
"hardcoded.db503283b9","frontstage","hardcoded","src/components/quote-form.tsx","63","1","unknown","","現在、注意すべき項目はありません。","","Hardcoded UI copy. Migrate to i18n before automatic replacement."
"hardcoded.865b49c87d","frontstage","hardcoded","src/components/quote-form.tsx","64","1","unknown","","選択中サマリーをコピー","","Hardcoded UI copy. Migrate to i18n before automatic replacement."
"hardcoded.9256fcb9a8","frontstage","hardcoded","src/components/quote-form.tsx","65","1","unknown","","提案を保存して顧客に紐づけ","","Hardcoded UI copy. Migrate to i18n before automatic replacement."
"hardcoded.d23dc537d5","frontstage","hardcoded","src/components/quote-form.tsx","79","1","unknown","","管理费（月）","","Hardcoded UI copy. Migrate to i18n before automatic replacement."
