"id","surface","source","file","line","occurrences","locale","key","current_text","suggested_text","notes"
"hardcoded.5982e28d0e","frontstage","hardcoded","src/app/cases/[id]/page.tsx","110","9","unknown","","확인 필요","","Hardcoded UI copy. Migrate to i18n before automatic replacement."
"hardcoded.9deb52e20d","frontstage","hardcoded","src/app/cases/[id]/page.tsx","110","2","unknown","","需要确认","","Hardcoded UI copy. Migrate to i18n before automatic replacement."
"hardcoded.b5a77c7c3d","frontstage","hardcoded","src/app/cases/[id]/page.tsx","110","4","unknown","","確認が必要","","Hardcoded UI copy. Migrate to i18n before automatic replacement."
"hardcoded.1f12f1d2e9","frontstage","hardcoded","src/app/cases/[id]/page.tsx","111","10","unknown","","確認済み","","Hardcoded UI copy. Migrate to i18n before automatic replacement."
"hardcoded.d1a349f788","frontstage","hardcoded","src/app/cases/[id]/page.tsx","111","3","unknown","","확인됨","","Hardcoded UI copy. Migrate to i18n before automatic replacement."
"hardcoded.d9fea67ad2","frontstage","hardcoded","src/app/cases/[id]/page.tsx","111","5","unknown","","已确认","","Hardcoded UI copy. Migrate to i18n before automatic replacement."
"hardcoded.4b395d0e0e","frontstage","hardcoded","src/app/cases/[id]/page.tsx","112","3","unknown","","已修正","","Hardcoded UI copy. Migrate to i18n before automatic replacement."
"hardcoded.6b7dad83b5","frontstage","hardcoded","src/app/cases/[id]/page.tsx","112","3","unknown","","수정됨","","Hardcoded UI copy. Migrate to i18n before automatic replacement."
"hardcoded.953342f693","frontstage","hardcoded","src/app/cases/[id]/page.tsx","112","3","unknown","","修正済み","","Hardcoded UI copy. Migrate to i18n before automatic replacement."
"hardcoded.d27e734709","frontstage","hardcoded","src/app/cases/[id]/page.tsx","113","2","unknown","","불명","","Hardcoded UI copy. Migrate to i18n before automatic replacement."
"hardcoded.b2aff5540d","frontstage","hardcoded","src/app/cases/[id]/page.tsx","114","2","unknown","","不採用","","Hardcoded UI copy. Migrate to i18n before automatic replacement."
"hardcoded.cad4a132fb","frontstage","hardcoded","src/app/cases/[id]/page.tsx","114","2","unknown","","미채택","","Hardcoded UI copy. Migrate to i18n before automatic replacement."
"hardcoded.d801b0157f","frontstage","hardcoded","src/app/cases/[id]/page.tsx","114","3","unknown","","不采用","","Hardcoded UI copy. Migrate to i18n before automatic replacement."
"hardcoded.27b5842c97","frontstage","hardcoded","src/app/cases/[id]/page.tsx","123","3","unknown","","待确认","","Hardcoded UI copy. Migrate to i18n before automatic replacement."
"hardcoded.c08058e460","frontstage","hardcoded","src/app/cases/[id]/page.tsx","123","2","unknown","","확인 대기","","Hardcoded UI copy. Migrate to i18n before automatic replacement."
"hardcoded.ea81c0b842","frontstage","hardcoded","src/app/cases/[id]/page.tsx","123","9","unknown","","要確認","","Hardcoded UI copy. Migrate to i18n before automatic replacement."
"hardcoded.287a1d1034","frontstage","hardcoded","src/app/cases/[id]/page.tsx","125","5","unknown","","未填写","","Hardcoded UI copy. Migrate to i18n before automatic replacement."
"hardcoded.80756b4bee","frontstage","hardcoded","src/app/cases/[id]/page.tsx","125","5","unknown","","미입력","","Hardcoded UI copy. Migrate to i18n before automatic replacement."
"hardcoded.6451be839f","frontstage","hardcoded","src/app/cases/[id]/page.tsx","126","1","unknown","","불일치","","Hardcoded UI copy. Migrate to i18n before automatic replacement."
"hardcoded.ea88dc52f5","frontstage","hardcoded","src/app/cases/[id]/page.tsx","126","2","unknown","","不一致","","Hardcoded UI copy. Migrate to i18n before automatic replacement."
"hardcoded.eec46c136f","frontstage","hardcoded","src/app/cases/[id]/page.tsx","129","3","unknown","","不适用","","Hardcoded UI copy. Migrate to i18n before automatic replacement."
"hardcoded.f1a3a90769","frontstage","hardcoded","src/app/cases/[id]/page.tsx","129","2","unknown","","해당 없음","","Hardcoded UI copy. Migrate to i18n before automatic replacement."
"hardcoded.fb2284c3a6","frontstage","hardcoded","src/app/cases/[id]/page.tsx","129","1","unknown","","不適用","","Hardcoded UI copy. Migrate to i18n before automatic replacement."
"hardcoded.3945ad278d","frontstage","hardcoded","src/app/cases/[id]/page.tsx","146","3","unknown","","확인 완료","","Hardcoded UI copy. Migrate to i18n before automatic replacement."
"hardcoded.4c52e7a14c","frontstage","hardcoded","src/app/cases/[id]/page.tsx","146","1","unknown","","確認済みにする","","Hardcoded UI copy. Migrate to i18n before automatic replacement."
"hardcoded.f5b8054ab1","frontstage","hardcoded","src/app/cases/[id]/page.tsx","146","1","unknown","","确认无误","","Hardcoded UI copy. Migrate to i18n before automatic replacement."
"hardcoded.0ffe9c9281","frontstage","hardcoded","src/app/cases/[id]/page.tsx","147","1","unknown","","확인 불가","","Hardcoded UI copy. Migrate to i18n before automatic replacement."
"hardcoded.44f4329521","frontstage","hardcoded","src/app/cases/[id]/page.tsx","147","1","unknown","","暂时无法确认","","Hardcoded UI copy. Migrate to i18n before automatic replacement."
"hardcoded.c56753c67b","frontstage","hardcoded","src/app/cases/[id]/page.tsx","147","1","unknown","","確認できない","","Hardcoded UI copy. Migrate to i18n before automatic replacement."
"hardcoded.5e3bb8d7fe","frontstage","hardcoded","src/app/cases/[id]/page.tsx","148","1","unknown","","使わない","","Hardcoded UI copy. Migrate to i18n before automatic replacement."
"hardcoded.b2fd53af02","frontstage","hardcoded","src/app/cases/[id]/page.tsx","148","1","unknown","","사용 안 함","","Hardcoded UI copy. Migrate to i18n before automatic replacement."
"hardcoded.39298c3247","frontstage","hardcoded","src/app/cases/[id]/page.tsx","149","3","unknown","","該当なし","","Hardcoded UI copy. Migrate to i18n before automatic replacement."
"hardcoded.46105c22cb","frontstage","hardcoded","src/app/cases/[id]/page.tsx","156","3","unknown","","店舗","","Hardcoded UI copy. Migrate to i18n before automatic replacement."
"hardcoded.53ba1f65fb","frontstage","hardcoded","src/app/cases/[id]/page.tsx","156","4","unknown","","駐車場","","Hardcoded UI copy. Migrate to i18n before automatic replacement."
"hardcoded.6aba5fbdea","frontstage","hardcoded","src/app/cases/[id]/page.tsx","156","1","unknown","","住居学生用","","Hardcoded UI copy. Migrate to i18n before automatic replacement."
"hardcoded.7203418757","frontstage","hardcoded","src/app/cases/[id]/page.tsx","156","1","unknown","","トランクルーム","","Hardcoded UI copy. Migrate to i18n before automatic replacement."
"hardcoded.7c2281ce71","frontstage","hardcoded","src/app/cases/[id]/page.tsx","156","14","unknown","","その他","","Hardcoded UI copy. Migrate to i18n before automatic replacement."
"hardcoded.d2aff834c0","frontstage","hardcoded","src/app/cases/[id]/page.tsx","156","1","unknown","","住居火災保険","","Hardcoded UI copy. Migrate to i18n before automatic replacement."
"hardcoded.db8a5a29ab","frontstage","hardcoded","src/app/cases/[id]/page.tsx","156","2","unknown","","倉庫","","Hardcoded UI copy. Migrate to i18n before automatic replacement."
"hardcoded.ec037d3765","frontstage","hardcoded","src/app/cases/[id]/page.tsx","156","5","unknown","","事務所","","Hardcoded UI copy. Migrate to i18n before automatic replacement."
"hardcoded.86614db0b9","frontstage","hardcoded","src/app/cases/[id]/page.tsx","159","1","unknown","","普通借家","","Hardcoded UI copy. Migrate to i18n before automatic replacement."
"hardcoded.b01068c7b3","frontstage","hardcoded","src/app/cases/[id]/page.tsx","159","1","unknown","","定期借家","","Hardcoded UI copy. Migrate to i18n before automatic replacement."
"hardcoded.028d3ca147","frontstage","hardcoded","src/app/cases/[id]/page.tsx","162","1","unknown","","振込","","Hardcoded UI copy. Migrate to i18n before automatic replacement."
"hardcoded.986111408f","frontstage","hardcoded","src/app/cases/[id]/page.tsx","162","1","unknown","","口座振替","","Hardcoded UI copy. Migrate to i18n before automatic replacement."
"hardcoded.ab1110fbbc","frontstage","hardcoded","src/app/cases/[id]/page.tsx","162","1","unknown","","カード","","Hardcoded UI copy. Migrate to i18n before automatic replacement."
"hardcoded.d1d753b4c9","frontstage","hardcoded","src/app/cases/[id]/page.tsx","162","1","unknown","","集金代行","","Hardcoded UI copy. Migrate to i18n before automatic replacement."
"hardcoded.26bc84961c","frontstage","hardcoded","src/app/cases/[id]/page.tsx","165","4","unknown","","女","","Hardcoded UI copy. Migrate to i18n before automatic replacement."
"hardcoded.51625d909c","frontstage","hardcoded","src/app/cases/[id]/page.tsx","165","5","unknown","","男","","Hardcoded UI copy. Migrate to i18n before automatic replacement."
"hardcoded.9ecc4ea4aa","frontstage","hardcoded","src/app/cases/[id]/page.tsx","168","3","unknown","","無","","Hardcoded UI copy. Migrate to i18n before automatic replacement."
"hardcoded.fbd5b75066","frontstage","hardcoded","src/app/cases/[id]/page.tsx","168","4","unknown","","有","","Hardcoded UI copy. Migrate to i18n before automatic replacement."
"hardcoded.01ca6d409c","frontstage","hardcoded","src/app/cases/[id]/page.tsx","171","1","unknown","","自宅","","Hardcoded UI copy. Migrate to i18n before automatic replacement."
"hardcoded.1a29dca82d","frontstage","hardcoded","src/app/cases/[id]/page.tsx","171","3","unknown","","賃貸","","Hardcoded UI copy. Migrate to i18n before automatic replacement."
"hardcoded.8f0337a8af","frontstage","hardcoded","src/app/cases/[id]/page.tsx","171","2","unknown","","家族所有","","Hardcoded UI copy. Migrate to i18n before automatic replacement."
"hardcoded.f88d6d96a6","frontstage","hardcoded","src/app/cases/[id]/page.tsx","171","1","unknown","","社宅","","Hardcoded UI copy. Migrate to i18n before automatic replacement."
"hardcoded.0a39659bb5","frontstage","hardcoded","src/app/cases/[id]/page.tsx","174","3","unknown","","正社員","","Hardcoded UI copy. Migrate to i18n before automatic replacement."
"hardcoded.0ce32fe62c","frontstage","hardcoded","src/app/cases/[id]/page.tsx","174","1","unknown","","パート","","Hardcoded UI copy. Migrate to i18n before automatic replacement."
"hardcoded.14b9815bf5","frontstage","hardcoded","src/app/cases/[id]/page.tsx","174","1","unknown","","会社役員","","Hardcoded UI copy. Migrate to i18n before automatic replacement."
"hardcoded.1896d42b18","frontstage","hardcoded","src/app/cases/[id]/page.tsx","174","1","unknown","","アルバイト","","Hardcoded UI copy. Migrate to i18n before automatic replacement."
"hardcoded.6296ec05f8","frontstage","hardcoded","src/app/cases/[id]/page.tsx","174","1","unknown","","派遣","","Hardcoded UI copy. Migrate to i18n before automatic replacement."
"hardcoded.839a6b4084","frontstage","hardcoded","src/app/cases/[id]/page.tsx","174","1","unknown","","無職","","Hardcoded UI copy. Migrate to i18n before automatic replacement."
"hardcoded.91dc1aea18","frontstage","hardcoded","src/app/cases/[id]/page.tsx","174","2","unknown","","契約社員","","Hardcoded UI copy. Migrate to i18n before automatic replacement."
"hardcoded.93e97d4221","frontstage","hardcoded","src/app/cases/[id]/page.tsx","174","1","unknown","","自営業","","Hardcoded UI copy. Migrate to i18n before automatic replacement."
"hardcoded.b76783d38c","frontstage","hardcoded","src/app/cases/[id]/page.tsx","174","5","unknown","","学生","","Hardcoded UI copy. Migrate to i18n before automatic replacement."
"hardcoded.2625223796","frontstage","hardcoded","src/app/cases/[id]/page.tsx","177","8","unknown","","在留カード","","Hardcoded UI copy. Migrate to i18n before automatic replacement."
"hardcoded.750905fbc7","frontstage","hardcoded","src/app/cases/[id]/page.tsx","177","4","unknown","","運転免許証","","Hardcoded UI copy. Migrate to i18n before automatic replacement."
"hardcoded.0b27d61a07","frontstage","hardcoded","src/app/cases/[id]/page.tsx","183","1","unknown","","父","","Hardcoded UI copy. Migrate to i18n before automatic replacement."
"hardcoded.219e08c960","frontstage","hardcoded","src/app/cases/[id]/page.tsx","183","3","unknown","","子","","Hardcoded UI copy. Migrate to i18n before automatic replacement."
"hardcoded.3ccb7f3713","frontstage","hardcoded","src/app/cases/[id]/page.tsx","183","8","unknown","","勤務先","","Hardcoded UI copy. Migrate to i18n before automatic replacement."
"hardcoded.4bc97bc46d","frontstage","hardcoded","src/app/cases/[id]/page.tsx","183","1","unknown","","親族","","Hardcoded UI copy. Migrate to i18n before automatic replacement."
"hardcoded.4dfe8f5f2b","frontstage","hardcoded","src/app/cases/[id]/page.tsx","183","2","unknown","","友人","","Hardcoded UI copy. Migrate to i18n before automatic replacement."
"hardcoded.68617aca49","frontstage","hardcoded","src/app/cases/[id]/page.tsx","183","1","unknown","","兄弟姉妹","","Hardcoded UI copy. Migrate to i18n before automatic replacement."
"hardcoded.769e2ccd23","frontstage","hardcoded","src/app/cases/[id]/page.tsx","183","5","unknown","","配偶者","","Hardcoded UI copy. Migrate to i18n before automatic replacement."
"hardcoded.78ce0b021c","frontstage","hardcoded","src/app/cases/[id]/page.tsx","183","3","unknown","","母","","Hardcoded UI copy. Migrate to i18n before automatic replacement."
"hardcoded.faca978c95","frontstage","hardcoded","src/app/cases/[id]/page.tsx","183","1","unknown","","知人","","Hardcoded UI copy. Migrate to i18n before automatic replacement."
"hardcoded.427f0961c0","frontstage","hardcoded","src/app/cases/[id]/page.tsx","190","2","unknown","","1990년1월1일","","Hardcoded UI copy. Migrate to i18n before automatic replacement."
"hardcoded.ad2abe2c58","frontstage","hardcoded","src/app/cases/[id]/page.tsx","190","5","unknown","","1990年1月1日","","Hardcoded UI copy. Migrate to i18n before automatic replacement."
"hardcoded.c257210e5f","frontstage","hardcoded","src/app/cases/[id]/page.tsx","203","3","unknown","","円","","Hardcoded UI copy. Migrate to i18n before automatic replacement."
"hardcoded.2c235a4cd3","frontstage","hardcoded","src/app/cases/[id]/page.tsx","206","3","unknown","","万円","","Hardcoded UI copy. Migrate to i18n before automatic replacement."
"hardcoded.6f14c2641c","frontstage","hardcoded","src/app/cases/[id]/page.tsx","209","7","unknown","","年","","Hardcoded UI copy. Migrate to i18n before automatic replacement."
"hardcoded.15917f3b32","frontstage","hardcoded","src/app/cases/[id]/page.tsx","246","2","unknown","","日","","Hardcoded UI copy. Migrate to i18n before automatic replacement."
"hardcoded.0635df6964","frontstage","hardcoded","src/app/cases/[id]/page.tsx","334","1","unknown","","보통 필요","","Hardcoded UI copy. Migrate to i18n before automatic replacement."
"hardcoded.43c86d5db0","frontstage","hardcoded","src/app/cases/[id]/page.tsx","334","1","unknown","","通常需要","","Hardcoded UI copy. Migrate to i18n before automatic replacement."
"hardcoded.7cdf3f9ae7","frontstage","hardcoded","src/app/cases/[id]/page.tsx","334","1","unknown","","通常必要","","Hardcoded UI copy. Migrate to i18n before automatic replacement."
"hardcoded.b54afa29f3","frontstage","hardcoded","src/app/cases/[id]/page.tsx","335","1","unknown","","該当時のみ","","Hardcoded UI copy. Migrate to i18n before automatic replacement."
"hardcoded.bbf8eb0a99","frontstage","hardcoded","src/app/cases/[id]/page.tsx","335","1","unknown","","符合时填写","","Hardcoded UI copy. Migrate to i18n before automatic replacement."
"hardcoded.d92e77f92a","frontstage","hardcoded","src/app/cases/[id]/page.tsx","335","1","unknown","","해당 시","","Hardcoded UI copy. Migrate to i18n before automatic replacement."
"hardcoded.4468edae36","frontstage","hardcoded","src/app/cases/[id]/page.tsx","336","1","unknown","","필요 시","","Hardcoded UI copy. Migrate to i18n before automatic replacement."
"hardcoded.74e0e968b2","frontstage","hardcoded","src/app/cases/[id]/page.tsx","336","1","unknown","","需要时填写","","Hardcoded UI copy. Migrate to i18n before automatic replacement."
"hardcoded.aae61db5f3","frontstage","hardcoded","src/app/cases/[id]/page.tsx","336","1","unknown","","必要時のみ","","Hardcoded UI copy. Migrate to i18n before automatic replacement."
"hardcoded.86eb25fc83","frontstage","hardcoded","src/app/cases/[id]/page.tsx","337","1","unknown","","書類別","","Hardcoded UI copy. Migrate to i18n before automatic replacement."
"hardcoded.dbec042423","frontstage","hardcoded","src/app/cases/[id]/page.tsx","337","1","unknown","","문서별","","Hardcoded UI copy. Migrate to i18n before automatic replacement."
"hardcoded.dd18b99797","frontstage","hardcoded","src/app/cases/[id]/page.tsx","337","1","unknown","","文件别项目","","Hardcoded UI copy. Migrate to i18n before automatic replacement."
"hardcoded.03572c04e7","frontstage","hardcoded","src/app/cases/[id]/page.tsx","351","1","unknown","","読取修正","","Hardcoded UI copy. Migrate to i18n before automatic replacement."
"hardcoded.307d3a0194","frontstage","hardcoded","src/app/cases/[id]/page.tsx","351","1","unknown","","资料读取修正","","Hardcoded UI copy. Migrate to i18n before automatic replacement."
"hardcoded.fc30f6b32a","frontstage","hardcoded","src/app/cases/[id]/page.tsx","351","1","unknown","","판독 수정","","Hardcoded UI copy. Migrate to i18n before automatic replacement."
"hardcoded.119c7f5ca8","frontstage","hardcoded","src/app/cases/[id]/page.tsx","352","1","unknown","","표기 정리 수정","","Hardcoded UI copy. Migrate to i18n before automatic replacement."
"hardcoded.23c6eab3a1","frontstage","hardcoded","src/app/cases/[id]/page.tsx","352","2","unknown","","表記整形修正","","Hardcoded UI copy. Migrate to i18n before automatic replacement."
"hardcoded.9e9d88462f","frontstage","hardcoded","src/app/cases/[id]/page.tsx","352","1","unknown","","格式修正","","Hardcoded UI copy. Migrate to i18n before automatic replacement."
"hardcoded.01c9e00ef9","frontstage","hardcoded","src/app/cases/[id]/page.tsx","353","1","unknown","","人工补填","","Hardcoded UI copy. Migrate to i18n before automatic replacement."
"hardcoded.a22e887cf5","frontstage","hardcoded","src/app/cases/[id]/page.tsx","353","1","unknown","","수동 보완","","Hardcoded UI copy. Migrate to i18n before automatic replacement."
"hardcoded.d9b00dc3b3","frontstage","hardcoded","src/app/cases/[id]/page.tsx","353","1","unknown","","手入力補完","","Hardcoded UI copy. Migrate to i18n before automatic replacement."
"hardcoded.7243382590","frontstage","hardcoded","src/app/cases/[id]/page.tsx","354","1","unknown","","見落とし補完","","Hardcoded UI copy. Migrate to i18n before automatic replacement."
"hardcoded.d9655c5606","frontstage","hardcoded","src/app/cases/[id]/page.tsx","354","1","unknown","","漏识别补填","","Hardcoded UI copy. Migrate to i18n before automatic replacement."
"hardcoded.de08201134","frontstage","hardcoded","src/app/cases/[id]/page.tsx","354","1","unknown","","누락 보완","","Hardcoded UI copy. Migrate to i18n before automatic replacement."
"hardcoded.29e26fb8b6","frontstage","hardcoded","src/app/cases/[id]/page.tsx","355","1","unknown","","불일치 해결","","Hardcoded UI copy. Migrate to i18n before automatic replacement."
"hardcoded.93c905b924","frontstage","hardcoded","src/app/cases/[id]/page.tsx","355","2","unknown","","不一致解決","","Hardcoded UI copy. Migrate to i18n before automatic replacement."
"hardcoded.d2bf05ad87","frontstage","hardcoded","src/app/cases/[id]/page.tsx","355","1","unknown","","冲突解决","","Hardcoded UI copy. Migrate to i18n before automatic replacement."
"hardcoded.0a5ae65837","frontstage","hardcoded","src/app/cases/[id]/page.tsx","356","2","unknown","","PDF位置修正","","Hardcoded UI copy. Migrate to i18n before automatic replacement."
"hardcoded.26306e0997","frontstage","hardcoded","src/app/cases/[id]/page.tsx","356","1","unknown","","PDF 位置修正","","Hardcoded UI copy. Migrate to i18n before automatic replacement."
"hardcoded.fd0fbbc504","frontstage","hardcoded","src/app/cases/[id]/page.tsx","356","1","unknown","","PDF 위치 수정","","Hardcoded UI copy. Migrate to i18n before automatic replacement."
"hardcoded.64cbee5d39","frontstage","hardcoded","src/app/cases/[id]/page.tsx","357","1","unknown","","PDF 格式修正","","Hardcoded UI copy. Migrate to i18n before automatic replacement."
"hardcoded.8143609153","frontstage","hardcoded","src/app/cases/[id]/page.tsx","357","1","unknown","","PDF 표기 수정","","Hardcoded UI copy. Migrate to i18n before automatic replacement."
"hardcoded.881636d318","frontstage","hardcoded","src/app/cases/[id]/page.tsx","357","2","unknown","","PDF表記修正","","Hardcoded UI copy. Migrate to i18n before automatic replacement."
"hardcoded.0566d71d6f","frontstage","hardcoded","src/app/cases/[id]/page.tsx","358","1","unknown","","팀 표기","","Hardcoded UI copy. Migrate to i18n before automatic replacement."
"hardcoded.0a2ed460ba","frontstage","hardcoded","src/app/cases/[id]/page.tsx","358","1","unknown","","团队习惯","","Hardcoded UI copy. Migrate to i18n before automatic replacement."
"hardcoded.65e6e26cbe","frontstage","hardcoded","src/app/cases/[id]/page.tsx","358","2","unknown","","社内表記","","Hardcoded UI copy. Migrate to i18n before automatic replacement."
"hardcoded.21343d0c11","frontstage","hardcoded","src/app/cases/[id]/page.tsx","359","1","unknown","","案件个别修正","","Hardcoded UI copy. Migrate to i18n before automatic replacement."
"hardcoded.89f70781ed","frontstage","hardcoded","src/app/cases/[id]/page.tsx","359","1","unknown","","안건 개별 수정","","Hardcoded UI copy. Migrate to i18n before automatic replacement."
"hardcoded.df296d9a7d","frontstage","hardcoded","src/app/cases/[id]/page.tsx","359","2","unknown","","案件個別修正","","Hardcoded UI copy. Migrate to i18n before automatic replacement."
"hardcoded.68a57b6d1e","frontstage","hardcoded","src/app/cases/[id]/page.tsx","366","1","unknown","","资料核对","","Hardcoded UI copy. Migrate to i18n before automatic replacement."
"hardcoded.b59f117a18","frontstage","hardcoded","src/app/cases/[id]/page.tsx","366","1","unknown","","資料確認","","Hardcoded UI copy. Migrate to i18n before automatic replacement."
"hardcoded.f3dced3255","frontstage","hardcoded","src/app/cases/[id]/page.tsx","366","3","unknown","","자료 확인","","Hardcoded UI copy. Migrate to i18n before automatic replacement."
"hardcoded.98f654239b","frontstage","hardcoded","src/app/cases/[id]/page.tsx","367","1","unknown","","信息整理","","Hardcoded UI copy. Migrate to i18n before automatic replacement."
"hardcoded.b884251756","frontstage","hardcoded","src/app/cases/[id]/page.tsx","367","5","unknown","","정보 정리","","Hardcoded UI copy. Migrate to i18n before automatic replacement."
"hardcoded.f8e2c9ebeb","frontstage","hardcoded","src/app/cases/[id]/page.tsx","367","1","unknown","","情報整理","","Hardcoded UI copy. Migrate to i18n before automatic replacement."
"hardcoded.60c440d10f","frontstage","hardcoded","src/app/cases/[id]/page.tsx","368","1","unknown","","申込書補完","","Hardcoded UI copy. Migrate to i18n before automatic replacement."
"hardcoded.7c03f59188","frontstage","hardcoded","src/app/cases/[id]/page.tsx","368","1","unknown","","신청서 보완","","Hardcoded UI copy. Migrate to i18n before automatic replacement."
"hardcoded.b005ffcd0d","frontstage","hardcoded","src/app/cases/[id]/page.tsx","368","1","unknown","","申请书补充","","Hardcoded UI copy. Migrate to i18n before automatic replacement."
"hardcoded.3500bf4bed","frontstage","hardcoded","src/app/cases/[id]/page.tsx","369","1","unknown","","版面调整","","Hardcoded UI copy. Migrate to i18n before automatic replacement."
"hardcoded.495daf21c1","frontstage","hardcoded","src/app/cases/[id]/page.tsx","369","1","unknown","","서식 조정","","Hardcoded UI copy. Migrate to i18n before automatic replacement."
"hardcoded.b9b05143fa","frontstage","hardcoded","src/app/cases/[id]/page.tsx","369","1","unknown","","版面調整","","Hardcoded UI copy. Migrate to i18n before automatic replacement."
"hardcoded.0470abe45d","frontstage","hardcoded","src/app/cases/[id]/page.tsx","376","1","unknown","","仅当前案件","","Hardcoded UI copy. Migrate to i18n before automatic replacement."
"hardcoded.17c02c5be4","frontstage","hardcoded","src/app/cases/[id]/page.tsx","376","1","unknown","","この案件のみ","","Hardcoded UI copy. Migrate to i18n before automatic replacement."
"hardcoded.d40db1170f","frontstage","hardcoded","src/app/cases/[id]/page.tsx","376","1","unknown","","현재 안건만","","Hardcoded UI copy. Migrate to i18n before automatic replacement."
"hardcoded.22b10b7a0b","frontstage","hardcoded","src/app/cases/[id]/page.tsx","377","1","unknown","","团队规则参考","","Hardcoded UI copy. Migrate to i18n before automatic replacement."
"hardcoded.e024991a1f","frontstage","hardcoded","src/app/cases/[id]/page.tsx","377","1","unknown","","팀 규칙 참고","","Hardcoded UI copy. Migrate to i18n before automatic replacement."
"hardcoded.e5637806cc","frontstage","hardcoded","src/app/cases/[id]/page.tsx","377","1","unknown","","社内ルール候補","","Hardcoded UI copy. Migrate to i18n before automatic replacement."
"hardcoded.b975e58da1","frontstage","hardcoded","src/app/cases/[id]/page.tsx","378","1","unknown","","자료 판독 규칙 참고","","Hardcoded UI copy. Migrate to i18n before automatic replacement."
"hardcoded.db362ab108","frontstage","hardcoded","src/app/cases/[id]/page.tsx","378","1","unknown","","資料読取ルール候補","","Hardcoded UI copy. Migrate to i18n before automatic replacement."
"hardcoded.ddc2bf6525","frontstage","hardcoded","src/app/cases/[id]/page.tsx","378","1","unknown","","资料读取规则参考","","Hardcoded UI copy. Migrate to i18n before automatic replacement."
"hardcoded.299c0c484a","frontstage","hardcoded","src/app/cases/[id]/page.tsx","379","1","unknown","","출력 템플릿 참고","","Hardcoded UI copy. Migrate to i18n before automatic replacement."
"hardcoded.8fa8fb9e10","frontstage","hardcoded","src/app/cases/[id]/page.tsx","379","2","unknown","","出力テンプレート候補","","Hardcoded UI copy. Migrate to i18n before automatic replacement."
"hardcoded.da98217361","frontstage","hardcoded","src/app/cases/[id]/page.tsx","379","1","unknown","","输出模板参考","","Hardcoded UI copy. Migrate to i18n before automatic replacement."
"hardcoded.12d066a22e","frontstage","hardcoded","src/app/cases/[id]/page.tsx","380","1","unknown","","項目名ルール候補","","Hardcoded UI copy. Migrate to i18n before automatic replacement."
"hardcoded.23c76847c9","frontstage","hardcoded","src/app/cases/[id]/page.tsx","380","1","unknown","","项目名称规则参考","","Hardcoded UI copy. Migrate to i18n before automatic replacement."
"hardcoded.e8092e8519","frontstage","hardcoded","src/app/cases/[id]/page.tsx","380","1","unknown","","항목명 규칙 참고","","Hardcoded UI copy. Migrate to i18n before automatic replacement."
"hardcoded.4a233c0d83","frontstage","hardcoded","src/app/cases/[id]/page.tsx","381","1","unknown","","通用规则参考","","Hardcoded UI copy. Migrate to i18n before automatic replacement."
"hardcoded.aea28607db","frontstage","hardcoded","src/app/cases/[id]/page.tsx","381","1","unknown","","共通ルール候補","","Hardcoded UI copy. Migrate to i18n before automatic replacement."
"hardcoded.b366a68966","frontstage","hardcoded","src/app/cases/[id]/page.tsx","381","1","unknown","","공통 규칙 참고","","Hardcoded UI copy. Migrate to i18n before automatic replacement."
"hardcoded.58b2e8b7b8","frontstage","hardcoded","src/app/cases/[id]/page.tsx","382","1","unknown","","后续复核参考","","Hardcoded UI copy. Migrate to i18n before automatic replacement."
"hardcoded.e4731c6970","frontstage","hardcoded","src/app/cases/[id]/page.tsx","382","1","unknown","","후속 확인 참고","","Hardcoded UI copy. Migrate to i18n before automatic replacement."
"hardcoded.e6c77a3398","frontstage","hardcoded","src/app/cases/[id]/page.tsx","382","1","unknown","","後続確認用","","Hardcoded UI copy. Migrate to i18n before automatic replacement."
"hardcoded.6e36633684","frontstage","hardcoded","src/app/cases/[id]/page.tsx","463","1","unknown","","案件データ","","Hardcoded UI copy. Migrate to i18n before automatic replacement."
"hardcoded.527e7ad6c4","frontstage","hardcoded","src/app/cases/[id]/page.tsx","498","1","unknown","","读取清楚","","Hardcoded UI copy. Migrate to i18n before automatic replacement."
"hardcoded.97588598f1","frontstage","hardcoded","src/app/cases/[id]/page.tsx","498","1","unknown","","판독 양호","","Hardcoded UI copy. Migrate to i18n before automatic replacement."
"hardcoded.9d12242d44","frontstage","hardcoded","src/app/cases/[id]/page.tsx","498","1","unknown","","読み取り良好","","Hardcoded UI copy. Migrate to i18n before automatic replacement."
"hardcoded.5352ac25af","frontstage","hardcoded","src/app/cases/[id]/page.tsx","501","1","unknown","","需要核对","","Hardcoded UI copy. Migrate to i18n before automatic replacement."
"hardcoded.37cb59d43d","frontstage","hardcoded","src/app/cases/[id]/page.tsx","503","1","unknown","","原本確認","","Hardcoded UI copy. Migrate to i18n before automatic replacement."
"hardcoded.69a5d3de9c","frontstage","hardcoded","src/app/cases/[id]/page.tsx","503","1","unknown","","看原件确认","","Hardcoded UI copy. Migrate to i18n before automatic replacement."
"hardcoded.b63946280d","frontstage","hardcoded","src/app/cases/[id]/page.tsx","503","1","unknown","","원본 확인","","Hardcoded UI copy. Migrate to i18n before automatic replacement."
"hardcoded.002b0876bc","frontstage","hardcoded","src/app/cases/[id]/page.tsx","508","1","unknown","","常に使う","","Hardcoded UI copy. Migrate to i18n before automatic replacement."
"hardcoded.90c1d99470","frontstage","hardcoded","src/app/cases/[id]/page.tsx","508","1","unknown","","항상 사용","","Hardcoded UI copy. Migrate to i18n before automatic replacement."
"hardcoded.b96b4719e9","frontstage","hardcoded","src/app/cases/[id]/page.tsx","508","1","unknown","","固定需要","","Hardcoded UI copy. Migrate to i18n before automatic replacement."
"hardcoded.1b71ab10e5","frontstage","hardcoded","src/app/cases/[id]/page.tsx","509","1","unknown","","임대 안건","","Hardcoded UI copy. Migrate to i18n before automatic replacement."
"hardcoded.222acf6f96","frontstage","hardcoded","src/app/cases/[id]/page.tsx","509","1","unknown","","賃貸案件","","Hardcoded UI copy. Migrate to i18n before automatic replacement."
"hardcoded.ecc24025ca","frontstage","hardcoded","src/app/cases/[id]/page.tsx","509","1","unknown","","租赁案件","","Hardcoded UI copy. Migrate to i18n before automatic replacement."
"hardcoded.8a45fbdf8b","frontstage","hardcoded","src/app/cases/[id]/page.tsx","510","1","unknown","","본인 자료가 있을 때","","Hardcoded UI copy. Migrate to i18n before automatic replacement."
"hardcoded.a760c94ad1","frontstage","hardcoded","src/app/cases/[id]/page.tsx","510","1","unknown","","本人資料がある時","","Hardcoded UI copy. Migrate to i18n before automatic replacement."
"hardcoded.f1fdce652a","frontstage","hardcoded","src/app/cases/[id]/page.tsx","510","1","unknown","","有本人资料时","","Hardcoded UI copy. Migrate to i18n before automatic replacement."
"hardcoded.1316256767","frontstage","hardcoded","src/app/cases/[id]/page.tsx","511","1","unknown","","勤務・収入確認時","","Hardcoded UI copy. Migrate to i18n before automatic replacement."
"hardcoded.17f9ea97c6","frontstage","hardcoded","src/app/cases/[id]/page.tsx","511","1","unknown","","需要勤務/收入确认时","","Hardcoded UI copy. Migrate to i18n before automatic replacement."
"hardcoded.a47b78af4a","frontstage","hardcoded","src/app/cases/[id]/page.tsx","511","1","unknown","","근무/수입 확인 시","","Hardcoded UI copy. Migrate to i18n before automatic replacement."
"hardcoded.18dd61e0aa","frontstage","hardcoded","src/app/cases/[id]/page.tsx","512","1","unknown","","保証人あり","","Hardcoded UI copy. Migrate to i18n before automatic replacement."
"hardcoded.31302b8017","frontstage","hardcoded","src/app/cases/[id]/page.tsx","512","1","unknown","","보증인 있음","","Hardcoded UI copy. Migrate to i18n before automatic replacement."
"hardcoded.ce6eae1eab","frontstage","hardcoded","src/app/cases/[id]/page.tsx","512","1","unknown","","有保证人时","","Hardcoded UI copy. Migrate to i18n before automatic replacement."
"hardcoded.172f17d3a2","frontstage","hardcoded","src/app/cases/[id]/page.tsx","513","1","unknown","","緊急連絡先あり","","Hardcoded UI copy. Migrate to i18n before automatic replacement."
"hardcoded.8b30203ec6","frontstage","hardcoded","src/app/cases/[id]/page.tsx","513","1","unknown","","긴급연락처 있음","","Hardcoded UI copy. Migrate to i18n before automatic replacement."
"hardcoded.de663b0669","frontstage","hardcoded","src/app/cases/[id]/page.tsx","513","1","unknown","","有紧急联系人时","","Hardcoded UI copy. Migrate to i18n before automatic replacement."
"hardcoded.624d4b4a65","frontstage","hardcoded","src/app/cases/[id]/page.tsx","514","1","unknown","","同居人あり","","Hardcoded UI copy. Migrate to i18n before automatic replacement."
"hardcoded.92ece6a66f","frontstage","hardcoded","src/app/cases/[id]/page.tsx","514","1","unknown","","동거인 있음","","Hardcoded UI copy. Migrate to i18n before automatic replacement."
"hardcoded.9cc3fe1170","frontstage","hardcoded","src/app/cases/[id]/page.tsx","514","1","unknown","","有同住人时","","Hardcoded UI copy. Migrate to i18n before automatic replacement."
"hardcoded.81c957bf78","frontstage","hardcoded","src/app/cases/[id]/page.tsx","515","1","unknown","","有业者信息时","","Hardcoded UI copy. Migrate to i18n before automatic replacement."
"hardcoded.b076f2811a","frontstage","hardcoded","src/app/cases/[id]/page.tsx","515","1","unknown","","업자 정보 있음","","Hardcoded UI copy. Migrate to i18n before automatic replacement."
"hardcoded.e1e2857bc6","frontstage","hardcoded","src/app/cases/[id]/page.tsx","515","1","unknown","","業者情報あり","","Hardcoded UI copy. Migrate to i18n before automatic replacement."
"hardcoded.2e85c72040","frontstage","hardcoded","src/app/cases/[id]/page.tsx","516","1","unknown","","选择输出文件时","","Hardcoded UI copy. Migrate to i18n before automatic replacement."
"hardcoded.944497cbad","frontstage","hardcoded","src/app/cases/[id]/page.tsx","516","1","unknown","","出力選択時","","Hardcoded UI copy. Migrate to i18n before automatic replacement."
"hardcoded.de9ea037fb","frontstage","hardcoded","src/app/cases/[id]/page.tsx","516","1","unknown","","출력 선택 시","","Hardcoded UI copy. Migrate to i18n before automatic replacement."
"hardcoded.5874513758","frontstage","hardcoded","src/app/cases/[id]/page.tsx","525","1","unknown","","资料读取","","Hardcoded UI copy. Migrate to i18n before automatic replacement."
"hardcoded.84b7523fe9","frontstage","hardcoded","src/app/cases/[id]/page.tsx","525","1","unknown","","자료 판독","","Hardcoded UI copy. Migrate to i18n before automatic replacement."
"hardcoded.d7b9cb1a22","frontstage","hardcoded","src/app/cases/[id]/page.tsx","525","1","unknown","","資料から読取","","Hardcoded UI copy. Migrate to i18n before automatic replacement."
"hardcoded.d9e041496d","frontstage","hardcoded","src/app/cases/[id]/page.tsx","526","1","unknown","","需核对","","Hardcoded UI copy. Migrate to i18n before automatic replacement."
"hardcoded.2a367cbbd7","frontstage","hardcoded","src/app/cases/[id]/page.tsx","529","2","unknown","","已登记","","Hardcoded UI copy. Migrate to i18n before automatic replacement."
"hardcoded.af05034632","frontstage","hardcoded","src/app/cases/[id]/page.tsx","529","1","unknown","","登録済み","","Hardcoded UI copy. Migrate to i18n before automatic replacement."
"hardcoded.e848ed6dc0","frontstage","hardcoded","src/app/cases/[id]/page.tsx","529","2","unknown","","등록됨","","Hardcoded UI copy. Migrate to i18n before automatic replacement."
"hardcoded.08109e412c","frontstage","hardcoded","src/app/cases/[id]/page.tsx","563","3","unknown","","선택","","Hardcoded UI copy. Migrate to i18n before automatic replacement."
"hardcoded.32945d3e36","frontstage","hardcoded","src/app/cases/[id]/page.tsx","563","2","unknown","","必填","","Hardcoded UI copy. Migrate to i18n before automatic replacement."
"hardcoded.5b4a45c263","frontstage","hardcoded","src/app/cases/[id]/page.tsx","563","2","unknown","","필수","","Hardcoded UI copy. Migrate to i18n before automatic replacement."
"hardcoded.623a8d3806","frontstage","hardcoded","src/app/cases/[id]/page.tsx","563","4","unknown","","任意","","Hardcoded UI copy. Migrate to i18n before automatic replacement."
"hardcoded.924b8c1dd0","frontstage","hardcoded","src/app/cases/[id]/page.tsx","563","2","unknown","","选填","","Hardcoded UI copy. Migrate to i18n before automatic replacement."
"hardcoded.df7b17a1e3","frontstage","hardcoded","src/app/cases/[id]/page.tsx","563","2","unknown","","必須","","Hardcoded UI copy. Migrate to i18n before automatic replacement."
"hardcoded.1d766af87d","frontstage","hardcoded","src/app/cases/[id]/page.tsx","635","2","unknown","","読取結果","","Hardcoded UI copy. Migrate to i18n before automatic replacement."
"hardcoded.2266b0d4da","frontstage","hardcoded","src/app/cases/[id]/page.tsx","635","1","unknown","","资料读取结果","","Hardcoded UI copy. Migrate to i18n before automatic replacement."
"hardcoded.a5725298fb","frontstage","hardcoded","src/app/cases/[id]/page.tsx","635","1","unknown","","자료 판독 결과","","Hardcoded UI copy. Migrate to i18n before automatic replacement."
"hardcoded.03d73802b3","frontstage","hardcoded","src/app/cases/[id]/page.tsx","644","2","unknown","","读取内容","","Hardcoded UI copy. Migrate to i18n before automatic replacement."
"hardcoded.b98e7accba","frontstage","hardcoded","src/app/cases/[id]/page.tsx","644","2","unknown","","読取内容","","Hardcoded UI copy. Migrate to i18n before automatic replacement."
"hardcoded.d57c29b031","frontstage","hardcoded","src/app/cases/[id]/page.tsx","644","1","unknown","","판독 내용","","Hardcoded UI copy. Migrate to i18n before automatic replacement."
"hardcoded.1d22ecc048","frontstage","hardcoded","src/app/cases/[id]/page.tsx","647","2","unknown","","资料位置","","Hardcoded UI copy. Migrate to i18n before automatic replacement."
"hardcoded.55f5f34e03","frontstage","hardcoded","src/app/cases/[id]/page.tsx","647","2","unknown","","자료 위치","","Hardcoded UI copy. Migrate to i18n before automatic replacement."
"hardcoded.c2dcc9737c","frontstage","hardcoded","src/app/cases/[id]/page.tsx","647","2","unknown","","資料位置","","Hardcoded UI copy. Migrate to i18n before automatic replacement."
"hardcoded.392e96b18e","frontstage","hardcoded","src/app/cases/[id]/page.tsx","659","1","unknown","","この値で確認保存","","Hardcoded UI copy. Migrate to i18n before automatic replacement."
"hardcoded.672fe5c0c3","frontstage","hardcoded","src/app/cases/[id]/page.tsx","659","1","unknown","","按此值确认保存","","Hardcoded UI copy. Migrate to i18n before automatic replacement."
"hardcoded.701a819f23","frontstage","hardcoded","src/app/cases/[id]/page.tsx","659","1","unknown","","이 값으로 확인 저장","","Hardcoded UI copy. Migrate to i18n before automatic replacement."
"hardcoded.187b69be47","frontstage","hardcoded","src/app/cases/[id]/page.tsx","660","1","unknown","","按读取内容保存","","Hardcoded UI copy. Migrate to i18n before automatic replacement."
"hardcoded.4434d10d8d","frontstage","hardcoded","src/app/cases/[id]/page.tsx","660","1","unknown","","판독 내용으로 저장","","Hardcoded UI copy. Migrate to i18n before automatic replacement."
"hardcoded.5c62f3efc6","frontstage","hardcoded","src/app/cases/[id]/page.tsx","660","1","unknown","","読取内容で保存","","Hardcoded UI copy. Migrate to i18n before automatic replacement."
"hardcoded.937f41c04d","frontstage","hardcoded","src/app/cases/[id]/page.tsx","732","1","unknown","","출처 보기","","Hardcoded UI copy. Migrate to i18n before automatic replacement."
"hardcoded.a2290090c4","frontstage","hardcoded","src/app/cases/[id]/page.tsx","732","1","unknown","","出典を見る","","Hardcoded UI copy. Migrate to i18n before automatic replacement."
"hardcoded.f173ab7b66","frontstage","hardcoded","src/app/cases/[id]/page.tsx","732","1","unknown","","查看来源","","Hardcoded UI copy. Migrate to i18n before automatic replacement."
"hardcoded.f6c2b58ba6","frontstage","hardcoded","src/app/cases/[id]/page.tsx","864","1","unknown","","確認結果を案件に保存しました。必要な項目を続けて整理できます。","","Hardcoded UI copy. Migrate to i18n before automatic replacement."
"hardcoded.7bdfb40f25","frontstage","hardcoded","src/app/cases/[id]/page.tsx","865","1","unknown","","核对结果已保存到案件。可以继续整理需要的项目。","","Hardcoded UI copy. Migrate to i18n before automatic replacement."
"hardcoded.12e3a39b4f","frontstage","hardcoded","src/app/cases/[id]/page.tsx","866","1","unknown","","확인 결과를 안건에 저장했습니다. 필요한 항목을 계속 정리할 수 있습니다.","","Hardcoded UI copy. Migrate to i18n before automatic replacement."
"hardcoded.c8b4bca294","frontstage","hardcoded","src/app/cases/[id]/page.tsx","870","1","unknown","","空の案件を作成しました。必要な項目から入力できます。","","Hardcoded UI copy. Migrate to i18n before automatic replacement."
"hardcoded.b4d21240d3","frontstage","hardcoded","src/app/cases/[id]/page.tsx","871","1","unknown","","空案件已创建。可以从需要的项目开始填写。","","Hardcoded UI copy. Migrate to i18n before automatic replacement."
"hardcoded.220f501262","frontstage","hardcoded","src/app/cases/[id]/page.tsx","872","1","unknown","","빈 안건을 만들었습니다. 필요한 항목부터 입력할 수 있습니다.","","Hardcoded UI copy. Migrate to i18n before automatic replacement."
"hardcoded.b087ee0813","frontstage","hardcoded","src/app/cases/[id]/page.tsx","876","1","unknown","","情報整理を保存しました。","","Hardcoded UI copy. Migrate to i18n before automatic replacement."
"hardcoded.1abe364c53","frontstage","hardcoded","src/app/cases/[id]/page.tsx","877","1","unknown","","信息整理已保存。","","Hardcoded UI copy. Migrate to i18n before automatic replacement."
"hardcoded.fa66a28e8a","frontstage","hardcoded","src/app/cases/[id]/page.tsx","878","1","unknown","","정보 정리를 저장했습니다.","","Hardcoded UI copy. Migrate to i18n before automatic replacement."
"hardcoded.5ecdff5325","frontstage","hardcoded","src/app/cases/[id]/page.tsx","882","1","unknown","","資料を既存案件へ追加しました。合併履歴から確認・分離できます。","","Hardcoded UI copy. Migrate to i18n before automatic replacement."
"hardcoded.b018e296cf","frontstage","hardcoded","src/app/cases/[id]/page.tsx","883","1","unknown","","资料已追加到既有案件。可在合并历史中确认或拆分回退。","","Hardcoded UI copy. Migrate to i18n before automatic replacement."
"hardcoded.c3c37d9d76","frontstage","hardcoded","src/app/cases/[id]/page.tsx","884","1","unknown","","자료를 기존 안건에 추가했습니다. 합병 이력에서 확인하거나 분리할 수 있습니다.","","Hardcoded UI copy. Migrate to i18n before automatic replacement."
"hardcoded.da189b153e","frontstage","hardcoded","src/app/cases/[id]/page.tsx","888","1","unknown","","最新の合併を分離して戻しました。分離した資料は別案件として残っています。","","Hardcoded UI copy. Migrate to i18n before automatic replacement."
"hardcoded.df51a3bbf2","frontstage","hardcoded","src/app/cases/[id]/page.tsx","889","1","unknown","","已将最新合并拆分回退；拆出的资料已作为独立案件保留。","","Hardcoded UI copy. Migrate to i18n before automatic replacement."
"hardcoded.1a0d908edc","frontstage","hardcoded","src/app/cases/[id]/page.tsx","890","1","unknown","","최신 합병을 분리해 되돌렸습니다. 분리한 자료는 별도 안건으로 남아 있습니다.","","Hardcoded UI copy. Migrate to i18n before automatic replacement."
"hardcoded.0535e72e69","frontstage","hardcoded","src/app/cases/[id]/page.tsx","894","2","unknown","","Excel ファイルを選択してください。","","Hardcoded UI copy. Migrate to i18n before automatic replacement."
"hardcoded.2522f3bc24","frontstage","hardcoded","src/app/cases/[id]/page.tsx","895","2","unknown","","请选择 Excel 文件。","","Hardcoded UI copy. Migrate to i18n before automatic replacement."
"hardcoded.8ec2602df9","frontstage","hardcoded","src/app/cases/[id]/page.tsx","896","2","unknown","","Excel 파일을 선택해 주세요.","","Hardcoded UI copy. Migrate to i18n before automatic replacement."
"hardcoded.dd811bda4c","frontstage","hardcoded","src/app/cases/[id]/page.tsx","900","2","unknown","",".xlsx ファイルを選択してください。","","Hardcoded UI copy. Migrate to i18n before automatic replacement."
"hardcoded.e5f354214e","frontstage","hardcoded","src/app/cases/[id]/page.tsx","901","2","unknown","","请选择 .xlsx 文件。","","Hardcoded UI copy. Migrate to i18n before automatic replacement."
"hardcoded.44c35fd55b","frontstage","hardcoded","src/app/cases/[id]/page.tsx","902","2","unknown","",".xlsx 파일을 선택해 주세요.","","Hardcoded UI copy. Migrate to i18n before automatic replacement."
"hardcoded.b66e0b0b55","frontstage","hardcoded","src/app/cases/[id]/page.tsx","906","2","unknown","","Excel ファイルを読み取れませんでした。ファイル形式を確認してください。","","Hardcoded UI copy. Migrate to i18n before automatic replacement."
"hardcoded.d3b81b2121","frontstage","hardcoded","src/app/cases/[id]/page.tsx","907","2","unknown","","无法读取 Excel 文件，请确认文件格式。","","Hardcoded UI copy. Migrate to i18n before automatic replacement."
"hardcoded.791cf85ed6","frontstage","hardcoded","src/app/cases/[id]/page.tsx","908","2","unknown","","Excel 파일을 읽을 수 없습니다. 파일 형식을 확인해 주세요.","","Hardcoded UI copy. Migrate to i18n before automatic replacement."
"hardcoded.7592ba76bf","frontstage","hardcoded","src/app/cases/[id]/page.tsx","912","2","unknown","","Excel 内に読み取れるデータがありません。","","Hardcoded UI copy. Migrate to i18n before automatic replacement."
"hardcoded.138f47b760","frontstage","hardcoded","src/app/cases/[id]/page.tsx","913","2","unknown","","Excel 内没有可读取的数据。","","Hardcoded UI copy. Migrate to i18n before automatic replacement."
"hardcoded.76dd5bdac1","frontstage","hardcoded","src/app/cases/[id]/page.tsx","914","2","unknown","","Excel 안에 읽을 수 있는 데이터가 없습니다.","","Hardcoded UI copy. Migrate to i18n before automatic replacement."
"hardcoded.a7b0724401","frontstage","hardcoded","src/app/cases/[id]/page.tsx","918","1","unknown","","本人資料ファイルを選択してください。","","Hardcoded UI copy. Migrate to i18n before automatic replacement."
"hardcoded.f09119a688","frontstage","hardcoded","src/app/cases/[id]/page.tsx","919","2","unknown","","请选择本人资料文件。","","Hardcoded UI copy. Migrate to i18n before automatic replacement."
"hardcoded.2f48887a07","frontstage","hardcoded","src/app/cases/[id]/page.tsx","920","1","unknown","","본인 자료 파일을 선택해 주세요.","","Hardcoded UI copy. Migrate to i18n before automatic replacement."
"hardcoded.9ad151767b","frontstage","hardcoded","src/app/cases/[id]/page.tsx","924","1","unknown","","本人資料は一度に6件まで選択できます。","","Hardcoded UI copy. Migrate to i18n before automatic replacement."
"hardcoded.314b68dc9f","frontstage","hardcoded","src/app/cases/[id]/page.tsx","925","1","unknown","","本人资料一次最多选择6个文件。","","Hardcoded UI copy. Migrate to i18n before automatic replacement."
"hardcoded.2d31e0f213","frontstage","hardcoded","src/app/cases/[id]/page.tsx","926","1","unknown","","본인 자료는 한 번에 6개까지 선택할 수 있습니다.","","Hardcoded UI copy. Migrate to i18n before automatic replacement."
"hardcoded.90b6201341","frontstage","hardcoded","src/app/cases/[id]/page.tsx","930","2","unknown","","1ファイル25MB以下にしてください。","","Hardcoded UI copy. Migrate to i18n before automatic replacement."
"hardcoded.19fe49ddd1","frontstage","hardcoded","src/app/cases/[id]/page.tsx","931","2","unknown","","单个文件请控制在25MB以内。","","Hardcoded UI copy. Migrate to i18n before automatic replacement."
"hardcoded.cc6fd2b373","frontstage","hardcoded","src/app/cases/[id]/page.tsx","932","2","unknown","","파일 1개는 25MB 이하로 선택해 주세요.","","Hardcoded UI copy. Migrate to i18n before automatic replacement."
"hardcoded.4a0332af88","frontstage","hardcoded","src/app/cases/[id]/page.tsx","936","1","unknown","","ファイル合計を60MB以下にしてください。","","Hardcoded UI copy. Migrate to i18n before automatic replacement."
"hardcoded.0a0f2b17df","frontstage","hardcoded","src/app/cases/[id]/page.tsx","937","2","unknown","","文件合计请控制在60MB以内。","","Hardcoded UI copy. Migrate to i18n before automatic replacement."
"hardcoded.929b94d3e0","frontstage","hardcoded","src/app/cases/[id]/page.tsx","938","2","unknown","","전체 파일 합계는 60MB 이하로 선택해 주세요.","","Hardcoded UI copy. Migrate to i18n before automatic replacement."
"hardcoded.5acfe345db","frontstage","hardcoded","src/app/cases/[id]/page.tsx","942","1","unknown","","PDF または画像ファイルを選択してください。","","Hardcoded UI copy. Migrate to i18n before automatic replacement."
"hardcoded.a11744de4e","frontstage","hardcoded","src/app/cases/[id]/page.tsx","943","1","unknown","","请选择 PDF 或图片文件。","","Hardcoded UI copy. Migrate to i18n before automatic replacement."
"hardcoded.e4e443d101","frontstage","hardcoded","src/app/cases/[id]/page.tsx","944","1","unknown","","PDF 또는 이미지 파일을 선택해 주세요.","","Hardcoded UI copy. Migrate to i18n before automatic replacement."
"hardcoded.956e773b81","frontstage","hardcoded","src/app/cases/[id]/page.tsx","955","1","unknown","","情報を整理する","","Hardcoded UI copy. Migrate to i18n before automatic replacement."
"hardcoded.b3f676f72a","frontstage","hardcoded","src/app/cases/[id]/page.tsx","955","4","unknown","","整理信息","","Hardcoded UI copy. Migrate to i18n before automatic replacement."
"hardcoded.7dc165706e","frontstage","hardcoded","src/app/cases/[id]/page.tsx","959","1","unknown","","案件で使う情報を確認し、出典と修正履歴を残します。","","Hardcoded UI copy. Migrate to i18n before automatic replacement."
"hardcoded.ecfef02b36","frontstage","hardcoded","src/app/cases/[id]/page.tsx","959","1","unknown","","核对案件资料，保留来源和修正记录。","","Hardcoded UI copy. Migrate to i18n before automatic replacement."
"hardcoded.fb47ced683","frontstage","hardcoded","src/app/cases/[id]/page.tsx","959","1","unknown","","안건에 사용할 정보를 확인하고 출처와 수정 이력을 남깁니다.","","Hardcoded UI copy. Migrate to i18n before automatic replacement."
"hardcoded.2af8e1436f","frontstage","hardcoded","src/app/cases/[id]/page.tsx","964","1","unknown","","案件資料を編集","","Hardcoded UI copy. Migrate to i18n before automatic replacement."
"hardcoded.5058e298ac","frontstage","hardcoded","src/app/cases/[id]/page.tsx","964","1","unknown","","안건 자료 편집","","Hardcoded UI copy. Migrate to i18n before automatic replacement."
"hardcoded.6458d99135","frontstage","hardcoded","src/app/cases/[id]/page.tsx","964","1","unknown","","编辑案件资料","","Hardcoded UI copy. Migrate to i18n before automatic replacement."
"hardcoded.309f9d0610","frontstage","hardcoded","src/app/cases/[id]/page.tsx","967","5","unknown","","資料を追加","","Hardcoded UI copy. Migrate to i18n before automatic replacement."
"hardcoded.daa420b7f2","frontstage","hardcoded","src/app/cases/[id]/page.tsx","967","5","unknown","","자료 추가","","Hardcoded UI copy. Migrate to i18n before automatic replacement."
"hardcoded.e3ce763e03","frontstage","hardcoded","src/app/cases/[id]/page.tsx","967","3","unknown","","补充资料","","Hardcoded UI copy. Migrate to i18n before automatic replacement."
"hardcoded.452aa2617b","frontstage","hardcoded","src/app/cases/[id]/page.tsx","970","3","unknown","","書類を出力","","Hardcoded UI copy. Migrate to i18n before automatic replacement."
"hardcoded.7c2c5779b8","frontstage","hardcoded","src/app/cases/[id]/page.tsx","970","1","unknown","","서류 출력","","Hardcoded UI copy. Migrate to i18n before automatic replacement."
"hardcoded.c903bdccd9","frontstage","hardcoded","src/app/cases/[id]/page.tsx","970","4","unknown","","输出文件","","Hardcoded UI copy. Migrate to i18n before automatic replacement."
"hardcoded.1215ebec49","frontstage","hardcoded","src/app/cases/[id]/page.tsx","980","1","unknown","","현재 안건에 자료 추가","","Hardcoded UI copy. Migrate to i18n before automatic replacement."
"hardcoded.189023cdeb","frontstage","hardcoded","src/app/cases/[id]/page.tsx","980","1","unknown","","给当前案件追加资料","","Hardcoded UI copy. Migrate to i18n before automatic replacement."
"hardcoded.b50bbdab87","frontstage","hardcoded","src/app/cases/[id]/page.tsx","980","1","unknown","","この案件に資料を追加","","Hardcoded UI copy. Migrate to i18n before automatic replacement."
"hardcoded.b0de56bb2e","frontstage","hardcoded","src/app/cases/[id]/page.tsx","984","1","unknown","","読み取り後、確認画面で採用した項目だけをこの案件へ反映します。","","Hardcoded UI copy. Migrate to i18n before automatic replacement."
"hardcoded.b16b7bf7bc","frontstage","hardcoded","src/app/cases/[id]/page.tsx","985","1","unknown","","读取后，只会把核对画面中采用的项目写入当前案件。","","Hardcoded UI copy. Migrate to i18n before automatic replacement."
"hardcoded.7dff0dc73a","frontstage","hardcoded","src/app/cases/[id]/page.tsx","986","1","unknown","","판독 후 확인 화면에서 채택한 항목만 현재 안건에 반영합니다.","","Hardcoded UI copy. Migrate to i18n before automatic replacement."
"hardcoded.467aeb2d8b","frontstage","hardcoded","src/app/cases/[id]/page.tsx","991","1","unknown","","資料読取を開く","","Hardcoded UI copy. Migrate to i18n before automatic replacement."
"hardcoded.48f20bed2c","frontstage","hardcoded","src/app/cases/[id]/page.tsx","991","1","unknown","","打开资料读取","","Hardcoded UI copy. Migrate to i18n before automatic replacement."
"hardcoded.a7fa6406b9","frontstage","hardcoded","src/app/cases/[id]/page.tsx","991","1","unknown","","자료 읽기 열기","","Hardcoded UI copy. Migrate to i18n before automatic replacement."
"hardcoded.0f776f65d0","frontstage","hardcoded","src/app/cases/[id]/page.tsx","999","3","unknown","","본인 자료","","Hardcoded UI copy. Migrate to i18n before automatic replacement."
"hardcoded.f8d95d487a","frontstage","hardcoded","src/app/cases/[id]/page.tsx","999","4","unknown","","本人資料","","Hardcoded UI copy. Migrate to i18n before automatic replacement."
"hardcoded.f9579637f4","frontstage","hardcoded","src/app/cases/[id]/page.tsx","999","4","unknown","","本人资料","","Hardcoded UI copy. Migrate to i18n before automatic replacement."
"hardcoded.30b092afeb","frontstage","hardcoded","src/app/cases/[id]/page.tsx","1003","1","unknown","","在留カード、運転免許証、本人確認資料。","","Hardcoded UI copy. Migrate to i18n before automatic replacement."
"hardcoded.780838e0c6","frontstage","hardcoded","src/app/cases/[id]/page.tsx","1004","1","unknown","","在留卡、驾照、本人确认资料。","","Hardcoded UI copy. Migrate to i18n before automatic replacement."
"hardcoded.9c41a44fb7","frontstage","hardcoded","src/app/cases/[id]/page.tsx","1005","1","unknown","","재류카드, 운전면허증, 본인 확인 자료.","","Hardcoded UI copy. Migrate to i18n before automatic replacement."
"hardcoded.70db136802","frontstage","hardcoded","src/app/cases/[id]/page.tsx","1021","1","unknown","","Excel 자료 / 대장","","Hardcoded UI copy. Migrate to i18n before automatic replacement."
"hardcoded.b609769bfe","frontstage","hardcoded","src/app/cases/[id]/page.tsx","1021","1","unknown","","Excel资料 / 台账","","Hardcoded UI copy. Migrate to i18n before automatic replacement."
"hardcoded.dde922ae16","frontstage","hardcoded","src/app/cases/[id]/page.tsx","1021","1","unknown","","Excel資料・台帳","","Hardcoded UI copy. Migrate to i18n before automatic replacement."
"hardcoded.4b13a816fb","frontstage","hardcoded","src/app/cases/[id]/page.tsx","1025","1","unknown","","物件台帳、記入済み資料、補足一覧の .xlsx。","","Hardcoded UI copy. Migrate to i18n before automatic replacement."
"hardcoded.0a02074c01","frontstage","hardcoded","src/app/cases/[id]/page.tsx","1026","1","unknown","","物件台账、已填写资料、补充清单的 .xlsx。","","Hardcoded UI copy. Migrate to i18n before automatic replacement."
"hardcoded.3496683fdb","frontstage","hardcoded","src/app/cases/[id]/page.tsx","1027","1","unknown","","매물 대장, 작성된 자료, 보완 목록 .xlsx.","","Hardcoded UI copy. Migrate to i18n before automatic replacement."
"hardcoded.7336c62b4c","frontstage","hardcoded","src/app/cases/[id]/page.tsx","1036","1","unknown","",".xlsx 파일","","Hardcoded UI copy. Migrate to i18n before automatic replacement."
"hardcoded.c59837e0a0","frontstage","hardcoded","src/app/cases/[id]/page.tsx","1036","1","unknown","",".xlsx 文件","","Hardcoded UI copy. Migrate to i18n before automatic replacement."
"hardcoded.f75643f94e","frontstage","hardcoded","src/app/cases/[id]/page.tsx","1036","1","unknown","",".xlsx ファイル","","Hardcoded UI copy. Migrate to i18n before automatic replacement."
"hardcoded.7baf1ef80e","frontstage","hardcoded","src/app/cases/[id]/page.tsx","1046","6","unknown","","读取资料","","Hardcoded UI copy. Migrate to i18n before automatic replacement."
"hardcoded.7c4f2f93db","frontstage","hardcoded","src/app/cases/[id]/page.tsx","1046","1","unknown","","読み取る","","Hardcoded UI copy. Migrate to i18n before automatic replacement."
"hardcoded.e8c35bdf55","frontstage","hardcoded","src/app/cases/[id]/page.tsx","1046","3","unknown","","자료 읽기","","Hardcoded UI copy. Migrate to i18n before automatic replacement."
"hardcoded.4fbcf89da3","frontstage","hardcoded","src/app/cases/[id]/page.tsx","1059","1","unknown","","左侧显示栏","","Hardcoded UI copy. Migrate to i18n before automatic replacement."
"hardcoded.de262831d8","frontstage","hardcoded","src/app/cases/[id]/page.tsx","1059","1","unknown","","왼쪽 표시 영역","","Hardcoded UI copy. Migrate to i18n before automatic replacement."
"hardcoded.e894f5f625","frontstage","hardcoded","src/app/cases/[id]/page.tsx","1059","1","unknown","","左側の表示欄","","Hardcoded UI copy. Migrate to i18n before automatic replacement."
"hardcoded.4df814c469","frontstage","hardcoded","src/app/cases/[id]/page.tsx","1062","1","unknown","","완성도와 입력 결과","","Hardcoded UI copy. Migrate to i18n before automatic replacement."
"hardcoded.535ba22294","frontstage","hardcoded","src/app/cases/[id]/page.tsx","1062","1","unknown","","完成度与已填内容","","Hardcoded UI copy. Migrate to i18n before automatic replacement."
"hardcoded.a58b4c87d6","frontstage","hardcoded","src/app/cases/[id]/page.tsx","1062","1","unknown","","完成度と入力結果","","Hardcoded UI copy. Migrate to i18n before automatic replacement."
"hardcoded.85c0ff3869","frontstage","hardcoded","src/app/cases/[id]/page.tsx","1077","3","unknown","","全体","","Hardcoded UI copy. Migrate to i18n before automatic replacement."
"hardcoded.f0e2bbbacc","frontstage","hardcoded","src/app/cases/[id]/page.tsx","1077","1","unknown","","整体","","Hardcoded UI copy. Migrate to i18n before automatic replacement."
"hardcoded.066dd693e4","frontstage","hardcoded","src/app/cases/[id]/page.tsx","1078","1","unknown","","残り","","Hardcoded UI copy. Migrate to i18n before automatic replacement."
"hardcoded.734b3a3ab9","frontstage","hardcoded","src/app/cases/[id]/page.tsx","1078","1","unknown","","남음","","Hardcoded UI copy. Migrate to i18n before automatic replacement."
"hardcoded.8bb22cb783","frontstage","hardcoded","src/app/cases/[id]/page.tsx","1078","1","unknown","","还差","","Hardcoded UI copy. Migrate to i18n before automatic replacement."
"hardcoded.b7d8309e36","frontstage","hardcoded","src/app/cases/[id]/page.tsx","1080","1","unknown","","右側で入力した内容は保存後ここに反映されます。未入力と確認待ちだけを優先して表示します。","","Hardcoded UI copy. Migrate to i18n before automatic replacement."
"hardcoded.2cae63d094","frontstage","hardcoded","src/app/cases/[id]/page.tsx","1081","1","unknown","","右侧填写并保存后，会在这里反映。未填写和待确认项目优先显示。","","Hardcoded UI copy. Migrate to i18n before automatic replacement."
"hardcoded.dd149beb29","frontstage","hardcoded","src/app/cases/[id]/page.tsx","1082","1","unknown","","오른쪽에서 입력해 저장한 내용이 여기에 반영됩니다. 미입력과 확인 대기를 먼저 보여줍니다.","","Hardcoded UI copy. Migrate to i18n before automatic replacement."
"hardcoded.00bf9f5624","frontstage","hardcoded","src/app/cases/[id]/page.tsx","1085","1","unknown","","项完成","","Hardcoded UI copy. Migrate to i18n before automatic replacement."
"hardcoded.2839493d43","frontstage","hardcoded","src/app/cases/[id]/page.tsx","1085","1","unknown","","項目 完了","","Hardcoded UI copy. Migrate to i18n before automatic replacement."
"hardcoded.4c99323c5a","frontstage","hardcoded","src/app/cases/[id]/page.tsx","1085","1","unknown","","개 완료","","Hardcoded UI copy. Migrate to i18n before automatic replacement."
"hardcoded.33eed0464a","frontstage","hardcoded","src/app/cases/[id]/page.tsx","1091","1","unknown","","今見ている入力結果","","Hardcoded UI copy. Migrate to i18n before automatic replacement."
"hardcoded.54a4e7debc","frontstage","hardcoded","src/app/cases/[id]/page.tsx","1091","1","unknown","","当前输入结果","","Hardcoded UI copy. Migrate to i18n before automatic replacement."
"hardcoded.90c7ef43d5","frontstage","hardcoded","src/app/cases/[id]/page.tsx","1091","1","unknown","","현재 입력 결과","","Hardcoded UI copy. Migrate to i18n before automatic replacement."
"hardcoded.220e9ad024","frontstage","hardcoded","src/app/cases/[id]/page.tsx","1100","1","unknown","","다음 입력","","Hardcoded UI copy. Migrate to i18n before automatic replacement."
"hardcoded.a2879b6eed","frontstage","hardcoded","src/app/cases/[id]/page.tsx","1100","1","unknown","","次に入力","","Hardcoded UI copy. Migrate to i18n before automatic replacement."
"hardcoded.b2b4a773c3","frontstage","hardcoded","src/app/cases/[id]/page.tsx","1100","1","unknown","","下一项","","Hardcoded UI copy. Migrate to i18n before automatic replacement."
"hardcoded.543c75c412","frontstage","hardcoded","src/app/cases/[id]/page.tsx","1105","1","unknown","","当前分类已整理。","","Hardcoded UI copy. Migrate to i18n before automatic replacement."
"hardcoded.6e9066bd8f","frontstage","hardcoded","src/app/cases/[id]/page.tsx","1105","1","unknown","","この分類は整理済みです。","","Hardcoded UI copy. Migrate to i18n before automatic replacement."
"hardcoded.cab23b6104","frontstage","hardcoded","src/app/cases/[id]/page.tsx","1105","1","unknown","","현재 분류는 정리되었습니다.","","Hardcoded UI copy. Migrate to i18n before automatic replacement."
"hardcoded.3f2e9e9973","frontstage","hardcoded","src/app/cases/[id]/page.tsx","1139","1","unknown","","有待整理","","Hardcoded UI copy. Migrate to i18n before automatic replacement."
"hardcoded.8db69a8209","frontstage","hardcoded","src/app/cases/[id]/page.tsx","1139","1","unknown","","未整理あり","","Hardcoded UI copy. Migrate to i18n before automatic replacement."
"hardcoded.a30f46b7ff","frontstage","hardcoded","src/app/cases/[id]/page.tsx","1139","4","unknown","","정리 필요","","Hardcoded UI copy. Migrate to i18n before automatic replacement."
"hardcoded.149431304f","frontstage","hardcoded","src/app/cases/[id]/page.tsx","1140","4","unknown","","정리됨","","Hardcoded UI copy. Migrate to i18n before automatic replacement."
"hardcoded.3a9aac742f","frontstage","hardcoded","src/app/cases/[id]/page.tsx","1140","3","unknown","","整理済み","","Hardcoded UI copy. Migrate to i18n before automatic replacement."
"hardcoded.b2c2b480a6","frontstage","hardcoded","src/app/cases/[id]/page.tsx","1140","4","unknown","","已整理","","Hardcoded UI copy. Migrate to i18n before automatic replacement."
"hardcoded.03f88d3049","frontstage","hardcoded","src/app/cases/[id]/page.tsx","1167","3","unknown","","待整理","","Hardcoded UI copy. Migrate to i18n before automatic replacement."
"hardcoded.7ee50e4e08","frontstage","hardcoded","src/app/cases/[id]/page.tsx","1167","2","unknown","","未整理","","Hardcoded UI copy. Migrate to i18n before automatic replacement."
"hardcoded.33246f6a5e","frontstage","hardcoded","src/app/cases/[id]/page.tsx","1168","3","unknown","","完成","","Hardcoded UI copy. Migrate to i18n before automatic replacement."
"hardcoded.333228ec5c","frontstage","hardcoded","src/app/cases/[id]/page.tsx","1168","1","unknown","","済","","Hardcoded UI copy. Migrate to i18n before automatic replacement."
"hardcoded.8d8680373c","frontstage","hardcoded","src/app/cases/[id]/page.tsx","1168","5","unknown","","완료","","Hardcoded UI copy. Migrate to i18n before automatic replacement."
"hardcoded.15f2aefaf0","frontstage","hardcoded","src/app/cases/[id]/page.tsx","1186","1","unknown","","현재 표시 분류","","Hardcoded UI copy. Migrate to i18n before automatic replacement."
"hardcoded.20628a692f","frontstage","hardcoded","src/app/cases/[id]/page.tsx","1186","1","unknown","","現在表示している分類","","Hardcoded UI copy. Migrate to i18n before automatic replacement."
"hardcoded.a5e83913c3","frontstage","hardcoded","src/app/cases/[id]/page.tsx","1186","1","unknown","","当前显示分类","","Hardcoded UI copy. Migrate to i18n before automatic replacement."
"hardcoded.2cb66139bb","frontstage","hardcoded","src/app/cases/[id]/page.tsx","1190","1","unknown","","입력됨","","Hardcoded UI copy. Migrate to i18n before automatic replacement."
"hardcoded.c6f6a42e6f","frontstage","hardcoded","src/app/cases/[id]/page.tsx","1190","1","unknown","","已填写","","Hardcoded UI copy. Migrate to i18n before automatic replacement."
"hardcoded.d3d436acb0","frontstage","hardcoded","src/app/cases/[id]/page.tsx","1190","4","unknown","","入力済み","","Hardcoded UI copy. Migrate to i18n before automatic replacement."
"hardcoded.82862a0b49","frontstage","hardcoded","src/app/cases/[id]/page.tsx","1196","1","unknown","","接下来要填","","Hardcoded UI copy. Migrate to i18n before automatic replacement."
"hardcoded.bc1ecc08d9","frontstage","hardcoded","src/app/cases/[id]/page.tsx","1196","1","unknown","","다음 입력 항목","","Hardcoded UI copy. Migrate to i18n before automatic replacement."
"hardcoded.d5aebf2f32","frontstage","hardcoded","src/app/cases/[id]/page.tsx","1196","1","unknown","","次に入力する項目","","Hardcoded UI copy. Migrate to i18n before automatic replacement."
"hardcoded.6ca9ac8d81","frontstage","hardcoded","src/app/cases/[id]/page.tsx","1214","1","unknown","","이미 입력된 내용","","Hardcoded UI copy. Migrate to i18n before automatic replacement."
"hardcoded.916e7b2726","frontstage","hardcoded","src/app/cases/[id]/page.tsx","1214","1","unknown","","すでに入っている内容","","Hardcoded UI copy. Migrate to i18n before automatic replacement."
"hardcoded.bdc0b15cec","frontstage","hardcoded","src/app/cases/[id]/page.tsx","1214","1","unknown","","已经有的内容","","Hardcoded UI copy. Migrate to i18n before automatic replacement."
"hardcoded.1e59196785","frontstage","hardcoded","src/app/cases/[id]/page.tsx","1234","4","unknown","","항목","","Hardcoded UI copy. Migrate to i18n before automatic replacement."
"hardcoded.22336e6b89","frontstage","hardcoded","src/app/cases/[id]/page.tsx","1234","2","unknown","","项目","","Hardcoded UI copy. Migrate to i18n before automatic replacement."
"hardcoded.676fd36f18","frontstage","hardcoded","src/app/cases/[id]/page.tsx","1234","4","unknown","","項目","","Hardcoded UI copy. Migrate to i18n before automatic replacement."
"hardcoded.163aec9194","frontstage","hardcoded","src/app/cases/[id]/page.tsx","1235","5","unknown","","内容","","Hardcoded UI copy. Migrate to i18n before automatic replacement."
"hardcoded.8a0c65f9e1","frontstage","hardcoded","src/app/cases/[id]/page.tsx","1235","2","unknown","","내용","","Hardcoded UI copy. Migrate to i18n before automatic replacement."
"hardcoded.2926977ba7","frontstage","hardcoded","src/app/cases/[id]/page.tsx","1236","16","unknown","","상태","","Hardcoded UI copy. Migrate to i18n before automatic replacement."
"hardcoded.62e951a692","frontstage","hardcoded","src/app/cases/[id]/page.tsx","1236","16","unknown","","状态","","Hardcoded UI copy. Migrate to i18n before automatic replacement."
"hardcoded.74785537a0","frontstage","hardcoded","src/app/cases/[id]/page.tsx","1236","13","unknown","","状態","","Hardcoded UI copy. Migrate to i18n before automatic replacement."
"hardcoded.00663f59a2","frontstage","hardcoded","src/app/cases/[id]/page.tsx","1295","1","unknown","","保存并更新左侧","","Hardcoded UI copy. Migrate to i18n before automatic replacement."
"hardcoded.1b560f9930","frontstage","hardcoded","src/app/cases/[id]/page.tsx","1295","1","unknown","","保存して左に反映","","Hardcoded UI copy. Migrate to i18n before automatic replacement."
"hardcoded.e048aa35d0","frontstage","hardcoded","src/app/cases/[id]/page.tsx","1295","1","unknown","","저장하고 왼쪽 반영","","Hardcoded UI copy. Migrate to i18n before automatic replacement."
"hardcoded.075d5c22d2","frontstage","hardcoded","src/app/cases/[id]/page.tsx","1296","1","unknown","","저장 중","","Hardcoded UI copy. Migrate to i18n before automatic replacement."
"hardcoded.a032e8fdda","frontstage","hardcoded","src/app/cases/[id]/page.tsx","1296","2","unknown","","保存中","","Hardcoded UI copy. Migrate to i18n before automatic replacement."
"hardcoded.3381f5af74","frontstage","hardcoded","src/app/cases/[id]/page.tsx","1338","1","unknown","","이 분류에 남은 항목이 없습니다.","","Hardcoded UI copy. Migrate to i18n before automatic replacement."
"hardcoded.62715380f3","frontstage","hardcoded","src/app/cases/[id]/page.tsx","1338","1","unknown","","当前分类没有待填写项目。","","Hardcoded UI copy. Migrate to i18n before automatic replacement."
"hardcoded.67dacbb50a","frontstage","hardcoded","src/app/cases/[id]/page.tsx","1338","1","unknown","","この分類に未処理の項目はありません。","","Hardcoded UI copy. Migrate to i18n before automatic replacement."
"hardcoded.212f1c7407","frontstage","hardcoded","src/app/cases/[id]/page.tsx","1351","1","unknown","","자료 합병 이력","","Hardcoded UI copy. Migrate to i18n before automatic replacement."
"hardcoded.345721cd76","frontstage","hardcoded","src/app/cases/[id]/page.tsx","1351","1","unknown","","資料合併履歴","","Hardcoded UI copy. Migrate to i18n before automatic replacement."
"hardcoded.5cb0a8eafa","frontstage","hardcoded","src/app/cases/[id]/page.tsx","1351","1","unknown","","资料合并历史","","Hardcoded UI copy. Migrate to i18n before automatic replacement."
"hardcoded.a33dc6f277","frontstage","hardcoded","src/app/cases/[id]/page.tsx","1355","1","unknown","","既存案件へ追加した資料、照合理由、差分、分離可否を残します。","","Hardcoded UI copy. Migrate to i18n before automatic replacement."
"hardcoded.01ebdeaf16","frontstage","hardcoded","src/app/cases/[id]/page.tsx","1356","1","unknown","","保留追加到既有案件的资料、匹配理由、差异和可拆分状态。","","Hardcoded UI copy. Migrate to i18n before automatic replacement."
"hardcoded.3b15f63dd0","frontstage","hardcoded","src/app/cases/[id]/page.tsx","1357","1","unknown","","기존 안건에 추가한 자료, 대조 이유, 차이, 분리 가능 상태를 남깁니다.","","Hardcoded UI copy. Migrate to i18n before automatic replacement."
"hardcoded.18de74e89f","frontstage","hardcoded","src/app/cases/[id]/page.tsx","1362","2","unknown","","합병 중","","Hardcoded UI copy. Migrate to i18n before automatic replacement."
"hardcoded.9c8acd3d30","frontstage","hardcoded","src/app/cases/[id]/page.tsx","1362","2","unknown","","已合并","","Hardcoded UI copy. Migrate to i18n before automatic replacement."
"hardcoded.be99ffed14","frontstage","hardcoded","src/app/cases/[id]/page.tsx","1362","2","unknown","","合併中","","Hardcoded UI copy. Migrate to i18n before automatic replacement."
"hardcoded.89fae9e3fd","frontstage","hardcoded","src/app/cases/[id]/page.tsx","1377","1","unknown","","归属参考","","Hardcoded UI copy. Migrate to i18n before automatic replacement."
"hardcoded.c22809b8ae","frontstage","hardcoded","src/app/cases/[id]/page.tsx","1377","1","unknown","","귀속 참고","","Hardcoded UI copy. Migrate to i18n before automatic replacement."
"hardcoded.e89d85b94f","frontstage","hardcoded","src/app/cases/[id]/page.tsx","1377","1","unknown","","割当参考","","Hardcoded UI copy. Migrate to i18n before automatic replacement."
"hardcoded.84def9f201","frontstage","hardcoded","src/app/cases/[id]/page.tsx","1383","1","unknown","","分離済み","","Hardcoded UI copy. Migrate to i18n before automatic replacement."
"hardcoded.aa62a2840e","frontstage","hardcoded","src/app/cases/[id]/page.tsx","1383","1","unknown","","분리됨","","Hardcoded UI copy. Migrate to i18n before automatic replacement."
"hardcoded.c21863b75e","frontstage","hardcoded","src/app/cases/[id]/page.tsx","1383","1","unknown","","已拆分","","Hardcoded UI copy. Migrate to i18n before automatic replacement."
"hardcoded.2cd9e6ce81","frontstage","hardcoded","src/app/cases/[id]/page.tsx","1393","1","unknown","","新增","","Hardcoded UI copy. Migrate to i18n before automatic replacement."
"hardcoded.5794299536","frontstage","hardcoded","src/app/cases/[id]/page.tsx","1393","1","unknown","","추가","","Hardcoded UI copy. Migrate to i18n before automatic replacement."
"hardcoded.aec344de80","frontstage","hardcoded","src/app/cases/[id]/page.tsx","1393","1","unknown","","追加","","Hardcoded UI copy. Migrate to i18n before automatic replacement."
"hardcoded.aaa58ce7ad","frontstage","hardcoded","src/app/cases/[id]/page.tsx","1396","1","unknown","","差异","","Hardcoded UI copy. Migrate to i18n before automatic replacement."
"hardcoded.f4b1e545cf","frontstage","hardcoded","src/app/cases/[id]/page.tsx","1396","2","unknown","","차이","","Hardcoded UI copy. Migrate to i18n before automatic replacement."
"hardcoded.f611e26f87","frontstage","hardcoded","src/app/cases/[id]/page.tsx","1396","1","unknown","","差分","","Hardcoded UI copy. Migrate to i18n before automatic replacement."
"hardcoded.c7e82cc1e9","frontstage","hardcoded","src/app/cases/[id]/page.tsx","1401","1","unknown","","差异内容","","Hardcoded UI copy. Migrate to i18n before automatic replacement."
"hardcoded.e670bc48d4","frontstage","hardcoded","src/app/cases/[id]/page.tsx","1401","1","unknown","","差分内容","","Hardcoded UI copy. Migrate to i18n before automatic replacement."
"hardcoded.fb679d6e28","frontstage","hardcoded","src/app/cases/[id]/page.tsx","1401","1","unknown","","차이 내용","","Hardcoded UI copy. Migrate to i18n before automatic replacement."
"hardcoded.33088fd001","frontstage","hardcoded","src/app/cases/[id]/page.tsx","1417","1","unknown","","この資料を別案件へ分離し、現在の案件を合併前の状態へ戻すことを確認します。","","Hardcoded UI copy. Migrate to i18n before automatic replacement."
"hardcoded.6bc6020941","frontstage","hardcoded","src/app/cases/[id]/page.tsx","1418","1","unknown","","确认将这份资料拆成独立案件，并把当前案件恢复到合并前状态。","","Hardcoded UI copy. Migrate to i18n before automatic replacement."
"hardcoded.95376b8a7d","frontstage","hardcoded","src/app/cases/[id]/page.tsx","1419","1","unknown","","이 자료를 별도 안건으로 분리하고 현재 안건을 합병 전 상태로 되돌리는 것을 확인합니다.","","Hardcoded UI copy. Migrate to i18n before automatic replacement."
"hardcoded.293b4f5544","frontstage","hardcoded","src/app/cases/[id]/page.tsx","1424","1","unknown","","この合併を分離して戻す","","Hardcoded UI copy. Migrate to i18n before automatic replacement."
"hardcoded.ce0433cc74","frontstage","hardcoded","src/app/cases/[id]/page.tsx","1424","1","unknown","","이 합병을 분리해 되돌리기","","Hardcoded UI copy. Migrate to i18n before automatic replacement."
"hardcoded.de9a9ec3ed","frontstage","hardcoded","src/app/cases/[id]/page.tsx","1424","1","unknown","","拆分并回退这次合并","","Hardcoded UI copy. Migrate to i18n before automatic replacement."
"hardcoded.3bf9dd0212","frontstage","hardcoded","src/app/cases/[id]/page.tsx","1437","1","unknown","","显示输入文件与来源","","Hardcoded UI copy. Migrate to i18n before automatic replacement."
"hardcoded.48c450bad7","frontstage","hardcoded","src/app/cases/[id]/page.tsx","1437","1","unknown","","入力ファイル・出典を表示","","Hardcoded UI copy. Migrate to i18n before automatic replacement."
"hardcoded.6ee981b7f1","frontstage","hardcoded","src/app/cases/[id]/page.tsx","1437","1","unknown","","입력 파일과 출처 표시","","Hardcoded UI copy. Migrate to i18n before automatic replacement."
"hardcoded.60b0ddf266","frontstage","hardcoded","src/app/cases/[id]/page.tsx","1441","1","unknown","","输入文件 / 来源","","Hardcoded UI copy. Migrate to i18n before automatic replacement."
"hardcoded.9dd7f7f05b","frontstage","hardcoded","src/app/cases/[id]/page.tsx","1441","1","unknown","","입력 파일 / 출처","","Hardcoded UI copy. Migrate to i18n before automatic replacement."
"hardcoded.f8e7ac260d","frontstage","hardcoded","src/app/cases/[id]/page.tsx","1441","1","unknown","","入力ファイル・出典","","Hardcoded UI copy. Migrate to i18n before automatic replacement."
"hardcoded.2a1b01fa9a","frontstage","hardcoded","src/app/cases/[id]/page.tsx","1458","1","unknown","","入力ルールの改善記録","","Hardcoded UI copy. Migrate to i18n before automatic replacement."
"hardcoded.ba0bf187b5","frontstage","hardcoded","src/app/cases/[id]/page.tsx","1458","1","unknown","","작성 규칙 개선 기록","","Hardcoded UI copy. Migrate to i18n before automatic replacement."
"hardcoded.cadb8f34b3","frontstage","hardcoded","src/app/cases/[id]/page.tsx","1458","1","unknown","","填写规则改进记录","","Hardcoded UI copy. Migrate to i18n before automatic replacement."
"hardcoded.b6ca64875c","frontstage","hardcoded","src/app/cases/[id]/page.tsx","1462","1","unknown","","保存時に残した修正記録です。後続の入力ルール確認に使います。","","Hardcoded UI copy. Migrate to i18n before automatic replacement."
"hardcoded.d648675173","frontstage","hardcoded","src/app/cases/[id]/page.tsx","1463","1","unknown","","这里记录保存时产生的修正内容，用于后续填写规则审核。","","Hardcoded UI copy. Migrate to i18n before automatic replacement."
"hardcoded.48a6301a0e","frontstage","hardcoded","src/app/cases/[id]/page.tsx","1464","1","unknown","","저장 시 남긴 수정 기록입니다. 이후 작성 규칙 검토에 사용합니다.","","Hardcoded UI copy. Migrate to i18n before automatic replacement."
"hardcoded.735b7242f4","frontstage","hardcoded","src/app/cases/[id]/page.tsx","1480","1","unknown","","변경 전","","Hardcoded UI copy. Migrate to i18n before automatic replacement."
"hardcoded.942b33c07e","frontstage","hardcoded","src/app/cases/[id]/page.tsx","1480","1","unknown","","変更前","","Hardcoded UI copy. Migrate to i18n before automatic replacement."
"hardcoded.c9a559451d","frontstage","hardcoded","src/app/cases/[id]/page.tsx","1480","1","unknown","","修改前","","Hardcoded UI copy. Migrate to i18n before automatic replacement."
"hardcoded.5a442ed595","frontstage","hardcoded","src/app/cases/[id]/page.tsx","1484","1","unknown","","确认后","","Hardcoded UI copy. Migrate to i18n before automatic replacement."
"hardcoded.badc30ccdd","frontstage","hardcoded","src/app/cases/[id]/page.tsx","1484","1","unknown","","확인 후","","Hardcoded UI copy. Migrate to i18n before automatic replacement."
"hardcoded.d9e6b04d25","frontstage","hardcoded","src/app/cases/[id]/page.tsx","1484","1","unknown","","確認後","","Hardcoded UI copy. Migrate to i18n before automatic replacement."
"hardcoded.0e1ca7f57a","frontstage","hardcoded","src/app/cases/[id]/page.tsx","1497","1","unknown","","修正履歴はまだありません。保存時に必要な差分だけ記録します。","","Hardcoded UI copy. Migrate to i18n before automatic replacement."
"hardcoded.339b30729e","frontstage","hardcoded","src/app/cases/[id]/page.tsx","1497","1","unknown","","暂无修正履历。保存时只记录必要差异。","","Hardcoded UI copy. Migrate to i18n before automatic replacement."
"hardcoded.e5bd74f9ea","frontstage","hardcoded","src/app/cases/[id]/page.tsx","1497","1","unknown","","수정 이력이 아직 없습니다. 저장 시 필요한 차이만 기록합니다.","","Hardcoded UI copy. Migrate to i18n before automatic replacement."
"hardcoded.ca648744b4","frontstage","hardcoded","src/app/cases/[id]/page.tsx","1505","1","unknown","","검토 상태와 출처 증거","","Hardcoded UI copy. Migrate to i18n before automatic replacement."
"hardcoded.f4efd2c6b7","frontstage","hardcoded","src/app/cases/[id]/page.tsx","1505","1","unknown","","確認状態と根拠","","Hardcoded UI copy. Migrate to i18n before automatic replacement."
"hardcoded.f91a4ad2e6","frontstage","hardcoded","src/app/cases/[id]/page.tsx","1505","1","unknown","","核对状态与来源证据","","Hardcoded UI copy. Migrate to i18n before automatic replacement."
"hardcoded.3ee721212e","frontstage","hardcoded","src/app/cases/[id]/page.tsx","1520","1","unknown","","案件の確認済みデータには含めません。","","Hardcoded UI copy. Migrate to i18n before automatic replacement."
"hardcoded.73ed0e637a","frontstage","hardcoded","src/app/cases/[id]/page.tsx","1520","1","unknown","","不会计入案件的已确认数据。","","Hardcoded UI copy. Migrate to i18n before automatic replacement."
"hardcoded.7bb9563a85","frontstage","hardcoded","src/app/cases/[id]/page.tsx","1520","1","unknown","","안건 확인 데이터에는 포함하지 않습니다.","","Hardcoded UI copy. Migrate to i18n before automatic replacement."
"hardcoded.25cbb9db78","frontstage","hardcoded","src/app/cases/[id]/page.tsx","1531","1","unknown","","保存済みの出典レビューはまだありません。","","Hardcoded UI copy. Migrate to i18n before automatic replacement."
"hardcoded.619a109890","frontstage","hardcoded","src/app/cases/[id]/page.tsx","1531","1","unknown","","暂无已保存的来源核对记录。","","Hardcoded UI copy. Migrate to i18n before automatic replacement."
"hardcoded.d285feec96","frontstage","hardcoded","src/app/cases/[id]/page.tsx","1531","1","unknown","","저장된 출처 검토 기록이 아직 없습니다.","","Hardcoded UI copy. Migrate to i18n before automatic replacement."
"hardcoded.9ebc58bf82","frontstage","hardcoded","src/app/cases/new/page.tsx","16","5","unknown","","案件を作成","","Hardcoded UI copy. Migrate to i18n before automatic replacement."
"hardcoded.e479c18f2a","frontstage","hardcoded","src/app/cases/new/page.tsx","17","1","unknown","","案件の用途を決め、必要であれば関係者と物件を先に紐付けます。","","Hardcoded UI copy. Migrate to i18n before automatic replacement."
"hardcoded.e2036743c7","frontstage","hardcoded","src/app/cases/new/page.tsx","18","2","unknown","","整理情報へ戻る","","Hardcoded UI copy. Migrate to i18n before automatic replacement."
"hardcoded.1fc14d2dcc","frontstage","hardcoded","src/app/cases/new/page.tsx","19","3","unknown","","作成入口へ戻る","","Hardcoded UI copy. Migrate to i18n before automatic replacement."
"hardcoded.d26d2be2d6","frontstage","hardcoded","src/app/cases/new/page.tsx","20","1","unknown","","案件情報","","Hardcoded UI copy. Migrate to i18n before automatic replacement."
"hardcoded.9933897158","frontstage","hardcoded","src/app/cases/new/page.tsx","21","1","unknown","","関連付け","","Hardcoded UI copy. Migrate to i18n before automatic replacement."
"hardcoded.98722fb1dc","frontstage","hardcoded","src/app/cases/new/page.tsx","22","2","unknown","","案件名","","Hardcoded UI copy. Migrate to i18n before automatic replacement."
"hardcoded.f8d5acf44e","frontstage","hardcoded","src/app/cases/new/page.tsx","23","1","unknown","","案件種別","","Hardcoded UI copy. Migrate to i18n before automatic replacement."
"hardcoded.e8dd1ef13c","frontstage","hardcoded","src/app/cases/new/page.tsx","24","9","unknown","","関係者","","Hardcoded UI copy. Migrate to i18n before automatic replacement."
"hardcoded.8a10be6e46","frontstage","hardcoded","src/app/cases/new/page.tsx","25","31","unknown","","物件","","Hardcoded UI copy. Migrate to i18n before automatic replacement."
"hardcoded.ac6c17d04a","frontstage","hardcoded","src/app/cases/new/page.tsx","26","2","unknown","","未選択","","Hardcoded UI copy. Migrate to i18n before automatic replacement."
"hardcoded.fcd7676ceb","frontstage","hardcoded","src/app/cases/new/page.tsx","27","2","unknown","","賃貸申込","","Hardcoded UI copy. Migrate to i18n before automatic replacement."
"hardcoded.d2686594a4","frontstage","hardcoded","src/app/cases/new/page.tsx","28","1","unknown","","賃貸募集","","Hardcoded UI copy. Migrate to i18n before automatic replacement."
"hardcoded.c856d36362","frontstage","hardcoded","src/app/cases/new/page.tsx","29","1","unknown","","売却依頼","","Hardcoded UI copy. Migrate to i18n before automatic replacement."
"hardcoded.c4ca75530a","frontstage","hardcoded","src/app/cases/new/page.tsx","30","1","unknown","","見積・提案","","Hardcoded UI copy. Migrate to i18n before automatic replacement."
"hardcoded.f4017ca351","frontstage","hardcoded","src/app/cases/new/page.tsx","31","1","unknown","","契約準備","","Hardcoded UI copy. Migrate to i18n before automatic replacement."
"hardcoded.d911587eef","frontstage","hardcoded","src/app/cases/new/page.tsx","33","4","unknown","","関係者を追加","","Hardcoded UI copy. Migrate to i18n before automatic replacement."
"hardcoded.043b29d69b","frontstage","hardcoded","src/app/cases/new/page.tsx","34","4","unknown","","物件を追加","","Hardcoded UI copy. Migrate to i18n before automatic replacement."
"hardcoded.c871b0715d","frontstage","hardcoded","src/app/cases/new/page.tsx","37","4","unknown","","新建案件","","Hardcoded UI copy. Migrate to i18n before automatic replacement."
"hardcoded.ee656f1e8d","frontstage","hardcoded","src/app/cases/new/page.tsx","38","1","unknown","","先确定案件用途；如有已知主体和物件，可以在创建时先关联。","","Hardcoded UI copy. Migrate to i18n before automatic replacement."
"hardcoded.465e971bc0","frontstage","hardcoded","src/app/cases/new/page.tsx","39","2","unknown","","返回整理信息","","Hardcoded UI copy. Migrate to i18n before automatic replacement."
"hardcoded.59d4a0365b","frontstage","hardcoded","src/app/cases/new/page.tsx","40","3","unknown","","返回建档入口","","Hardcoded UI copy. Migrate to i18n before automatic replacement."
"hardcoded.45d494d8d1","frontstage","hardcoded","src/app/cases/new/page.tsx","41","1","unknown","","案件信息","","Hardcoded UI copy. Migrate to i18n before automatic replacement."
"hardcoded.7f47707eb5","frontstage","hardcoded","src/app/cases/new/page.tsx","42","2","unknown","","关联对象","","Hardcoded UI copy. Migrate to i18n before automatic replacement."
"hardcoded.d065f87ac9","frontstage","hardcoded","src/app/cases/new/page.tsx","44","1","unknown","","案件类型","","Hardcoded UI copy. Migrate to i18n before automatic replacement."
"hardcoded.37b2209ec9","frontstage","hardcoded","src/app/cases/new/page.tsx","45","4","unknown","","主体","","Hardcoded UI copy. Migrate to i18n before automatic replacement."
"hardcoded.53e2db7016","frontstage","hardcoded","src/app/cases/new/page.tsx","47","1","unknown","","未选择","","Hardcoded UI copy. Migrate to i18n before automatic replacement."
"hardcoded.1fa47f8861","frontstage","hardcoded","src/app/cases/new/page.tsx","48","2","unknown","","租赁申请","","Hardcoded UI copy. Migrate to i18n before automatic replacement."
"hardcoded.17a50944a4","frontstage","hardcoded","src/app/cases/new/page.tsx","49","1","unknown","","出租委托","","Hardcoded UI copy. Migrate to i18n before automatic replacement."
"hardcoded.ca3cbdeb00","frontstage","hardcoded","src/app/cases/new/page.tsx","50","1","unknown","","出售委托","","Hardcoded UI copy. Migrate to i18n before automatic replacement."
"hardcoded.fe2ae2ef1c","frontstage","hardcoded","src/app/cases/new/page.tsx","51","1","unknown","","报价 / 提案","","Hardcoded UI copy. Migrate to i18n before automatic replacement."
"hardcoded.7789441a65","frontstage","hardcoded","src/app/cases/new/page.tsx","52","1","unknown","","合同准备","","Hardcoded UI copy. Migrate to i18n before automatic replacement."
"hardcoded.90f352d9b0","frontstage","hardcoded","src/app/cases/new/page.tsx","53","2","unknown","","创建案件","","Hardcoded UI copy. Migrate to i18n before automatic replacement."
"hardcoded.c081a98ab1","frontstage","hardcoded","src/app/cases/new/page.tsx","54","3","unknown","","新建主体","","Hardcoded UI copy. Migrate to i18n before automatic replacement."
"hardcoded.9f84da9219","frontstage","hardcoded","src/app/cases/new/page.tsx","55","5","unknown","","新建物件","","Hardcoded UI copy. Migrate to i18n before automatic replacement."
"hardcoded.f897b3882a","frontstage","hardcoded","src/app/cases/new/page.tsx","58","4","unknown","","안건 생성","","Hardcoded UI copy. Migrate to i18n before automatic replacement."
"hardcoded.dffa8ebe6b","frontstage","hardcoded","src/app/cases/new/page.tsx","59","1","unknown","","안건의 용도를 정하고, 필요한 경우 관계자와 매물을 먼저 연결합니다.","","Hardcoded UI copy. Migrate to i18n before automatic replacement."
"hardcoded.48b9a3e97e","frontstage","hardcoded","src/app/cases/new/page.tsx","60","2","unknown","","정보 정리로 돌아가기","","Hardcoded UI copy. Migrate to i18n before automatic replacement."
"hardcoded.1a0f98b2e2","frontstage","hardcoded","src/app/cases/new/page.tsx","61","3","unknown","","등록 입구로 돌아가기","","Hardcoded UI copy. Migrate to i18n before automatic replacement."
"hardcoded.8a08d4152f","frontstage","hardcoded","src/app/cases/new/page.tsx","62","1","unknown","","안건 정보","","Hardcoded UI copy. Migrate to i18n before automatic replacement."
"hardcoded.6d953fcbc8","frontstage","hardcoded","src/app/cases/new/page.tsx","63","3","unknown","","연결 대상","","Hardcoded UI copy. Migrate to i18n before automatic replacement."
"hardcoded.9dc0cdc7ff","frontstage","hardcoded","src/app/cases/new/page.tsx","64","1","unknown","","안건명","","Hardcoded UI copy. Migrate to i18n before automatic replacement."
"hardcoded.e9402f22f8","frontstage","hardcoded","src/app/cases/new/page.tsx","65","1","unknown","","안건 유형","","Hardcoded UI copy. Migrate to i18n before automatic replacement."
"hardcoded.e42bf89a87","frontstage","hardcoded","src/app/cases/new/page.tsx","66","9","unknown","","관계자","","Hardcoded UI copy. Migrate to i18n before automatic replacement."
"hardcoded.ffabd54614","frontstage","hardcoded","src/app/cases/new/page.tsx","67","14","unknown","","매물","","Hardcoded UI copy. Migrate to i18n before automatic replacement."
"hardcoded.ed162c0784","frontstage","hardcoded","src/app/cases/new/page.tsx","68","1","unknown","","선택 안 함","","Hardcoded UI copy. Migrate to i18n before automatic replacement."
"hardcoded.c45b526258","frontstage","hardcoded","src/app/cases/new/page.tsx","69","1","unknown","","임대 신청","","Hardcoded UI copy. Migrate to i18n before automatic replacement."
"hardcoded.9ae42a76b2","frontstage","hardcoded","src/app/cases/new/page.tsx","70","1","unknown","","임대 모집","","Hardcoded UI copy. Migrate to i18n before automatic replacement."
"hardcoded.6daf59ca97","frontstage","hardcoded","src/app/cases/new/page.tsx","71","1","unknown","","매각 의뢰","","Hardcoded UI copy. Migrate to i18n before automatic replacement."
"hardcoded.ab9b165232","frontstage","hardcoded","src/app/cases/new/page.tsx","72","1","unknown","","견적 / 제안","","Hardcoded UI copy. Migrate to i18n before automatic replacement."
"hardcoded.e38bae7d2b","frontstage","hardcoded","src/app/cases/new/page.tsx","73","1","unknown","","계약 준비","","Hardcoded UI copy. Migrate to i18n before automatic replacement."
"hardcoded.8638d9364a","frontstage","hardcoded","src/app/cases/new/page.tsx","75","5","unknown","","관계자 추가","","Hardcoded UI copy. Migrate to i18n before automatic replacement."
"hardcoded.78ee94dfe1","frontstage","hardcoded","src/app/cases/new/page.tsx","76","3","unknown","","매물 추가","","Hardcoded UI copy. Migrate to i18n before automatic replacement."
"hardcoded.2ab7814cba","frontstage","hardcoded","src/app/guarantee-applications/friends-guarantee/preview/page.tsx","80","2","unknown","","長すぎ","","Hardcoded UI copy. Migrate to i18n before automatic replacement."
"hardcoded.ee8628dbb7","frontstage","hardcoded","src/app/guarantee-applications/friends-guarantee/preview/page.tsx","81","3","unknown","","桁数超過","","Hardcoded UI copy. Migrate to i18n before automatic replacement."
"hardcoded.363bc46f35","frontstage","hardcoded","src/app/guarantee-applications/friends-guarantee/preview/page.tsx","82","2","unknown","","縮小印字","","Hardcoded UI copy. Migrate to i18n before automatic replacement."
"hardcoded.3dc301036c","frontstage","hardcoded","src/app/guarantee-applications/friends-guarantee/preview/page.tsx","87","3","unknown","","物件郵便番号","","Hardcoded UI copy. Migrate to i18n before automatic replacement."
"hardcoded.559ac30870","frontstage","hardcoded","src/app/guarantee-applications/friends-guarantee/preview/page.tsx","88","2","unknown","","自宅電話","","Hardcoded UI copy. Migrate to i18n before automatic replacement."
"hardcoded.517aa81877","frontstage","hardcoded","src/app/guarantee-applications/friends-guarantee/preview/page.tsx","89","6","unknown","","携帯電話","","Hardcoded UI copy. Migrate to i18n before automatic replacement."
"hardcoded.a720fdbf7d","frontstage","hardcoded","src/app/guarantee-applications/friends-guarantee/preview/page.tsx","90","3","unknown","","確認資料種別","","Hardcoded UI copy. Migrate to i18n before automatic replacement."
"hardcoded.604eeab4d9","frontstage","hardcoded","src/app/guarantee-applications/friends-guarantee/preview/page.tsx","91","5","unknown","","国籍","","Hardcoded UI copy. Migrate to i18n before automatic replacement."
"hardcoded.1ce5e69157","frontstage","hardcoded","src/app/guarantee-applications/friends-guarantee/preview/page.tsx","92","5","unknown","","在留資格","","Hardcoded UI copy. Migrate to i18n before automatic replacement."
"hardcoded.477d4fb8f8","frontstage","hardcoded","src/app/guarantee-applications/friends-guarantee/preview/page.tsx","93","3","unknown","","在留期間","","Hardcoded UI copy. Migrate to i18n before automatic replacement."
"hardcoded.d5e36bfbb8","frontstage","hardcoded","src/app/guarantee-applications/friends-guarantee/preview/page.tsx","94","5","unknown","","在留カード有効期限","","Hardcoded UI copy. Migrate to i18n before automatic replacement."
"hardcoded.f7f064a1da","frontstage","hardcoded","src/app/guarantee-applications/friends-guarantee/preview/page.tsx","95","3","unknown","","在留カード番号","","Hardcoded UI copy. Migrate to i18n before automatic replacement."
"hardcoded.1ccb8e8299","frontstage","hardcoded","src/app/guarantee-applications/friends-guarantee/preview/page.tsx","96","4","unknown","","就労制限","","Hardcoded UI copy. Migrate to i18n before automatic replacement."
"hardcoded.aea5f0e143","frontstage","hardcoded","src/app/guarantee-applications/friends-guarantee/preview/page.tsx","97","4","unknown","","免許証番号","","Hardcoded UI copy. Migrate to i18n before automatic replacement."
"hardcoded.01fb29e33a","frontstage","hardcoded","src/app/guarantee-applications/friends-guarantee/preview/page.tsx","98","3","unknown","","免許証有効期限","","Hardcoded UI copy. Migrate to i18n before automatic replacement."
"hardcoded.202c2dbfc2","frontstage","hardcoded","src/app/guarantee-applications/friends-guarantee/preview/page.tsx","99","3","unknown","","免許条件","","Hardcoded UI copy. Migrate to i18n before automatic replacement."
"hardcoded.991e96f9f6","frontstage","hardcoded","src/app/guarantee-applications/friends-guarantee/preview/page.tsx","100","1","unknown","","連帯保証人1 郵便番号","","Hardcoded UI copy. Migrate to i18n before automatic replacement."
"hardcoded.eb0968c1e3","frontstage","hardcoded","src/app/guarantee-applications/friends-guarantee/preview/page.tsx","101","2","unknown","","連帯保証人1 免許証番号","","Hardcoded UI copy. Migrate to i18n before automatic replacement."
"hardcoded.1aca876f03","frontstage","hardcoded","src/app/guarantee-applications/friends-guarantee/preview/page.tsx","102","2","unknown","","連帯保証人1 自宅電話","","Hardcoded UI copy. Migrate to i18n before automatic replacement."
"hardcoded.23e59e9859","frontstage","hardcoded","src/app/guarantee-applications/friends-guarantee/preview/page.tsx","103","2","unknown","","連帯保証人1 携帯電話","","Hardcoded UI copy. Migrate to i18n before automatic replacement."
"hardcoded.10352f6220","frontstage","hardcoded","src/app/guarantee-applications/friends-guarantee/preview/page.tsx","104","2","unknown","","緊急連絡先 免許証番号","","Hardcoded UI copy. Migrate to i18n before automatic replacement."
"hardcoded.36caf2271b","frontstage","hardcoded","src/app/guarantee-applications/friends-guarantee/preview/page.tsx","105","3","unknown","","緊急連絡先 自宅電話","","Hardcoded UI copy. Migrate to i18n before automatic replacement."
"hardcoded.c6c023466c","frontstage","hardcoded","src/app/guarantee-applications/friends-guarantee/preview/page.tsx","106","3","unknown","","緊急連絡先 携帯電話","","Hardcoded UI copy. Migrate to i18n before automatic replacement."
"hardcoded.23ec23bbb2","frontstage","hardcoded","src/app/guarantee-applications/friends-guarantee/preview/page.tsx","280","1","unknown","","PDF出力","","JSX text node. Migrate to i18n before automatic replacement."
"hardcoded.feb4b598e8","frontstage","hardcoded","src/app/guarantee-applications/friends-guarantee/preview/page.tsx","282","3","unknown","","プレビュー","","JSX text node. Migrate to i18n before automatic replacement."
"hardcoded.71445d05cc","frontstage","hardcoded","src/app/guarantee-applications/friends-guarantee/preview/page.tsx","284","1","unknown","","申込書の上で直接なおす","","JSX text node. Migrate to i18n before automatic replacement."
"hardcoded.65063d1509","frontstage","hardcoded","src/app/guarantee-applications/friends-guarantee/preview/page.tsx","285","1","unknown","","安全項目は自動入力し、残りは申込書上で確認・修正してから印字します。","","JSX text node. Migrate to i18n before automatic replacement."
"hardcoded.f11c82fa89","frontstage","hardcoded","src/app/guarantee-applications/friends-guarantee/preview/page.tsx","288","1","unknown","","版式精校中：このテンプレートは保存後のPDF確認を前提に扱います","","JSX text node. Migrate to i18n before automatic replacement."
"hardcoded.570a0a2b15","frontstage","hardcoded","src/app/guarantee-applications/friends-guarantee/preview/page.tsx","307","1","unknown","","公式底版精校","","JSX text node. Migrate to i18n before automatic replacement."
"hardcoded.55d963d389","frontstage","hardcoded","src/app/guarantee-applications/friends-guarantee/preview/page.tsx","315","1","unknown","","案件全体を編集","","JSX text node. Migrate to i18n before automatic replacement."
"hardcoded.59476ff69e","frontstage","hardcoded","src/app/guarantee-applications/friends-guarantee/preview/page.tsx","321","1","unknown","","確認済みPDFをダウンロード","","JSX text node. Migrate to i18n before automatic replacement."
"hardcoded.d8b4a5be54","frontstage","hardcoded","src/app/guarantee-applications/friends-guarantee/preview/page.tsx","327","1","unknown","","会社別草稿を補ってからダウンロード","","Hardcoded UI copy. Migrate to i18n before automatic replacement."
"hardcoded.3064a7ed15","frontstage","hardcoded","src/app/guarantee-applications/friends-guarantee/preview/page.tsx","329","1","unknown","","未入力を補ってからダウンロード","","Hardcoded UI copy. Migrate to i18n before automatic replacement."
"hardcoded.0a14f45f21","frontstage","hardcoded","src/app/guarantee-applications/friends-guarantee/preview/page.tsx","331","1","unknown","","印字リスクを直してからダウンロード","","Hardcoded UI copy. Migrate to i18n before automatic replacement."
"hardcoded.17c0c11028","frontstage","hardcoded","src/app/guarantee-applications/friends-guarantee/preview/page.tsx","333","1","unknown","","精校中テンプレートは直ダウンロード不可","","Hardcoded UI copy. Migrate to i18n before automatic replacement."
"hardcoded.eba814f970","frontstage","hardcoded","src/app/guarantee-applications/friends-guarantee/preview/page.tsx","335","1","unknown","","候補を保存してからダウンロード","","Hardcoded UI copy. Migrate to i18n before automatic replacement."
"hardcoded.50f1044c5c","frontstage","hardcoded","src/app/guarantee-applications/friends-guarantee/preview/page.tsx","337","1","unknown","","位置を保存してからダウンロード","","Hardcoded UI copy. Migrate to i18n before automatic replacement."
"hardcoded.c646596aa5","frontstage","hardcoded","src/app/guarantee-applications/friends-guarantee/preview/page.tsx","338","1","unknown","","生成チェックを完了してください","","Hardcoded UI copy. Migrate to i18n before automatic replacement."
"hardcoded.0d71956a5c","frontstage","hardcoded","src/app/guarantee-applications/friends-guarantee/preview/page.tsx","367","1","unknown","","プレビューできる案件がありません。","","JSX text node. Migrate to i18n before automatic replacement."
"hardcoded.80b234e217","frontstage","hardcoded","src/app/guarantee-applications/friends-guarantee/preview/page.tsx","376","1","unknown","","テンプレート位置を保存しました。次の案件にもこの位置が反映されます。","","Hardcoded UI copy. Migrate to i18n before automatic replacement."
"hardcoded.3649f6dec1","frontstage","hardcoded","src/app/guarantee-applications/friends-guarantee/preview/page.tsx","378","1","unknown","","プレビュー用の入力内容を保存しました。左のPDFを確認してください。","","Hardcoded UI copy. Migrate to i18n before automatic replacement."
"hardcoded.a3aaaec715","frontstage","hardcoded","src/app/guarantee-applications/friends-guarantee/preview/page.tsx","386","2","unknown","","対象案件","","JSX text node. Migrate to i18n before automatic replacement."
"hardcoded.68a8657ee0","frontstage","hardcoded","src/app/guarantee-applications/friends-guarantee/preview/page.tsx","391","1","unknown","","ダウンロード可","","Hardcoded UI copy. Migrate to i18n before automatic replacement."
"hardcoded.e7b5e9f550","frontstage","hardcoded","src/app/guarantee-applications/friends-guarantee/preview/page.tsx","396","1","unknown","","会社別草稿","","JSX text node. Migrate to i18n before automatic replacement."
"hardcoded.b02c6d9498","frontstage","hardcoded","src/app/guarantee-applications/friends-guarantee/preview/page.tsx","399","1","unknown","","草稿保存","","JSX text node. Migrate to i18n before automatic replacement."
"hardcoded.1e2b45ff1c","frontstage","hardcoded","src/app/guarantee-applications/friends-guarantee/preview/page.tsx","404","1","unknown","","この会社の申込書はまだ出荷基準ではありません。データが全部入っていても、長い住所・分割マス・電話番号・金額欄の位置をプレビューで確認し、必要ならドラッグ調整か追加欄で補正してください。","","JSX text node. Migrate to i18n before automatic replacement."
"hardcoded.8b08a306aa","frontstage","hardcoded","src/app/guarantee-applications/friends-guarantee/preview/page.tsx","413","1","unknown","","全項目","","JSX text node. Migrate to i18n before automatic replacement."
"hardcoded.bcb93536c6","frontstage","hardcoded","src/app/guarantee-applications/friends-guarantee/preview/page.tsx","418","2","unknown","","印字不可","","Hardcoded UI copy. Migrate to i18n before automatic replacement."
"hardcoded.ecff419913","frontstage","hardcoded","src/app/guarantee-applications/friends-guarantee/preview/page.tsx","434","1","unknown","","先に確認する項目","","JSX text node. Migrate to i18n before automatic replacement."
"hardcoded.e90f949d18","frontstage","hardcoded","src/app/guarantee-applications/friends-guarantee/preview/page.tsx","438","1","unknown","","会社別確認項目を補う","","JSX text node. Migrate to i18n before automatic replacement."
"hardcoded.ea6e877833","frontstage","hardcoded","src/app/guarantee-applications/friends-guarantee/preview/page.tsx","457","1","unknown","","印字前に確認する項目","","JSX text node. Migrate to i18n before automatic replacement."
"hardcoded.f162ddfd62","frontstage","hardcoded","src/app/guarantee-applications/friends-guarantee/preview/page.tsx","458","1","unknown","","長すぎる文字や分格の桁数超過は、左の申込書上で短縮・分割・幅調整してください。","","JSX text node. Migrate to i18n before automatic replacement."
"hardcoded.1ef90e7be6","frontstage","hardcoded","src/app/guarantee-applications/friends-guarantee/preview/page.tsx","474","1","unknown","","申込書上の入力欄","","JSX text node. Migrate to i18n before automatic replacement."
"hardcoded.8e7a509a12","frontstage","hardcoded","src/app/guarantee-applications/friends-guarantee/preview/page.tsx","475","1","unknown","","ここは確認用の索引です。修正は左の申込書上で直接行います。","","JSX text node. Migrate to i18n before automatic replacement."
"hardcoded.f0003b2425","frontstage","hardcoded","src/app/guarantee-applications/friends-guarantee/preview/page.tsx","501","1","unknown","","左の赤枠に入力","","Hardcoded UI copy. Migrate to i18n before automatic replacement."
"hardcoded.bc46531935","frontstage","hardcoded","src/app/guarantee-applications/friends-guarantee/preview/page.tsx","506","1","unknown","","保存するとPDFに印字されます","","JSX text node. Migrate to i18n before automatic replacement."
"hardcoded.7e4b258bfa","frontstage","hardcoded","src/app/guarantee-applications/friends-guarantee/preview/page.tsx","515","1","unknown","","縮小","","Hardcoded UI copy. Migrate to i18n before automatic replacement."
"hardcoded.88b162651a","frontstage","hardcoded","src/app/guarantee-applications/friends-guarantee/preview/page.tsx","515","1","unknown","","要保存","","Hardcoded UI copy. Migrate to i18n before automatic replacement."
"hardcoded.9a06880846","frontstage","hardcoded","src/app/guarantee-applications/friends-guarantee/preview/page.tsx","515","1","unknown","","自動","","Hardcoded UI copy. Migrate to i18n before automatic replacement."
"hardcoded.fba300a3f2","frontstage","hardcoded","src/app/guarantee-applications/friends-guarantee/preview/page.tsx","515","3","unknown","","要配置","","Hardcoded UI copy. Migrate to i18n before automatic replacement."
"hardcoded.ff8a3a7b08","frontstage","hardcoded","src/app/guarantee-applications/friends-guarantee/preview/page.tsx","515","1","unknown","","候補","","Hardcoded UI copy. Migrate to i18n before automatic replacement."
"hardcoded.72304b55d3","frontstage","hardcoded","src/app/guarantee-applications/friends-guarantee/preview/page.tsx","524","2","unknown","","生成チェック","","JSX text node. Migrate to i18n before automatic replacement."
"hardcoded.3a095820f9","frontstage","hardcoded","src/app/guarantee-applications/friends-guarantee/preview/page.tsx","527","1","unknown","","手動位置","","JSX text node. Migrate to i18n before automatic replacement."
"hardcoded.24e351af5a","frontstage","hardcoded","src/app/guarantee-applications/friends-guarantee/preview/page.tsx","531","1","unknown","","追加欄","","JSX text node. Migrate to i18n before automatic replacement."
"hardcoded.5ad914068b","frontstage","hardcoded","src/app/guarantee-applications/friends-guarantee/preview/page.tsx","537","3","unknown","","未完了","","Hardcoded UI copy. Migrate to i18n before automatic replacement."
"hardcoded.6720b6e7a2","frontstage","hardcoded","src/app/guarantee-applications/friends-guarantee/preview/page.tsx","537","1","unknown","","出力可","","Hardcoded UI copy. Migrate to i18n before automatic replacement."
"hardcoded.47fb056f87","frontstage","hardcoded","src/app/guarantee-applications/friends-guarantee/preview/page.tsx","544","1","unknown","","の確認項目","","JSX text node. Migrate to i18n before automatic replacement."
"hardcoded.69e67d45e8","frontstage","hardcoded","src/app/guarantee-applications/friends-guarantee/preview/page.tsx","546","1","unknown","","この申込書だけで使う会社別の選択肢をここで補います。保存するとPDFプレビューへ反映されます。","","JSX text node. Migrate to i18n before automatic replacement."
"hardcoded.02d09fe1f1","frontstage","hardcoded","src/app/guarantee-applications/friends-guarantee/preview/page.tsx","594","1","unknown","","保存してPDFを更新","","JSX text node. Migrate to i18n before automatic replacement."
"hardcoded.8cab9fb098","frontstage","hardcoded","src/app/guarantee-applications/friends-guarantee/preview/page.tsx","600","1","unknown","","先に入力ファイルから案件を作成してください。","","JSX text node. Migrate to i18n before automatic replacement."
"hardcoded.0724f0fd09","frontstage","hardcoded","src/app/import-center/page.tsx","55","17","unknown","","物件名","","Hardcoded UI copy. Migrate to i18n before automatic replacement."
"hardcoded.11d6ed1fe4","frontstage","hardcoded","src/app/import-center/page.tsx","55","4","unknown","","物件名称","","Hardcoded UI copy. Migrate to i18n before automatic replacement."
"hardcoded.1fb484a5eb","frontstage","hardcoded","src/app/import-center/page.tsx","55","5","unknown","","매물명","","Hardcoded UI copy. Migrate to i18n before automatic replacement."
"hardcoded.036666af48","frontstage","hardcoded","src/app/import-center/page.tsx","56","1","unknown","","保存到物件资料的名称","","Hardcoded UI copy. Migrate to i18n before automatic replacement."
"hardcoded.391873dd4b","frontstage","hardcoded","src/app/import-center/page.tsx","56","1","unknown","","物件台帳の名称として保存","","Hardcoded UI copy. Migrate to i18n before automatic replacement."
"hardcoded.c98c258568","frontstage","hardcoded","src/app/import-center/page.tsx","56","1","unknown","","매물 정보의 이름으로 저장","","Hardcoded UI copy. Migrate to i18n before automatic replacement."
"hardcoded.0a6e0114f2","frontstage","hardcoded","src/app/import-center/page.tsx","59","6","unknown","","소재지","","Hardcoded UI copy. Migrate to i18n before automatic replacement."
"hardcoded.67d2d7970f","frontstage","hardcoded","src/app/import-center/page.tsx","59","7","unknown","","地址","","Hardcoded UI copy. Migrate to i18n before automatic replacement."
"hardcoded.fe837ba65f","frontstage","hardcoded","src/app/import-center/page.tsx","59","11","unknown","","所在地","","Hardcoded UI copy. Migrate to i18n before automatic replacement."
"hardcoded.126ec982ce","frontstage","hardcoded","src/app/import-center/page.tsx","60","1","unknown","","保存到物件地址","","Hardcoded UI copy. Migrate to i18n before automatic replacement."
"hardcoded.4f5725113b","frontstage","hardcoded","src/app/import-center/page.tsx","60","1","unknown","","매물 주소로 저장","","Hardcoded UI copy. Migrate to i18n before automatic replacement."
"hardcoded.bc9eb78e9f","frontstage","hardcoded","src/app/import-center/page.tsx","60","1","unknown","","物件の住所として保存","","Hardcoded UI copy. Migrate to i18n before automatic replacement."
"hardcoded.3587a45208","frontstage","hardcoded","src/app/import-center/page.tsx","64","1","unknown","","用于搜索和归类的位置区域","","Hardcoded UI copy. Migrate to i18n before automatic replacement."
"hardcoded.fc282f58dc","frontstage","hardcoded","src/app/import-center/page.tsx","64","1","unknown","","검색과 분류에 쓰는 지역","","Hardcoded UI copy. Migrate to i18n before automatic replacement."
"hardcoded.fc63de7f55","frontstage","hardcoded","src/app/import-center/page.tsx","64","1","unknown","","検索や分類用のエリア","","Hardcoded UI copy. Migrate to i18n before automatic replacement."
"hardcoded.068a605509","frontstage","hardcoded","src/app/import-center/page.tsx","67","3","unknown","","売出価格","","Hardcoded UI copy. Migrate to i18n before automatic replacement."
"hardcoded.180a5722ce","frontstage","hardcoded","src/app/import-center/page.tsx","67","3","unknown","","매도호가","","Hardcoded UI copy. Migrate to i18n before automatic replacement."
"hardcoded.634c96e964","frontstage","hardcoded","src/app/import-center/page.tsx","67","3","unknown","","挂牌价格","","Hardcoded UI copy. Migrate to i18n before automatic replacement."
"hardcoded.09a309358c","frontstage","hardcoded","src/app/import-center/page.tsx","68","1","unknown","","売買・提案で使う価格","","Hardcoded UI copy. Migrate to i18n before automatic replacement."
"hardcoded.61b0759bba","frontstage","hardcoded","src/app/import-center/page.tsx","68","1","unknown","","매매와 제안에 쓰는 가격","","Hardcoded UI copy. Migrate to i18n before automatic replacement."
"hardcoded.6265f24bb4","frontstage","hardcoded","src/app/import-center/page.tsx","68","1","unknown","","用于买卖或提案的价格","","Hardcoded UI copy. Migrate to i18n before automatic replacement."
"hardcoded.6dd1d0b974","frontstage","hardcoded","src/app/import-center/page.tsx","72","1","unknown","","고객/관계자 연락처","","Hardcoded UI copy. Migrate to i18n before automatic replacement."
"hardcoded.8ace715ad3","frontstage","hardcoded","src/app/import-center/page.tsx","72","1","unknown","","客户或关系人的联系方式","","Hardcoded UI copy. Migrate to i18n before automatic replacement."
"hardcoded.9e97362902","frontstage","hardcoded","src/app/import-center/page.tsx","72","1","unknown","","顧客・関係者の連絡先","","Hardcoded UI copy. Migrate to i18n before automatic replacement."
"hardcoded.1c1cde69f5","frontstage","hardcoded","src/app/import-center/page.tsx","76","1","unknown","","顧客・関係者のメール","","Hardcoded UI copy. Migrate to i18n before automatic replacement."
"hardcoded.66dbf1b268","frontstage","hardcoded","src/app/import-center/page.tsx","76","1","unknown","","고객/관계자 이메일","","Hardcoded UI copy. Migrate to i18n before automatic replacement."
"hardcoded.a2332debc9","frontstage","hardcoded","src/app/import-center/page.tsx","76","1","unknown","","客户或关系人的邮箱","","Hardcoded UI copy. Migrate to i18n before automatic replacement."
"hardcoded.7ae63da189","frontstage","hardcoded","src/app/import-center/page.tsx","79","1","unknown","","个人 / 公司","","Hardcoded UI copy. Migrate to i18n before automatic replacement."
"hardcoded.c7ef9549b0","frontstage","hardcoded","src/app/import-center/page.tsx","79","1","unknown","","個人 / 法人","","Hardcoded UI copy. Migrate to i18n before automatic replacement."
"hardcoded.f8d6faefe0","frontstage","hardcoded","src/app/import-center/page.tsx","79","1","unknown","","개인 / 법인","","Hardcoded UI copy. Migrate to i18n before automatic replacement."
"hardcoded.8f66fca070","frontstage","hardcoded","src/app/import-center/page.tsx","80","1","unknown","","相手が個人か法人か","","Hardcoded UI copy. Migrate to i18n before automatic replacement."
"hardcoded.9d0efa327b","frontstage","hardcoded","src/app/import-center/page.tsx","80","1","unknown","","判断对方是个人还是公司","","Hardcoded UI copy. Migrate to i18n before automatic replacement."
"hardcoded.fc13de7c2f","frontstage","hardcoded","src/app/import-center/page.tsx","80","1","unknown","","상대가 개인인지 법인인지","","Hardcoded UI copy. Migrate to i18n before automatic replacement."
"hardcoded.17b341733b","frontstage","hardcoded","src/app/import-center/page.tsx","83","3","unknown","","合同编号","","Hardcoded UI copy. Migrate to i18n before automatic replacement."
"hardcoded.1c1e452398","frontstage","hardcoded","src/app/import-center/page.tsx","83","3","unknown","","契約番号","","Hardcoded UI copy. Migrate to i18n before automatic replacement."
"hardcoded.7feba64912","frontstage","hardcoded","src/app/import-center/page.tsx","83","2","unknown","","계약번호","","Hardcoded UI copy. Migrate to i18n before automatic replacement."
"hardcoded.0bd1fd37f3","frontstage","hardcoded","src/app/import-center/page.tsx","84","1","unknown","","合同或申请资料的管理编号","","Hardcoded UI copy. Migrate to i18n before automatic replacement."
"hardcoded.1009f3634a","frontstage","hardcoded","src/app/import-center/page.tsx","84","1","unknown","","契約や申込の管理番号","","Hardcoded UI copy. Migrate to i18n before automatic replacement."
"hardcoded.85b83ed26f","frontstage","hardcoded","src/app/import-center/page.tsx","84","1","unknown","","계약/신청 관리번호","","Hardcoded UI copy. Migrate to i18n before automatic replacement."
"hardcoded.13282c813a","frontstage","hardcoded","src/app/import-center/page.tsx","87","3","unknown","","계약 유형","","Hardcoded UI copy. Migrate to i18n before automatic replacement."
"hardcoded.c2e6acb8f4","frontstage","hardcoded","src/app/import-center/page.tsx","87","3","unknown","","合同类型","","Hardcoded UI copy. Migrate to i18n before automatic replacement."
"hardcoded.f1f1336d35","frontstage","hardcoded","src/app/import-center/page.tsx","87","3","unknown","","契約種別","","Hardcoded UI copy. Migrate to i18n before automatic replacement."
"hardcoded.41d44dd1cb","frontstage","hardcoded","src/app/import-center/page.tsx","88","1","unknown","","임대, 매매, 보증 등 유형","","Hardcoded UI copy. Migrate to i18n before automatic replacement."
"hardcoded.5625239b81","frontstage","hardcoded","src/app/import-center/page.tsx","88","1","unknown","","賃貸、売買、保証などの種別","","Hardcoded UI copy. Migrate to i18n before automatic replacement."
"hardcoded.5f093aa364","frontstage","hardcoded","src/app/import-center/page.tsx","88","1","unknown","","租赁、买卖、保证等业务类型","","Hardcoded UI copy. Migrate to i18n before automatic replacement."
"hardcoded.6b73b817b3","frontstage","hardcoded","src/app/import-center/page.tsx","91","2","unknown","","関連物件","","Hardcoded UI copy. Migrate to i18n before automatic replacement."
"hardcoded.937874e65d","frontstage","hardcoded","src/app/import-center/page.tsx","91","2","unknown","","关联物件","","Hardcoded UI copy. Migrate to i18n before automatic replacement."
"hardcoded.befeac096d","frontstage","hardcoded","src/app/import-center/page.tsx","91","1","unknown","","연결 매물","","Hardcoded UI copy. Migrate to i18n before automatic replacement."
"hardcoded.2cf681e2ab","frontstage","hardcoded","src/app/import-center/page.tsx","92","1","unknown","","どの物件の資料かを紐付け","","Hardcoded UI copy. Migrate to i18n before automatic replacement."
"hardcoded.b0d3554c48","frontstage","hardcoded","src/app/import-center/page.tsx","92","1","unknown","","确认这份资料属于哪个物件","","Hardcoded UI copy. Migrate to i18n before automatic replacement."
"hardcoded.fea269207d","frontstage","hardcoded","src/app/import-center/page.tsx","92","1","unknown","","어느 매물의 자료인지 연결","","Hardcoded UI copy. Migrate to i18n before automatic replacement."
"hardcoded.1dce15e890","frontstage","hardcoded","src/app/import-center/page.tsx","95","1","unknown","","연결 관계자","","Hardcoded UI copy. Migrate to i18n before automatic replacement."
"hardcoded.d14e3ed02d","frontstage","hardcoded","src/app/import-center/page.tsx","95","1","unknown","","关联客户/关系人","","Hardcoded UI copy. Migrate to i18n before automatic replacement."
"hardcoded.ed8433269a","frontstage","hardcoded","src/app/import-center/page.tsx","95","1","unknown","","関連者","","Hardcoded UI copy. Migrate to i18n before automatic replacement."
"hardcoded.dfe5f564e9","frontstage","hardcoded","src/app/import-center/page.tsx","96","1","unknown","","顧客、貸主、借主などへ紐付け","","Hardcoded UI copy. Migrate to i18n before automatic replacement."
"hardcoded.e64ee2b4b4","frontstage","hardcoded","src/app/import-center/page.tsx","96","1","unknown","","고객, 소유자, 임차인 등에 연결","","Hardcoded UI copy. Migrate to i18n before automatic replacement."
"hardcoded.fa7e6098c4","frontstage","hardcoded","src/app/import-center/page.tsx","96","1","unknown","","关联到客户、业主、租户等对象","","Hardcoded UI copy. Migrate to i18n before automatic replacement."
"hardcoded.1e13248dbf","frontstage","hardcoded","src/app/import-center/page.tsx","99","1","unknown","","签约日期","","Hardcoded UI copy. Migrate to i18n before automatic replacement."
"hardcoded.c3ed6f6519","frontstage","hardcoded","src/app/import-center/page.tsx","99","2","unknown","","契約日","","Hardcoded UI copy. Migrate to i18n before automatic replacement."
"hardcoded.d986ef730e","frontstage","hardcoded","src/app/import-center/page.tsx","99","1","unknown","","계약일","","Hardcoded UI copy. Migrate to i18n before automatic replacement."
"hardcoded.4575100d37","frontstage","hardcoded","src/app/import-center/page.tsx","100","1","unknown","","계약서에 적힌 날짜","","Hardcoded UI copy. Migrate to i18n before automatic replacement."
"hardcoded.6d026e7470","frontstage","hardcoded","src/app/import-center/page.tsx","100","1","unknown","","合同或申请书里的签署日期","","Hardcoded UI copy. Migrate to i18n before automatic replacement."
"hardcoded.ea81905064","frontstage","hardcoded","src/app/import-center/page.tsx","100","1","unknown","","契約書に記載された日付","","Hardcoded UI copy. Migrate to i18n before automatic replacement."
"hardcoded.078b3a1b0a","frontstage","hardcoded","src/app/import-center/page.tsx","103","4","unknown","","제목","","Hardcoded UI copy. Migrate to i18n before automatic replacement."
"hardcoded.3129c30ec5","frontstage","hardcoded","src/app/import-center/page.tsx","103","3","unknown","","件名","","Hardcoded UI copy. Migrate to i18n before automatic replacement."
"hardcoded.a48624e9f7","frontstage","hardcoded","src/app/import-center/page.tsx","103","1","unknown","","事项名称","","Hardcoded UI copy. Migrate to i18n before automatic replacement."
"hardcoded.0795f1e94f","frontstage","hardcoded","src/app/import-center/page.tsx","104","1","unknown","","处理事项或待办工作的名称","","Hardcoded UI copy. Migrate to i18n before automatic replacement."
"hardcoded.4d50759add","frontstage","hardcoded","src/app/import-center/page.tsx","104","1","unknown","","후속 기록이나 작업 이름","","Hardcoded UI copy. Migrate to i18n before automatic replacement."
"hardcoded.a374c2b802","frontstage","hardcoded","src/app/import-center/page.tsx","104","1","unknown","","対応履歴や作業の名前","","Hardcoded UI copy. Migrate to i18n before automatic replacement."
"hardcoded.7bb548c5ae","frontstage","hardcoded","src/app/import-center/page.tsx","107","3","unknown","","发生日期","","Hardcoded UI copy. Migrate to i18n before automatic replacement."
"hardcoded.acb5dfd446","frontstage","hardcoded","src/app/import-center/page.tsx","107","3","unknown","","발생일","","Hardcoded UI copy. Migrate to i18n before automatic replacement."
"hardcoded.b2aaab7460","frontstage","hardcoded","src/app/import-center/page.tsx","107","3","unknown","","発生日","","Hardcoded UI copy. Migrate to i18n before automatic replacement."
"hardcoded.8c86e293bd","frontstage","hardcoded","src/app/import-center/page.tsx","108","1","unknown","","문의나 처리가 발생한 날짜","","Hardcoded UI copy. Migrate to i18n before automatic replacement."
"hardcoded.d2ddfbeea7","frontstage","hardcoded","src/app/import-center/page.tsx","108","1","unknown","","問い合わせや対応が発生した日","","Hardcoded UI copy. Migrate to i18n before automatic replacement."
"hardcoded.d83c8024e9","frontstage","hardcoded","src/app/import-center/page.tsx","108","1","unknown","","事项发生或接到资料的日期","","Hardcoded UI copy. Migrate to i18n before automatic replacement."
"hardcoded.8542beb990","frontstage","hardcoded","src/app/import-center/page.tsx","111","1","unknown","","处理状态","","Hardcoded UI copy. Migrate to i18n before automatic replacement."
"hardcoded.95b60ec886","frontstage","hardcoded","src/app/import-center/page.tsx","111","1","unknown","","対応状態","","Hardcoded UI copy. Migrate to i18n before automatic replacement."
"hardcoded.f845e3fbcf","frontstage","hardcoded","src/app/import-center/page.tsx","111","1","unknown","","처리 상태","","Hardcoded UI copy. Migrate to i18n before automatic replacement."
"hardcoded.60b54255f8","frontstage","hardcoded","src/app/import-center/page.tsx","112","1","unknown","","대기, 처리 중, 완료 등 상태","","Hardcoded UI copy. Migrate to i18n before automatic replacement."
"hardcoded.93c8ba52c7","frontstage","hardcoded","src/app/import-center/page.tsx","112","1","unknown","","待处理、处理中、已完成等状态","","Hardcoded UI copy. Migrate to i18n before automatic replacement."
"hardcoded.e3b4c2ec33","frontstage","hardcoded","src/app/import-center/page.tsx","112","1","unknown","","未対応、対応中、完了など","","Hardcoded UI copy. Migrate to i18n before automatic replacement."
"hardcoded.5b0869d2c6","frontstage","hardcoded","src/app/import-center/page.tsx","116","1","unknown","","申込・契約内の物件名","","Hardcoded UI copy. Migrate to i18n before automatic replacement."
"hardcoded.6889396491","frontstage","hardcoded","src/app/import-center/page.tsx","116","1","unknown","","신청/계약 안의 매물명","","Hardcoded UI copy. Migrate to i18n before automatic replacement."
"hardcoded.6f07d4c472","frontstage","hardcoded","src/app/import-center/page.tsx","116","1","unknown","","申请或合同里的物件名称","","Hardcoded UI copy. Migrate to i18n before automatic replacement."
"hardcoded.342372602a","frontstage","hardcoded","src/app/import-center/page.tsx","119","1","unknown","","申请人姓名","","Hardcoded UI copy. Migrate to i18n before automatic replacement."
"hardcoded.40ade33f51","frontstage","hardcoded","src/app/import-center/page.tsx","119","1","unknown","","신청자명","","Hardcoded UI copy. Migrate to i18n before automatic replacement."
"hardcoded.ce6a44f359","frontstage","hardcoded","src/app/import-center/page.tsx","119","1","unknown","","申込者名","","Hardcoded UI copy. Migrate to i18n before automatic replacement."
"hardcoded.5dc92ac136","frontstage","hardcoded","src/app/import-center/page.tsx","120","1","unknown","","申请人或客户的姓名","","Hardcoded UI copy. Migrate to i18n before automatic replacement."
"hardcoded.6cdeac7580","frontstage","hardcoded","src/app/import-center/page.tsx","120","1","unknown","","신청자 또는 고객 이름","","Hardcoded UI copy. Migrate to i18n before automatic replacement."
"hardcoded.c2cfa27860","frontstage","hardcoded","src/app/import-center/page.tsx","120","1","unknown","","申込者または顧客の名前","","Hardcoded UI copy. Migrate to i18n before automatic replacement."
"hardcoded.2a3869a18c","frontstage","hardcoded","src/app/import-center/page.tsx","123","5","unknown","","賃料","","Hardcoded UI copy. Migrate to i18n before automatic replacement."
"hardcoded.5f3d34a194","frontstage","hardcoded","src/app/import-center/page.tsx","123","3","unknown","","租金","","Hardcoded UI copy. Migrate to i18n before automatic replacement."
"hardcoded.ab5d4e3598","frontstage","hardcoded","src/app/import-center/page.tsx","123","1","unknown","","임대료","","Hardcoded UI copy. Migrate to i18n before automatic replacement."
"hardcoded.2e3a6f2d45","frontstage","hardcoded","src/app/import-center/page.tsx","124","1","unknown","","賃貸条件の月額賃料","","Hardcoded UI copy. Migrate to i18n before automatic replacement."
"hardcoded.9593ca74c2","frontstage","hardcoded","src/app/import-center/page.tsx","124","1","unknown","","租赁条件里的月租金","","Hardcoded UI copy. Migrate to i18n before automatic replacement."
"hardcoded.adbc9d3deb","frontstage","hardcoded","src/app/import-center/page.tsx","124","1","unknown","","임대 조건의 월 임대료","","Hardcoded UI copy. Migrate to i18n before automatic replacement."
"hardcoded.25caf8268a","frontstage","hardcoded","src/app/import-center/page.tsx","138","1","unknown","","物件名,所在地,エリア,価格,管理費,修繕積立金","","Hardcoded UI copy. Migrate to i18n before automatic replacement."
"hardcoded.1bbc70b16d","frontstage","hardcoded","src/app/import-center/page.tsx","139","1","unknown","","氏名,電話番号,メール,関係者種別,役割,備考","","Hardcoded UI copy. Migrate to i18n before automatic replacement."
"hardcoded.e7414cbb39","frontstage","hardcoded","src/app/import-center/page.tsx","140","1","unknown","","契約番号,契約種別,物件ID,関係者ID,署名日,状態","","Hardcoded UI copy. Migrate to i18n before automatic replacement."
"hardcoded.01f8e7420b","frontstage","hardcoded","src/app/import-center/page.tsx","141","1","unknown","","件名,物件ID,関係者ID,内容,発生日,状態,費用","","Hardcoded UI copy. Migrate to i18n before automatic replacement."
"hardcoded.63c3026e7b","frontstage","hardcoded","src/app/import-center/page.tsx","144","1","unknown","","物件名称,地址,区域,价格,管理费,修缮基金","","Hardcoded UI copy. Migrate to i18n before automatic replacement."
"hardcoded.68e566d7d3","frontstage","hardcoded","src/app/import-center/page.tsx","145","1","unknown","","主体名称,电话号码,邮箱,主体类型,角色,备注","","Hardcoded UI copy. Migrate to i18n before automatic replacement."
"hardcoded.117b5f4176","frontstage","hardcoded","src/app/import-center/page.tsx","146","1","unknown","","合同编号,合同类型,物件ID,主体ID,签署日期,状态","","Hardcoded UI copy. Migrate to i18n before automatic replacement."
"hardcoded.4b202f1d76","frontstage","hardcoded","src/app/import-center/page.tsx","147","1","unknown","","标题,物件ID,主体ID,内容,发生日期,状态,费用","","Hardcoded UI copy. Migrate to i18n before automatic replacement."
"hardcoded.dffc8d1374","frontstage","hardcoded","src/app/import-center/page.tsx","150","1","unknown","","매물명,소재지,지역,가격,관리비,수선적립금","","Hardcoded UI copy. Migrate to i18n before automatic replacement."
"hardcoded.8fd83028a9","frontstage","hardcoded","src/app/import-center/page.tsx","151","1","unknown","","관계자명,전화번호,이메일,관계자유형,역할,비고","","Hardcoded UI copy. Migrate to i18n before automatic replacement."
"hardcoded.c039bceed1","frontstage","hardcoded","src/app/import-center/page.tsx","152","1","unknown","","계약번호,계약유형,매물ID,관계자ID,서명일,상태","","Hardcoded UI copy. Migrate to i18n before automatic replacement."
"hardcoded.74a67ebd49","frontstage","hardcoded","src/app/import-center/page.tsx","153","1","unknown","","제목,매물ID,관계자ID,내용,발생일,상태,비용","","Hardcoded UI copy. Migrate to i18n before automatic replacement."
"hardcoded.4b2cb19e5c","frontstage","hardcoded","src/app/import-center/page.tsx","158","1","unknown","","기타 저장 항목","","Hardcoded UI copy. Migrate to i18n before automatic replacement."
"hardcoded.ca814efb46","frontstage","hardcoded","src/app/import-center/page.tsx","158","1","unknown","","其他保存项","","Hardcoded UI copy. Migrate to i18n before automatic replacement."
"hardcoded.de199e570b","frontstage","hardcoded","src/app/import-center/page.tsx","158","1","unknown","","その他の保存項目","","Hardcoded UI copy. Migrate to i18n before automatic replacement."
"hardcoded.46f62fc7f3","frontstage","hardcoded","src/app/import-center/page.tsx","162","1","unknown","","読み取った補足項目","","Hardcoded UI copy. Migrate to i18n before automatic replacement."
"hardcoded.f582e516aa","frontstage","hardcoded","src/app/import-center/page.tsx","162","1","unknown","","读取到的补充项目","","Hardcoded UI copy. Migrate to i18n before automatic replacement."
"hardcoded.fcc84e667b","frontstage","hardcoded","src/app/import-center/page.tsx","162","1","unknown","","읽어 온 추가 항목","","Hardcoded UI copy. Migrate to i18n before automatic replacement."
"hardcoded.de9cfb52cb","frontstage","hardcoded","src/app/import-center/page.tsx","180","2","unknown","","作成・資料登録","","Hardcoded UI copy. Migrate to i18n before automatic replacement."
"hardcoded.146f6b47b7","frontstage","hardcoded","src/app/import-center/page.tsx","181","1","unknown","","案件、関係者、物件を作成し、必要な資料を読み取ります。","","Hardcoded UI copy. Migrate to i18n before automatic replacement."
"hardcoded.4a522ef9de","frontstage","hardcoded","src/app/import-center/page.tsx","182","1","unknown","","Excel 一括読取","","Hardcoded UI copy. Migrate to i18n before automatic replacement."
"hardcoded.7ecd9b7cb0","frontstage","hardcoded","src/app/import-center/page.tsx","183","1","unknown","","物件台帳化を優先","","Hardcoded UI copy. Migrate to i18n before automatic replacement."
"hardcoded.06563a4893","frontstage","hardcoded","src/app/import-center/page.tsx","184","1","unknown","","PDF / スキャン登録","","Hardcoded UI copy. Migrate to i18n before automatic replacement."
"hardcoded.22a06996f0","frontstage","hardcoded","src/app/import-center/page.tsx","185","1","unknown","","旧契約・書面を保管","","Hardcoded UI copy. Migrate to i18n before automatic replacement."
"hardcoded.a3a93d759f","frontstage","hardcoded","src/app/import-center/page.tsx","186","1","unknown","","手入力登録","","Hardcoded UI copy. Migrate to i18n before automatic replacement."
"hardcoded.d2f21b3a1f","frontstage","hardcoded","src/app/import-center/page.tsx","187","1","unknown","","不足情報の補完","","Hardcoded UI copy. Migrate to i18n before automatic replacement."
"hardcoded.5640a461b8","frontstage","hardcoded","src/app/import-center/page.tsx","188","1","unknown","","資料名","","Hardcoded UI copy. Migrate to i18n before automatic replacement."
"hardcoded.0e19f752c7","frontstage","hardcoded","src/app/import-center/page.tsx","189","1","unknown","","メモ（任意）","","Hardcoded UI copy. Migrate to i18n before automatic replacement."
"hardcoded.d593331e5f","frontstage","hardcoded","src/app/import-center/page.tsx","190","1","unknown","","Excel資料を登録","","Hardcoded UI copy. Migrate to i18n before automatic replacement."
"hardcoded.cfd610c15c","frontstage","hardcoded","src/app/import-center/page.tsx","191","1","unknown","","PDF資料を登録","","Hardcoded UI copy. Migrate to i18n before automatic replacement."
"hardcoded.63d96516b3","frontstage","hardcoded","src/app/import-center/page.tsx","192","1","unknown","","手入力を作成","","Hardcoded UI copy. Migrate to i18n before automatic replacement."
"hardcoded.0fe8cd10c1","frontstage","hardcoded","src/app/import-center/page.tsx","193","1","unknown","","例: 物件台帳_2026Q2.xlsx","","Hardcoded UI copy. Migrate to i18n before automatic replacement."
"hardcoded.fc20490549","frontstage","hardcoded","src/app/import-center/page.tsx","194","1","unknown","","例: 旧契約書一括登録（10件）","","Hardcoded UI copy. Migrate to i18n before automatic replacement."
"hardcoded.732339636a","frontstage","hardcoded","src/app/import-center/page.tsx","195","1","unknown","","例: 修繕履歴_管理物件A","","Hardcoded UI copy. Migrate to i18n before automatic replacement."
"hardcoded.17cf15840d","frontstage","hardcoded","src/app/import-center/page.tsx","196","1","unknown","","例: 31件、ヘッダ確認済","","Hardcoded UI copy. Migrate to i18n before automatic replacement."
"hardcoded.360db1d7d3","frontstage","hardcoded","src/app/import-center/page.tsx","197","1","unknown","","例: 契約種別確認待ち","","Hardcoded UI copy. Migrate to i18n before automatic replacement."
"hardcoded.1e9c9c41fe","frontstage","hardcoded","src/app/import-center/page.tsx","198","1","unknown","","例: 先に発生日だけ入力","","Hardcoded UI copy. Migrate to i18n before automatic replacement."
"hardcoded.92bf40190f","frontstage","hardcoded","src/app/import-center/page.tsx","199","1","unknown","","資料登録履歴","","Hardcoded UI copy. Migrate to i18n before automatic replacement."
"hardcoded.9f538c983e","frontstage","hardcoded","src/app/import-center/page.tsx","200","1","unknown","","最新順","","Hardcoded UI copy. Migrate to i18n before automatic replacement."
"hardcoded.7d1895fb2a","frontstage","hardcoded","src/app/import-center/page.tsx","201","3","unknown","","資料","","Hardcoded UI copy. Migrate to i18n before automatic replacement."
"hardcoded.06e7bba5e6","frontstage","hardcoded","src/app/import-center/page.tsx","202","1","unknown","","入力種別","","Hardcoded UI copy. Migrate to i18n before automatic replacement."
"hardcoded.c6f040161b","frontstage","hardcoded","src/app/import-center/page.tsx","206","1","unknown","","資料整理アシスト","","Hardcoded UI copy. Migrate to i18n before automatic replacement."
"hardcoded.2ef86bf523","frontstage","hardcoded","src/app/import-center/page.tsx","207","2","unknown","","保存先の確認","","Hardcoded UI copy. Migrate to i18n before automatic replacement."
"hardcoded.b9fa67abca","frontstage","hardcoded","src/app/import-center/page.tsx","208","2","unknown","","選択","","Hardcoded UI copy. Migrate to i18n before automatic replacement."
"hardcoded.05886cd43d","frontstage","hardcoded","src/app/import-center/page.tsx","209","1","unknown","","保存確認","","Hardcoded UI copy. Migrate to i18n before automatic replacement."
"hardcoded.86a07295c5","frontstage","hardcoded","src/app/import-center/page.tsx","210","2","unknown","","確認","","Hardcoded UI copy. Migrate to i18n before automatic replacement."
"hardcoded.707109c829","frontstage","hardcoded","src/app/import-center/page.tsx","212","1","unknown","","資料の保存先を確認","","Hardcoded UI copy. Migrate to i18n before automatic replacement."
"hardcoded.795d379700","frontstage","hardcoded","src/app/import-center/page.tsx","213","1","unknown","","資料にある名前を、業務で使う保存先に合わせます。違うところだけ直してください。","","Hardcoded UI copy. Migrate to i18n before automatic replacement."
"hardcoded.afc7160591","frontstage","hardcoded","src/app/import-center/page.tsx","214","1","unknown","","途中保存","","Hardcoded UI copy. Migrate to i18n before automatic replacement."
"hardcoded.3596f41239","frontstage","hardcoded","src/app/import-center/page.tsx","215","1","unknown","","確認へ進む","","Hardcoded UI copy. Migrate to i18n before automatic replacement."
"hardcoded.0c80e457cd","frontstage","hardcoded","src/app/import-center/page.tsx","216","1","unknown","","資料上の名前","","Hardcoded UI copy. Migrate to i18n before automatic replacement."
"hardcoded.575b639eef","frontstage","hardcoded","src/app/import-center/page.tsx","217","1","unknown","","保存する項目","","Hardcoded UI copy. Migrate to i18n before automatic replacement."
"hardcoded.a2eaa9fb10","frontstage","hardcoded","src/app/import-center/page.tsx","218","1","unknown","","初期対応","","Hardcoded UI copy. Migrate to i18n before automatic replacement."
"hardcoded.e5817d24d9","frontstage","hardcoded","src/app/import-center/page.tsx","219","1","unknown","","確認内容","","Hardcoded UI copy. Migrate to i18n before automatic replacement."
"hardcoded.c4dc41a125","frontstage","hardcoded","src/app/import-center/page.tsx","220","1","unknown","","この列は保存しない","","Hardcoded UI copy. Migrate to i18n before automatic replacement."
"hardcoded.16bf4f259f","frontstage","hardcoded","src/app/import-center/page.tsx","221","1","unknown","","最近の読取履歴","","Hardcoded UI copy. Migrate to i18n before automatic replacement."
"hardcoded.b6fc9d448b","frontstage","hardcoded","src/app/import-center/page.tsx","222","1","unknown","","アーカイブ表示","","Hardcoded UI copy. Migrate to i18n before automatic replacement."
"hardcoded.b9b95377d4","frontstage","hardcoded","src/app/import-center/page.tsx","223","1","unknown","","読取状態","","Hardcoded UI copy. Migrate to i18n before automatic replacement."
"hardcoded.8fc82a14c8","frontstage","hardcoded","src/app/import-center/page.tsx","224","1","unknown","","確認事項","","Hardcoded UI copy. Migrate to i18n before automatic replacement."
"hardcoded.17c5a8deee","frontstage","hardcoded","src/app/import-center/page.tsx","225","1","unknown","","直近の読取で確認が必要な内容","","Hardcoded UI copy. Migrate to i18n before automatic replacement."
"hardcoded.de117bcd09","frontstage","hardcoded","src/app/import-center/page.tsx","226","1","unknown","","確認事項の推移（7日）","","Hardcoded UI copy. Migrate to i18n before automatic replacement."
"hardcoded.bd50a234d6","frontstage","hardcoded","src/app/import-center/page.tsx","227","1","unknown","","日別の確認件数","","Hardcoded UI copy. Migrate to i18n before automatic replacement."
"hardcoded.659d096c02","frontstage","hardcoded","src/app/import-center/page.tsx","228","1","unknown","","整理済","","Hardcoded UI copy. Migrate to i18n before automatic replacement."
"hardcoded.54c6901ddf","frontstage","hardcoded","src/app/import-center/page.tsx","229","1","unknown","","アラート","","Hardcoded UI copy. Migrate to i18n before automatic replacement."
"hardcoded.ef33061fe4","frontstage","hardcoded","src/app/import-center/page.tsx","230","1","unknown","","確認記録","","Hardcoded UI copy. Migrate to i18n before automatic replacement."
"hardcoded.715fbf865e","frontstage","hardcoded","src/app/import-center/page.tsx","231","1","unknown","","追加アラートはありません","","Hardcoded UI copy. Migrate to i18n before automatic replacement."
"hardcoded.e900a43c59","frontstage","hardcoded","src/app/import-center/page.tsx","232","1","unknown","","必須項目の保存先が未設定","","Hardcoded UI copy. Migrate to i18n before automatic replacement."
"hardcoded.9e1a3c2749","frontstage","hardcoded","src/app/import-center/page.tsx","233","1","unknown","","データ形式の不一致","","Hardcoded UI copy. Migrate to i18n before automatic replacement."
"hardcoded.4845fdabe9","frontstage","hardcoded","src/app/import-center/page.tsx","235","1","unknown","","案件に保存する必須項目がまだ選ばれていません。","","Hardcoded UI copy. Migrate to i18n before automatic replacement."
"hardcoded.92e89afb68","frontstage","hardcoded","src/app/import-center/page.tsx","236","1","unknown","","読取元データに形式の揺れがあります。","","Hardcoded UI copy. Migrate to i18n before automatic replacement."
"hardcoded.5a4ea32ec7","frontstage","hardcoded","src/app/import-center/page.tsx","237","1","unknown","","保存先を確認してください。","","Hardcoded UI copy. Migrate to i18n before automatic replacement."
"hardcoded.a978836e1e","frontstage","hardcoded","src/app/import-center/page.tsx","238","1","unknown","","今すぐ修正","","Hardcoded UI copy. Migrate to i18n before automatic replacement."
"hardcoded.9e55e15603","frontstage","hardcoded","src/app/import-center/page.tsx","239","1","unknown","","確認内容を反映","","Hardcoded UI copy. Migrate to i18n before automatic replacement."
"hardcoded.ee6c63b1c9","frontstage","hardcoded","src/app/import-center/page.tsx","240","1","unknown","","提案を使う","","Hardcoded UI copy. Migrate to i18n before automatic replacement."
"hardcoded.e09e710f58","frontstage","hardcoded","src/app/import-center/page.tsx","241","1","unknown","","確認結果を出力","","Hardcoded UI copy. Migrate to i18n before automatic replacement."
"hardcoded.d9e9f7c0f7","frontstage","hardcoded","src/app/import-center/page.tsx","242","1","unknown","","操作ヒント","","Hardcoded UI copy. Migrate to i18n before automatic replacement."
"hardcoded.fe4944fe22","frontstage","hardcoded","src/app/import-center/page.tsx","244","1","unknown","","整理提案を確認し、違う行だけ保存先を直してから確認へ進んでください。","","Hardcoded UI copy. Migrate to i18n before automatic replacement."
"hardcoded.8e3b79c489","frontstage","hardcoded","src/app/import-center/page.tsx","245","1","unknown","","先に資料を1件追加してください。","","Hardcoded UI copy. Migrate to i18n before automatic replacement."
"hardcoded.0f33961fc1","frontstage","hardcoded","src/app/import-center/page.tsx","246","1","unknown","","1. 保存先を合わせる","","Hardcoded UI copy. Migrate to i18n before automatic replacement."
"hardcoded.ae00c83377","frontstage","hardcoded","src/app/import-center/page.tsx","247","1","unknown","","2. 違うところだけ直す","","Hardcoded UI copy. Migrate to i18n before automatic replacement."
"hardcoded.56423d7101","frontstage","hardcoded","src/app/import-center/page.tsx","248","1","unknown","","対象資料","","Hardcoded UI copy. Migrate to i18n before automatic replacement."
"hardcoded.5d9b0259e0","frontstage","hardcoded","src/app/import-center/page.tsx","249","2","unknown","","保存先","","Hardcoded UI copy. Migrate to i18n before automatic replacement."
"hardcoded.85d97e7ef6","frontstage","hardcoded","src/app/import-center/page.tsx","250","1","unknown","","資料の列（カンマ区切り）","","Hardcoded UI copy. Migrate to i18n before automatic replacement."
"hardcoded.b9f3265c1c","frontstage","hardcoded","src/app/import-center/page.tsx","251","1","unknown","","保存先の項目（カンマ区切り）","","Hardcoded UI copy. Migrate to i18n before automatic replacement."
"hardcoded.ea1c93fae9","frontstage","hardcoded","src/app/import-center/page.tsx","252","1","unknown","","標準ルールで整理","","Hardcoded UI copy. Migrate to i18n before automatic replacement."
"hardcoded.6fa85d64ff","frontstage","hardcoded","src/app/import-center/page.tsx","253","1","unknown","","確認して保存","","Hardcoded UI copy. Migrate to i18n before automatic replacement."
"hardcoded.eab388bf24","frontstage","hardcoded","src/app/import-center/page.tsx","254","1","unknown","","例: 物件名,所在地,エリア,価格","","Hardcoded UI copy. Migrate to i18n before automatic replacement."
"hardcoded.6798c02084","frontstage","hardcoded","src/app/import-center/page.tsx","255","1","unknown","","例: 保存先の初回整理","","Hardcoded UI copy. Migrate to i18n before automatic replacement."
"hardcoded.bcb89dd4b9","frontstage","hardcoded","src/app/import-center/page.tsx","256","1","unknown","","例: 価格列は税抜","","Hardcoded UI copy. Migrate to i18n before automatic replacement."
"hardcoded.ec0b60daf7","frontstage","hardcoded","src/app/import-center/page.tsx","257","1","unknown","","保存先項目","","Hardcoded UI copy. Migrate to i18n before automatic replacement."
"hardcoded.e41ce3e193","frontstage","hardcoded","src/app/import-center/page.tsx","258","1","unknown","","案件に保存する項目を確認","","Hardcoded UI copy. Migrate to i18n before automatic replacement."
"hardcoded.ce818a9da7","frontstage","hardcoded","src/app/import-center/page.tsx","259","1","unknown","","添付登録","","Hardcoded UI copy. Migrate to i18n before automatic replacement."
"hardcoded.750e85e1f7","frontstage","hardcoded","src/app/import-center/page.tsx","260","1","unknown","","実ファイル保存対応","","Hardcoded UI copy. Migrate to i18n before automatic replacement."
"hardcoded.bc299db3d0","frontstage","hardcoded","src/app/import-center/page.tsx","261","1","unknown","","対象種別","","Hardcoded UI copy. Migrate to i18n before automatic replacement."
"hardcoded.ef93b06d00","frontstage","hardcoded","src/app/import-center/page.tsx","262","1","unknown","","関連記録","","Hardcoded UI copy. Migrate to i18n before automatic replacement."
"hardcoded.9172ac5940","frontstage","hardcoded","src/app/import-center/page.tsx","263","1","unknown","","ファイルアップロード（推奨）","","Hardcoded UI copy. Migrate to i18n before automatic replacement."
"hardcoded.e78b67335d","frontstage","hardcoded","src/app/import-center/page.tsx","264","1","unknown","","ファイル名（任意）","","Hardcoded UI copy. Migrate to i18n before automatic replacement."
"hardcoded.04afc28da0","frontstage","hardcoded","src/app/import-center/page.tsx","265","1","unknown","","外部ファイルの場所（任意）","","Hardcoded UI copy. Migrate to i18n before automatic replacement."
"hardcoded.976c35a3b6","frontstage","hardcoded","src/app/import-center/page.tsx","266","1","unknown","","ファイル形式（任意）","","Hardcoded UI copy. Migrate to i18n before automatic replacement."
"hardcoded.ea0ebdce17","frontstage","hardcoded","src/app/import-center/page.tsx","267","1","unknown","","ファイルサイズ（任意）","","Hardcoded UI copy. Migrate to i18n before automatic replacement."
"hardcoded.16c36db62e","frontstage","hardcoded","src/app/import-center/page.tsx","268","1","unknown","","添付を登録","","Hardcoded UI copy. Migrate to i18n before automatic replacement."
"hardcoded.fc19f3bfd6","frontstage","hardcoded","src/app/import-center/page.tsx","269","1","unknown","","直接アップロードまたは外部ファイルの場所のいずれかを指定してください。","","Hardcoded UI copy. Migrate to i18n before automatic replacement."
"hardcoded.cc8dcafd76","frontstage","hardcoded","src/app/import-center/page.tsx","270","1","unknown","","例: import_002 / prop_shibuya","","Hardcoded UI copy. Migrate to i18n before automatic replacement."
"hardcoded.850fa204ea","frontstage","hardcoded","src/app/import-center/page.tsx","271","1","unknown","","アップロードしない場合のみ入力","","Hardcoded UI copy. Migrate to i18n before automatic replacement."
"hardcoded.2749c2bddd","frontstage","hardcoded","src/app/import-center/page.tsx","272","1","unknown","","例: https://storage.example.com/docs/a.pdf","","Hardcoded UI copy. Migrate to i18n before automatic replacement."
"hardcoded.cdc332fa7d","frontstage","hardcoded","src/app/import-center/page.tsx","273","1","unknown","","例: application/pdf","","Hardcoded UI copy. Migrate to i18n before automatic replacement."
"hardcoded.05d0d22c1c","frontstage","hardcoded","src/app/import-center/page.tsx","274","1","unknown","","最新添付履歴","","Hardcoded UI copy. Migrate to i18n before automatic replacement."
"hardcoded.3e05df4627","frontstage","hardcoded","src/app/import-center/page.tsx","275","1","unknown","","最新30件","","Hardcoded UI copy. Migrate to i18n before automatic replacement."
"hardcoded.a0692c3d2a","frontstage","hardcoded","src/app/import-center/page.tsx","276","1","unknown","","添付はまだありません。","","Hardcoded UI copy. Migrate to i18n before automatic replacement."
"hardcoded.79aacc634a","frontstage","hardcoded","src/app/import-center/page.tsx","277","4","unknown","","未設定","","Hardcoded UI copy. Migrate to i18n before automatic replacement."
"hardcoded.284c4c3c02","frontstage","hardcoded","src/app/import-center/page.tsx","278","1","unknown","","登録日","","Hardcoded UI copy. Migrate to i18n before automatic replacement."
"hardcoded.60d5935623","frontstage","hardcoded","src/app/import-center/page.tsx","279","1","unknown","","保存ファイルを開く","","Hardcoded UI copy. Migrate to i18n before automatic replacement."
"hardcoded.4960418dd4","frontstage","hardcoded","src/app/import-center/page.tsx","280","2","unknown","","読取資料","","Hardcoded UI copy. Migrate to i18n before automatic replacement."
"hardcoded.deff13211c","frontstage","hardcoded","src/app/import-center/page.tsx","282","5","unknown","","契約","","Hardcoded UI copy. Migrate to i18n before automatic replacement."
"hardcoded.16b1fd0f57","frontstage","hardcoded","src/app/import-center/page.tsx","283","4","unknown","","対応履歴","","Hardcoded UI copy. Migrate to i18n before automatic replacement."
"hardcoded.b9a2f9c035","frontstage","hardcoded","src/app/import-center/page.tsx","284","6","unknown","","提案","","Hardcoded UI copy. Migrate to i18n before automatic replacement."
"hardcoded.d49bb1a434","frontstage","hardcoded","src/app/import-center/page.tsx","288","3","unknown","","建档入口","","Hardcoded UI copy. Migrate to i18n before automatic replacement."
"hardcoded.17ba49b9e1","frontstage","hardcoded","src/app/import-center/page.tsx","289","1","unknown","","新建案件、主体或物件；已有资料先读取，再归入对应对象。","","Hardcoded UI copy. Migrate to i18n before automatic replacement."
"hardcoded.15d798e201","frontstage","hardcoded","src/app/import-center/page.tsx","290","1","unknown","","Excel 批量读取","","Hardcoded UI copy. Migrate to i18n before automatic replacement."
"hardcoded.76bbb167dc","frontstage","hardcoded","src/app/import-center/page.tsx","291","1","unknown","","优先整理物件台账","","Hardcoded UI copy. Migrate to i18n before automatic replacement."
"hardcoded.0c9640b0fc","frontstage","hardcoded","src/app/import-center/page.tsx","292","1","unknown","","PDF / 扫描登记","","Hardcoded UI copy. Migrate to i18n before automatic replacement."
"hardcoded.b6706f12ff","frontstage","hardcoded","src/app/import-center/page.tsx","293","1","unknown","","归档旧合同与文件","","Hardcoded UI copy. Migrate to i18n before automatic replacement."
"hardcoded.3da53d7674","frontstage","hardcoded","src/app/import-center/page.tsx","294","1","unknown","","手动登记","","Hardcoded UI copy. Migrate to i18n before automatic replacement."
"hardcoded.d433a21208","frontstage","hardcoded","src/app/import-center/page.tsx","295","1","unknown","","补齐缺失信息","","Hardcoded UI copy. Migrate to i18n before automatic replacement."
"hardcoded.8f49e3ae15","frontstage","hardcoded","src/app/import-center/page.tsx","296","1","unknown","","资料名称","","Hardcoded UI copy. Migrate to i18n before automatic replacement."
"hardcoded.dde95eb32f","frontstage","hardcoded","src/app/import-center/page.tsx","297","1","unknown","","备注（可选）","","Hardcoded UI copy. Migrate to i18n before automatic replacement."
"hardcoded.dda598662e","frontstage","hardcoded","src/app/import-center/page.tsx","298","1","unknown","","登记 Excel 资料","","Hardcoded UI copy. Migrate to i18n before automatic replacement."
"hardcoded.ffdb5890f7","frontstage","hardcoded","src/app/import-center/page.tsx","299","1","unknown","","登记 PDF 资料","","Hardcoded UI copy. Migrate to i18n before automatic replacement."
"hardcoded.9f398e1785","frontstage","hardcoded","src/app/import-center/page.tsx","300","1","unknown","","登记手动资料","","Hardcoded UI copy. Migrate to i18n before automatic replacement."
"hardcoded.e82f4f7790","frontstage","hardcoded","src/app/import-center/page.tsx","301","1","unknown","","例：物件台账_2026Q2.xlsx","","Hardcoded UI copy. Migrate to i18n before automatic replacement."
"hardcoded.8f017817d1","frontstage","hardcoded","src/app/import-center/page.tsx","302","1","unknown","","例：旧合同批量登记（10条）","","Hardcoded UI copy. Migrate to i18n before automatic replacement."
"hardcoded.b3fa2db185","frontstage","hardcoded","src/app/import-center/page.tsx","303","1","unknown","","例：维修履历_管理物件A","","Hardcoded UI copy. Migrate to i18n before automatic replacement."
"hardcoded.af5283605f","frontstage","hardcoded","src/app/import-center/page.tsx","304","1","unknown","","例：31条，表头已确认","","Hardcoded UI copy. Migrate to i18n before automatic replacement."
"hardcoded.233ca46668","frontstage","hardcoded","src/app/import-center/page.tsx","305","1","unknown","","例：待确认合同类型","","Hardcoded UI copy. Migrate to i18n before automatic replacement."
"hardcoded.9ec18f6a7b","frontstage","hardcoded","src/app/import-center/page.tsx","306","1","unknown","","例：先录入发生日期","","Hardcoded UI copy. Migrate to i18n before automatic replacement."
"hardcoded.c8f2e51038","frontstage","hardcoded","src/app/import-center/page.tsx","307","1","unknown","","资料读取历史","","Hardcoded UI copy. Migrate to i18n before automatic replacement."
"hardcoded.1c07b33a09","frontstage","hardcoded","src/app/import-center/page.tsx","308","1","unknown","","按最新排序","","Hardcoded UI copy. Migrate to i18n before automatic replacement."
"hardcoded.adfadb319f","frontstage","hardcoded","src/app/import-center/page.tsx","309","3","unknown","","资料","","Hardcoded UI copy. Migrate to i18n before automatic replacement."
"hardcoded.7b3f497abb","frontstage","hardcoded","src/app/import-center/page.tsx","310","1","unknown","","来源类型","","Hardcoded UI copy. Migrate to i18n before automatic replacement."
"hardcoded.6102c5c9e6","frontstage","hardcoded","src/app/import-center/page.tsx","312","1","unknown","","创建日期","","Hardcoded UI copy. Migrate to i18n before automatic replacement."
"hardcoded.c1ac238c0f","frontstage","hardcoded","src/app/import-center/page.tsx","314","1","unknown","","资料整理助手","","Hardcoded UI copy. Migrate to i18n before automatic replacement."
"hardcoded.56fb7d490d","frontstage","hardcoded","src/app/import-center/page.tsx","315","1","unknown","","确认保存位置","","Hardcoded UI copy. Migrate to i18n before automatic replacement."
"hardcoded.70b208202c","frontstage","hardcoded","src/app/import-center/page.tsx","316","1","unknown","","选择","","Hardcoded UI copy. Migrate to i18n before automatic replacement."
"hardcoded.84972e0514","frontstage","hardcoded","src/app/import-center/page.tsx","317","1","unknown","","保存确认","","Hardcoded UI copy. Migrate to i18n before automatic replacement."
"hardcoded.40ffb34860","frontstage","hardcoded","src/app/import-center/page.tsx","318","1","unknown","","检查","","Hardcoded UI copy. Migrate to i18n before automatic replacement."
"hardcoded.c1903bb66c","frontstage","hardcoded","src/app/import-center/page.tsx","320","1","unknown","","确认资料要保存到哪里","","Hardcoded UI copy. Migrate to i18n before automatic replacement."
"hardcoded.b38c8d2505","frontstage","hardcoded","src/app/import-center/page.tsx","321","1","unknown","","把资料里的名称对应到业务保存位置，明显不对的地方直接改。","","Hardcoded UI copy. Migrate to i18n before automatic replacement."
"hardcoded.c4755b25cc","frontstage","hardcoded","src/app/import-center/page.tsx","322","1","unknown","","暂存","","Hardcoded UI copy. Migrate to i18n before automatic replacement."
"hardcoded.7266f1a6bb","frontstage","hardcoded","src/app/import-center/page.tsx","323","1","unknown","","进入检查","","Hardcoded UI copy. Migrate to i18n before automatic replacement."
"hardcoded.7eedc064f9","frontstage","hardcoded","src/app/import-center/page.tsx","324","1","unknown","","资料里的名称","","Hardcoded UI copy. Migrate to i18n before automatic replacement."
"hardcoded.0b4b0dc891","frontstage","hardcoded","src/app/import-center/page.tsx","325","1","unknown","","保存成","","Hardcoded UI copy. Migrate to i18n before automatic replacement."
"hardcoded.313a0e270b","frontstage","hardcoded","src/app/import-center/page.tsx","326","1","unknown","","初步对应","","Hardcoded UI copy. Migrate to i18n before automatic replacement."
"hardcoded.21cb89cf6e","frontstage","hardcoded","src/app/import-center/page.tsx","327","1","unknown","","确认说明","","Hardcoded UI copy. Migrate to i18n before automatic replacement."
"hardcoded.e511594ea1","frontstage","hardcoded","src/app/import-center/page.tsx","328","1","unknown","","不保存这一列","","Hardcoded UI copy. Migrate to i18n before automatic replacement."
"hardcoded.c02efdc4d7","frontstage","hardcoded","src/app/import-center/page.tsx","329","1","unknown","","最近读取历史","","Hardcoded UI copy. Migrate to i18n before automatic replacement."
"hardcoded.e41eda9778","frontstage","hardcoded","src/app/import-center/page.tsx","330","1","unknown","","查看归档","","Hardcoded UI copy. Migrate to i18n before automatic replacement."
"hardcoded.48e33ec787","frontstage","hardcoded","src/app/import-center/page.tsx","331","1","unknown","","读取状态","","Hardcoded UI copy. Migrate to i18n before automatic replacement."
"hardcoded.26202993b3","frontstage","hardcoded","src/app/import-center/page.tsx","332","1","unknown","","问题汇总","","Hardcoded UI copy. Migrate to i18n before automatic replacement."
"hardcoded.292f2435a1","frontstage","hardcoded","src/app/import-center/page.tsx","333","1","unknown","","按最近读取结果统计需要处理的内容","","Hardcoded UI copy. Migrate to i18n before automatic replacement."
"hardcoded.8b5e479e8b","frontstage","hardcoded","src/app/import-center/page.tsx","334","1","unknown","","问题变化（7天）","","Hardcoded UI copy. Migrate to i18n before automatic replacement."
"hardcoded.d0a161fc89","frontstage","hardcoded","src/app/import-center/page.tsx","335","1","unknown","","按天统计需要确认的内容","","Hardcoded UI copy. Migrate to i18n before automatic replacement."
"hardcoded.5078424f7e","frontstage","hardcoded","src/app/import-center/page.tsx","337","1","unknown","","告警","","Hardcoded UI copy. Migrate to i18n before automatic replacement."
"hardcoded.9f0210d463","frontstage","hardcoded","src/app/import-center/page.tsx","338","1","unknown","","检查记录","","Hardcoded UI copy. Migrate to i18n before automatic replacement."
"hardcoded.b620c3bc18","frontstage","hardcoded","src/app/import-center/page.tsx","339","1","unknown","","暂无更多告警","","Hardcoded UI copy. Migrate to i18n before automatic replacement."
"hardcoded.d32f4b60a8","frontstage","hardcoded","src/app/import-center/page.tsx","340","1","unknown","","必填项还没有保存位置","","Hardcoded UI copy. Migrate to i18n before automatic replacement."
"hardcoded.0456c2de04","frontstage","hardcoded","src/app/import-center/page.tsx","341","1","unknown","","数据格式不一致","","Hardcoded UI copy. Migrate to i18n before automatic replacement."
"hardcoded.b683216136","frontstage","hardcoded","src/app/import-center/page.tsx","342","1","unknown","","保存位置建议","","Hardcoded UI copy. Migrate to i18n before automatic replacement."
"hardcoded.fa9730e964","frontstage","hardcoded","src/app/import-center/page.tsx","343","1","unknown","","案件必填项还没有选择保存位置。","","Hardcoded UI copy. Migrate to i18n before automatic replacement."
"hardcoded.f9cedfe723","frontstage","hardcoded","src/app/import-center/page.tsx","344","1","unknown","","源数据包含格式不一致内容。","","Hardcoded UI copy. Migrate to i18n before automatic replacement."
"hardcoded.a42d5a1d4b","frontstage","hardcoded","src/app/import-center/page.tsx","345","1","unknown","","请确认保存位置。","","Hardcoded UI copy. Migrate to i18n before automatic replacement."
"hardcoded.38bf831893","frontstage","hardcoded","src/app/import-center/page.tsx","346","1","unknown","","立即处理","","Hardcoded UI copy. Migrate to i18n before automatic replacement."
"hardcoded.4fe51641b5","frontstage","hardcoded","src/app/import-center/page.tsx","347","1","unknown","","按建议处理","","Hardcoded UI copy. Migrate to i18n before automatic replacement."
"hardcoded.7125ff9ee0","frontstage","hardcoded","src/app/import-center/page.tsx","348","1","unknown","","使用建议","","Hardcoded UI copy. Migrate to i18n before automatic replacement."
"hardcoded.91645d4707","frontstage","hardcoded","src/app/import-center/page.tsx","349","1","unknown","","导出检查结果","","Hardcoded UI copy. Migrate to i18n before automatic replacement."
"hardcoded.93564a7ced","frontstage","hardcoded","src/app/import-center/page.tsx","350","1","unknown","","操作提示","","Hardcoded UI copy. Migrate to i18n before automatic replacement."
"hardcoded.a537e1026a","frontstage","hardcoded","src/app/import-center/page.tsx","351","1","unknown","","先检查读取结果，只修正不对的行再进入确认。","","Hardcoded UI copy. Migrate to i18n before automatic replacement."
"hardcoded.b3965dbec4","frontstage","hardcoded","src/app/import-center/page.tsx","352","1","unknown","","请先登记至少 1 份资料。","","Hardcoded UI copy. Migrate to i18n before automatic replacement."
"hardcoded.1549ea498a","frontstage","hardcoded","src/app/import-center/page.tsx","353","1","unknown","","1. 确认保存位置","","Hardcoded UI copy. Migrate to i18n before automatic replacement."
"hardcoded.b3cb6a04ba","frontstage","hardcoded","src/app/import-center/page.tsx","354","1","unknown","","2. 只修正不对的地方","","Hardcoded UI copy. Migrate to i18n before automatic replacement."
"hardcoded.a40cd350c4","frontstage","hardcoded","src/app/import-center/page.tsx","355","1","unknown","","目标资料","","Hardcoded UI copy. Migrate to i18n before automatic replacement."
"hardcoded.c7b497c5ec","frontstage","hardcoded","src/app/import-center/page.tsx","356","1","unknown","","保存到","","Hardcoded UI copy. Migrate to i18n before automatic replacement."
"hardcoded.ecd372684c","frontstage","hardcoded","src/app/import-center/page.tsx","357","1","unknown","","资料列（逗号分隔）","","Hardcoded UI copy. Migrate to i18n before automatic replacement."
"hardcoded.a2f12122f8","frontstage","hardcoded","src/app/import-center/page.tsx","358","1","unknown","","保存位置（逗号分隔）","","Hardcoded UI copy. Migrate to i18n before automatic replacement."
"hardcoded.aeb2b60fcb","frontstage","hardcoded","src/app/import-center/page.tsx","359","1","unknown","","按标准规则整理","","Hardcoded UI copy. Migrate to i18n before automatic replacement."
"hardcoded.336568d8ff","frontstage","hardcoded","src/app/import-center/page.tsx","360","1","unknown","","确认并保存","","Hardcoded UI copy. Migrate to i18n before automatic replacement."
"hardcoded.00d58d2fea","frontstage","hardcoded","src/app/import-center/page.tsx","361","1","unknown","","例：物件名称,地址,区域,价格","","Hardcoded UI copy. Migrate to i18n before automatic replacement."
"hardcoded.3edfef8a3b","frontstage","hardcoded","src/app/import-center/page.tsx","362","1","unknown","","例：首次确认保存位置","","Hardcoded UI copy. Migrate to i18n before automatic replacement."
"hardcoded.c03edf75b5","frontstage","hardcoded","src/app/import-center/page.tsx","363","1","unknown","","例：价格列为不含税","","Hardcoded UI copy. Migrate to i18n before automatic replacement."
"hardcoded.459984cb1d","frontstage","hardcoded","src/app/import-center/page.tsx","364","1","unknown","","可保存内容","","Hardcoded UI copy. Migrate to i18n before automatic replacement."
"hardcoded.2b70edab16","frontstage","hardcoded","src/app/import-center/page.tsx","365","1","unknown","","确认要保存到案件的项目","","Hardcoded UI copy. Migrate to i18n before automatic replacement."
"hardcoded.4d8f685e64","frontstage","hardcoded","src/app/import-center/page.tsx","366","1","unknown","","附件登记","","Hardcoded UI copy. Migrate to i18n before automatic replacement."
"hardcoded.f0cf06e837","frontstage","hardcoded","src/app/import-center/page.tsx","367","1","unknown","","支持实际文件保存","","Hardcoded UI copy. Migrate to i18n before automatic replacement."
"hardcoded.c44a4e3da1","frontstage","hardcoded","src/app/import-center/page.tsx","368","1","unknown","","目标类型","","Hardcoded UI copy. Migrate to i18n before automatic replacement."
"hardcoded.e01527448a","frontstage","hardcoded","src/app/import-center/page.tsx","369","1","unknown","","关联记录","","Hardcoded UI copy. Migrate to i18n before automatic replacement."
"hardcoded.89247af7de","frontstage","hardcoded","src/app/import-center/page.tsx","370","1","unknown","","上传文件（推荐）","","Hardcoded UI copy. Migrate to i18n before automatic replacement."
"hardcoded.d947e17c65","frontstage","hardcoded","src/app/import-center/page.tsx","371","1","unknown","","文件名（可选）","","Hardcoded UI copy. Migrate to i18n before automatic replacement."
"hardcoded.44236ee41a","frontstage","hardcoded","src/app/import-center/page.tsx","372","1","unknown","","外部文件地址（可选）","","Hardcoded UI copy. Migrate to i18n before automatic replacement."
"hardcoded.0481df6348","frontstage","hardcoded","src/app/import-center/page.tsx","373","1","unknown","","文件格式（可选）","","Hardcoded UI copy. Migrate to i18n before automatic replacement."
"hardcoded.55c00aa18f","frontstage","hardcoded","src/app/import-center/page.tsx","374","1","unknown","","文件大小（可选）","","Hardcoded UI copy. Migrate to i18n before automatic replacement."
"hardcoded.3a562b5417","frontstage","hardcoded","src/app/import-center/page.tsx","375","1","unknown","","登记附件","","Hardcoded UI copy. Migrate to i18n before automatic replacement."
"hardcoded.238785013f","frontstage","hardcoded","src/app/import-center/page.tsx","376","1","unknown","","请在直接上传与外部文件地址中二选一。","","Hardcoded UI copy. Migrate to i18n before automatic replacement."
"hardcoded.b17c3ca165","frontstage","hardcoded","src/app/import-center/page.tsx","377","1","unknown","","例：import_002 / prop_shibuya","","Hardcoded UI copy. Migrate to i18n before automatic replacement."
"hardcoded.bd0ef80975","frontstage","hardcoded","src/app/import-center/page.tsx","378","1","unknown","","仅在不上传时填写","","Hardcoded UI copy. Migrate to i18n before automatic replacement."
"hardcoded.6dcb35b8cb","frontstage","hardcoded","src/app/import-center/page.tsx","379","1","unknown","","例：https://storage.example.com/docs/a.pdf","","Hardcoded UI copy. Migrate to i18n before automatic replacement."
"hardcoded.9d7c43c7a0","frontstage","hardcoded","src/app/import-center/page.tsx","380","1","unknown","","例：application/pdf","","Hardcoded UI copy. Migrate to i18n before automatic replacement."
"hardcoded.6ce183c577","frontstage","hardcoded","src/app/import-center/page.tsx","381","1","unknown","","最近附件记录","","Hardcoded UI copy. Migrate to i18n before automatic replacement."
"hardcoded.14d31c33cc","frontstage","hardcoded","src/app/import-center/page.tsx","382","1","unknown","","最近30条","","Hardcoded UI copy. Migrate to i18n before automatic replacement."
"hardcoded.82d92415ac","frontstage","hardcoded","src/app/import-center/page.tsx","383","1","unknown","","暂无附件记录。","","Hardcoded UI copy. Migrate to i18n before automatic replacement."
"hardcoded.d575c60b58","frontstage","hardcoded","src/app/import-center/page.tsx","384","1","unknown","","类型未设置","","Hardcoded UI copy. Migrate to i18n before automatic replacement."
"hardcoded.aebce8494b","frontstage","hardcoded","src/app/import-center/page.tsx","385","1","unknown","","登记日","","Hardcoded UI copy. Migrate to i18n before automatic replacement."
"hardcoded.ef9c9924d2","frontstage","hardcoded","src/app/import-center/page.tsx","386","1","unknown","","打开已保存文件","","Hardcoded UI copy. Migrate to i18n before automatic replacement."
"hardcoded.59404d4088","frontstage","hardcoded","src/app/import-center/page.tsx","389","3","unknown","","合同","","Hardcoded UI copy. Migrate to i18n before automatic replacement."
"hardcoded.d8d93136fc","frontstage","hardcoded","src/app/import-center/page.tsx","395","3","unknown","","등록 입구","","Hardcoded UI copy. Migrate to i18n before automatic replacement."
"hardcoded.9919341646","frontstage","hardcoded","src/app/import-center/page.tsx","396","1","unknown","","안건, 관계자, 매물을 만들고 필요한 자료를 읽습니다.","","Hardcoded UI copy. Migrate to i18n before automatic replacement."
"hardcoded.cf91b5d97e","frontstage","hardcoded","src/app/import-center/page.tsx","397","1","unknown","","Excel 일괄 읽기","","Hardcoded UI copy. Migrate to i18n before automatic replacement."
"hardcoded.a00850f3ce","frontstage","hardcoded","src/app/import-center/page.tsx","398","1","unknown","","매물 대장 정리 우선","","Hardcoded UI copy. Migrate to i18n before automatic replacement."
"hardcoded.b8051d7c55","frontstage","hardcoded","src/app/import-center/page.tsx","399","1","unknown","","PDF / 스캔 등록","","Hardcoded UI copy. Migrate to i18n before automatic replacement."
"hardcoded.bf5e979ad8","frontstage","hardcoded","src/app/import-center/page.tsx","400","1","unknown","","구 계약/문서 보관","","Hardcoded UI copy. Migrate to i18n before automatic replacement."
"hardcoded.d835013888","frontstage","hardcoded","src/app/import-center/page.tsx","401","1","unknown","","수기 등록","","Hardcoded UI copy. Migrate to i18n before automatic replacement."
"hardcoded.0748b46a7d","frontstage","hardcoded","src/app/import-center/page.tsx","402","1","unknown","","누락 정보 보완","","Hardcoded UI copy. Migrate to i18n before automatic replacement."
"hardcoded.ba5861be5c","frontstage","hardcoded","src/app/import-center/page.tsx","403","1","unknown","","자료명","","Hardcoded UI copy. Migrate to i18n before automatic replacement."
"hardcoded.743d594df5","frontstage","hardcoded","src/app/import-center/page.tsx","404","1","unknown","","메모(선택)","","Hardcoded UI copy. Migrate to i18n before automatic replacement."
"hardcoded.e60891c483","frontstage","hardcoded","src/app/import-center/page.tsx","405","1","unknown","","Excel 자료 등록","","Hardcoded UI copy. Migrate to i18n before automatic replacement."
"hardcoded.ff01e393b5","frontstage","hardcoded","src/app/import-center/page.tsx","406","1","unknown","","PDF 자료 등록","","Hardcoded UI copy. Migrate to i18n before automatic replacement."
"hardcoded.af7101dab8","frontstage","hardcoded","src/app/import-center/page.tsx","407","1","unknown","","수기 자료 등록","","Hardcoded UI copy. Migrate to i18n before automatic replacement."
"hardcoded.f13dad4ca5","frontstage","hardcoded","src/app/import-center/page.tsx","408","1","unknown","","예: 매물대장_2026Q2.xlsx","","Hardcoded UI copy. Migrate to i18n before automatic replacement."
"hardcoded.7b06c1b254","frontstage","hardcoded","src/app/import-center/page.tsx","409","1","unknown","","예: 구 계약서 일괄 등록(10건)","","Hardcoded UI copy. Migrate to i18n before automatic replacement."
"hardcoded.ba75bb6288","frontstage","hardcoded","src/app/import-center/page.tsx","410","1","unknown","","예: 수선 이력_관리매물A","","Hardcoded UI copy. Migrate to i18n before automatic replacement."
"hardcoded.eb688fbffd","frontstage","hardcoded","src/app/import-center/page.tsx","411","1","unknown","","예: 31건, 헤더 확인 완료","","Hardcoded UI copy. Migrate to i18n before automatic replacement."
"hardcoded.7f49e145fc","frontstage","hardcoded","src/app/import-center/page.tsx","412","1","unknown","","예: 계약 유형 확인 대기","","Hardcoded UI copy. Migrate to i18n before automatic replacement."
"hardcoded.2ce6332a04","frontstage","hardcoded","src/app/import-center/page.tsx","413","1","unknown","","예: 먼저 발생일만 입력","","Hardcoded UI copy. Migrate to i18n before automatic replacement."
"hardcoded.4d3de301a2","frontstage","hardcoded","src/app/import-center/page.tsx","414","1","unknown","","자료 읽기 이력","","Hardcoded UI copy. Migrate to i18n before automatic replacement."
"hardcoded.41dad65082","frontstage","hardcoded","src/app/import-center/page.tsx","415","1","unknown","","최신순","","Hardcoded UI copy. Migrate to i18n before automatic replacement."
"hardcoded.feccdc2efa","frontstage","hardcoded","src/app/import-center/page.tsx","416","2","unknown","","자료","","Hardcoded UI copy. Migrate to i18n before automatic replacement."
"hardcoded.203fea3299","frontstage","hardcoded","src/app/import-center/page.tsx","417","1","unknown","","입력 유형","","Hardcoded UI copy. Migrate to i18n before automatic replacement."
"hardcoded.b8104590ee","frontstage","hardcoded","src/app/import-center/page.tsx","421","1","unknown","","자료 정리 도우미","","Hardcoded UI copy. Migrate to i18n before automatic replacement."
"hardcoded.ddc1229998","frontstage","hardcoded","src/app/import-center/page.tsx","422","1","unknown","","저장 항목 확인","","Hardcoded UI copy. Migrate to i18n before automatic replacement."
"hardcoded.97b42609ed","frontstage","hardcoded","src/app/import-center/page.tsx","424","1","unknown","","저장 확인","","Hardcoded UI copy. Migrate to i18n before automatic replacement."
"hardcoded.468266d639","frontstage","hardcoded","src/app/import-center/page.tsx","425","2","unknown","","확인","","Hardcoded UI copy. Migrate to i18n before automatic replacement."
"hardcoded.86d7d9e5d6","frontstage","hardcoded","src/app/import-center/page.tsx","427","1","unknown","","자료를 어디에 저장할지 확인","","Hardcoded UI copy. Migrate to i18n before automatic replacement."
"hardcoded.cc49fab7f9","frontstage","hardcoded","src/app/import-center/page.tsx","428","1","unknown","","자료에 적힌 이름을 업무 저장 위치에 맞춥니다. 다른 부분만 수정하세요.","","Hardcoded UI copy. Migrate to i18n before automatic replacement."
"hardcoded.63132cf6bb","frontstage","hardcoded","src/app/import-center/page.tsx","429","1","unknown","","임시 저장","","Hardcoded UI copy. Migrate to i18n before automatic replacement."
"hardcoded.faae92ab10","frontstage","hardcoded","src/app/import-center/page.tsx","430","1","unknown","","확인으로 이동","","Hardcoded UI copy. Migrate to i18n before automatic replacement."
"hardcoded.a155542341","frontstage","hardcoded","src/app/import-center/page.tsx","431","1","unknown","","자료에 적힌 이름","","Hardcoded UI copy. Migrate to i18n before automatic replacement."
"hardcoded.21fbcb0e23","frontstage","hardcoded","src/app/import-center/page.tsx","432","3","unknown","","저장 위치","","Hardcoded UI copy. Migrate to i18n before automatic replacement."
"hardcoded.757bb61fc5","frontstage","hardcoded","src/app/import-center/page.tsx","433","1","unknown","","초기 대응","","Hardcoded UI copy. Migrate to i18n before automatic replacement."
"hardcoded.1f4a604296","frontstage","hardcoded","src/app/import-center/page.tsx","434","1","unknown","","확인 내용","","Hardcoded UI copy. Migrate to i18n before automatic replacement."
"hardcoded.c810cdc775","frontstage","hardcoded","src/app/import-center/page.tsx","435","1","unknown","","이 열은 저장하지 않음","","Hardcoded UI copy. Migrate to i18n before automatic replacement."
"hardcoded.ef80448be5","frontstage","hardcoded","src/app/import-center/page.tsx","436","1","unknown","","최근 읽기 이력","","Hardcoded UI copy. Migrate to i18n before automatic replacement."
"hardcoded.4b322c92ea","frontstage","hardcoded","src/app/import-center/page.tsx","437","1","unknown","","보관 이력 보기","","Hardcoded UI copy. Migrate to i18n before automatic replacement."
"hardcoded.aecfd5f1ba","frontstage","hardcoded","src/app/import-center/page.tsx","438","1","unknown","","읽기 상태","","Hardcoded UI copy. Migrate to i18n before automatic replacement."
"hardcoded.9e68f90fc4","frontstage","hardcoded","src/app/import-center/page.tsx","439","1","unknown","","확인 사항","","Hardcoded UI copy. Migrate to i18n before automatic replacement."
"hardcoded.7ec1e0dafa","frontstage","hardcoded","src/app/import-center/page.tsx","440","1","unknown","","최근 읽기 결과에서 확인이 필요한 내용","","Hardcoded UI copy. Migrate to i18n before automatic replacement."
"hardcoded.d4509e7029","frontstage","hardcoded","src/app/import-center/page.tsx","441","1","unknown","","확인 사항 추이 (7일)","","Hardcoded UI copy. Migrate to i18n before automatic replacement."
"hardcoded.fc2d8eabda","frontstage","hardcoded","src/app/import-center/page.tsx","442","1","unknown","","일자별 확인 건수","","Hardcoded UI copy. Migrate to i18n before automatic replacement."
"hardcoded.e29d147ed5","frontstage","hardcoded","src/app/import-center/page.tsx","444","1","unknown","","알림","","Hardcoded UI copy. Migrate to i18n before automatic replacement."
"hardcoded.c0fd3c9944","frontstage","hardcoded","src/app/import-center/page.tsx","445","1","unknown","","확인 기록","","Hardcoded UI copy. Migrate to i18n before automatic replacement."
"hardcoded.ab47f17bb2","frontstage","hardcoded","src/app/import-center/page.tsx","446","1","unknown","","추가 알림이 없습니다","","Hardcoded UI copy. Migrate to i18n before automatic replacement."
"hardcoded.d97a80e1f3","frontstage","hardcoded","src/app/import-center/page.tsx","447","1","unknown","","필수 항목의 저장 위치 미설정","","Hardcoded UI copy. Migrate to i18n before automatic replacement."
"hardcoded.8b82da45b9","frontstage","hardcoded","src/app/import-center/page.tsx","448","1","unknown","","데이터 형식 불일치","","Hardcoded UI copy. Migrate to i18n before automatic replacement."
"hardcoded.b4481e6d26","frontstage","hardcoded","src/app/import-center/page.tsx","449","1","unknown","","저장 위치 후보","","Hardcoded UI copy. Migrate to i18n before automatic replacement."
"hardcoded.dac359c774","frontstage","hardcoded","src/app/import-center/page.tsx","450","1","unknown","","안건 필수 항목의 저장 위치가 아직 선택되지 않았습니다.","","Hardcoded UI copy. Migrate to i18n before automatic replacement."
"hardcoded.401b87ae3d","frontstage","hardcoded","src/app/import-center/page.tsx","451","1","unknown","","원본 데이터 형식이 일치하지 않습니다.","","Hardcoded UI copy. Migrate to i18n before automatic replacement."
"hardcoded.6f38741ef3","frontstage","hardcoded","src/app/import-center/page.tsx","452","1","unknown","","확인할 저장 항목 제안이 있습니다.","","Hardcoded UI copy. Migrate to i18n before automatic replacement."
"hardcoded.35c2fea0c6","frontstage","hardcoded","src/app/import-center/page.tsx","453","1","unknown","","지금 수정","","Hardcoded UI copy. Migrate to i18n before automatic replacement."
"hardcoded.0c3640ca94","frontstage","hardcoded","src/app/import-center/page.tsx","454","1","unknown","","후보 반영","","Hardcoded UI copy. Migrate to i18n before automatic replacement."
"hardcoded.2e87c23627","frontstage","hardcoded","src/app/import-center/page.tsx","455","1","unknown","","제안 사용","","Hardcoded UI copy. Migrate to i18n before automatic replacement."
"hardcoded.b2ade1b0a1","frontstage","hardcoded","src/app/import-center/page.tsx","456","1","unknown","","확인 결과 내보내기","","Hardcoded UI copy. Migrate to i18n before automatic replacement."
"hardcoded.81deda9fe2","frontstage","hardcoded","src/app/import-center/page.tsx","457","1","unknown","","사용 팁","","Hardcoded UI copy. Migrate to i18n before automatic replacement."
"hardcoded.7344008ebd","frontstage","hardcoded","src/app/import-center/page.tsx","458","1","unknown","","정리 제안을 확인하고, 다른 행만 저장 항목을 고친 뒤 확인으로 진행하세요.","","Hardcoded UI copy. Migrate to i18n before automatic replacement."
"hardcoded.9488062b94","frontstage","hardcoded","src/app/import-center/page.tsx","459","1","unknown","","먼저 자료를 1건 이상 등록하세요.","","Hardcoded UI copy. Migrate to i18n before automatic replacement."
"hardcoded.e9b625169d","frontstage","hardcoded","src/app/import-center/page.tsx","460","1","unknown","","1. 저장 항목 맞추기","","Hardcoded UI copy. Migrate to i18n before automatic replacement."
"hardcoded.75e813850b","frontstage","hardcoded","src/app/import-center/page.tsx","461","1","unknown","","2. 다른 곳만 수정","","Hardcoded UI copy. Migrate to i18n before automatic replacement."
"hardcoded.327549b18c","frontstage","hardcoded","src/app/import-center/page.tsx","462","1","unknown","","대상 자료","","Hardcoded UI copy. Migrate to i18n before automatic replacement."
"hardcoded.c89ab3d4f9","frontstage","hardcoded","src/app/import-center/page.tsx","464","1","unknown","","자료 열(쉼표 구분)","","Hardcoded UI copy. Migrate to i18n before automatic replacement."
"hardcoded.b50d43289c","frontstage","hardcoded","src/app/import-center/page.tsx","465","1","unknown","","저장 항목(쉼표 구분)","","Hardcoded UI copy. Migrate to i18n before automatic replacement."
"hardcoded.ff0d72393a","frontstage","hardcoded","src/app/import-center/page.tsx","466","1","unknown","","표준 규칙으로 정리","","Hardcoded UI copy. Migrate to i18n before automatic replacement."
"hardcoded.a6f202e6cd","frontstage","hardcoded","src/app/import-center/page.tsx","467","1","unknown","","확인 후 저장","","Hardcoded UI copy. Migrate to i18n before automatic replacement."
"hardcoded.3a19b60446","frontstage","hardcoded","src/app/import-center/page.tsx","468","1","unknown","","예: 매물명,소재지,지역,가격","","Hardcoded UI copy. Migrate to i18n before automatic replacement."
"hardcoded.499fcd6f22","frontstage","hardcoded","src/app/import-center/page.tsx","469","1","unknown","","예: 저장 항목 첫 정리","","Hardcoded UI copy. Migrate to i18n before automatic replacement."
"hardcoded.7ddf9e4c8a","frontstage","hardcoded","src/app/import-center/page.tsx","470","1","unknown","","예: 가격 컬럼은 세전","","Hardcoded UI copy. Migrate to i18n before automatic replacement."
"hardcoded.2c2af51e7f","frontstage","hardcoded","src/app/import-center/page.tsx","471","1","unknown","","저장 항목","","Hardcoded UI copy. Migrate to i18n before automatic replacement."
"hardcoded.e754aad163","frontstage","hardcoded","src/app/import-center/page.tsx","472","1","unknown","","안건에 저장할 항목 확인","","Hardcoded UI copy. Migrate to i18n before automatic replacement."
"hardcoded.6edab6fa5a","frontstage","hardcoded","src/app/import-center/page.tsx","473","2","unknown","","첨부 등록","","Hardcoded UI copy. Migrate to i18n before automatic replacement."
"hardcoded.b52caf9253","frontstage","hardcoded","src/app/import-center/page.tsx","474","1","unknown","","실파일 저장 지원","","Hardcoded UI copy. Migrate to i18n before automatic replacement."
"hardcoded.839f194cd3","frontstage","hardcoded","src/app/import-center/page.tsx","475","1","unknown","","대상 유형","","Hardcoded UI copy. Migrate to i18n before automatic replacement."
"hardcoded.79e6b4694e","frontstage","hardcoded","src/app/import-center/page.tsx","476","1","unknown","","연결 기록","","Hardcoded UI copy. Migrate to i18n before automatic replacement."
"hardcoded.cb2751a78d","frontstage","hardcoded","src/app/import-center/page.tsx","477","1","unknown","","파일 업로드(권장)","","Hardcoded UI copy. Migrate to i18n before automatic replacement."
"hardcoded.2df647e976","frontstage","hardcoded","src/app/import-center/page.tsx","478","1","unknown","","파일명(선택)","","Hardcoded UI copy. Migrate to i18n before automatic replacement."
"hardcoded.87469f24cd","frontstage","hardcoded","src/app/import-center/page.tsx","479","1","unknown","","외부 파일 위치(선택)","","Hardcoded UI copy. Migrate to i18n before automatic replacement."
"hardcoded.6dd5410f7e","frontstage","hardcoded","src/app/import-center/page.tsx","480","1","unknown","","파일 형식(선택)","","Hardcoded UI copy. Migrate to i18n before automatic replacement."
"hardcoded.b08e929a61","frontstage","hardcoded","src/app/import-center/page.tsx","481","1","unknown","","파일 크기(선택)","","Hardcoded UI copy. Migrate to i18n before automatic replacement."
"hardcoded.441e2d98bc","frontstage","hardcoded","src/app/import-center/page.tsx","483","1","unknown","","직접 업로드 또는 외부 파일 위치 중 하나를 지정하세요.","","Hardcoded UI copy. Migrate to i18n before automatic replacement."
"hardcoded.e87c2ca363","frontstage","hardcoded","src/app/import-center/page.tsx","484","1","unknown","","예: import_002 / prop_shibuya","","Hardcoded UI copy. Migrate to i18n before automatic replacement."
"hardcoded.21e8493a73","frontstage","hardcoded","src/app/import-center/page.tsx","485","1","unknown","","업로드하지 않을 때만 입력","","Hardcoded UI copy. Migrate to i18n before automatic replacement."
"hardcoded.941a7745fa","frontstage","hardcoded","src/app/import-center/page.tsx","486","1","unknown","","예: https://storage.example.com/docs/a.pdf","","Hardcoded UI copy. Migrate to i18n before automatic replacement."
"hardcoded.29d3282164","frontstage","hardcoded","src/app/import-center/page.tsx","487","1","unknown","","예: application/pdf","","Hardcoded UI copy. Migrate to i18n before automatic replacement."
"hardcoded.dcaad88e05","frontstage","hardcoded","src/app/import-center/page.tsx","488","1","unknown","","최신 첨부 이력","","Hardcoded UI copy. Migrate to i18n before automatic replacement."
"hardcoded.bc46a12aef","frontstage","hardcoded","src/app/import-center/page.tsx","489","1","unknown","","최근 30건","","Hardcoded UI copy. Migrate to i18n before automatic replacement."
"hardcoded.64d6559b0e","frontstage","hardcoded","src/app/import-center/page.tsx","490","1","unknown","","첨부가 아직 없습니다.","","Hardcoded UI copy. Migrate to i18n before automatic replacement."
"hardcoded.aa748e6937","frontstage","hardcoded","src/app/import-center/page.tsx","491","1","unknown","","유형 미설정","","Hardcoded UI copy. Migrate to i18n before automatic replacement."
"hardcoded.6f80446e08","frontstage","hardcoded","src/app/import-center/page.tsx","492","1","unknown","","등록일","","Hardcoded UI copy. Migrate to i18n before automatic replacement."
"hardcoded.0cef66d059","frontstage","hardcoded","src/app/import-center/page.tsx","493","1","unknown","","저장 파일 열기","","Hardcoded UI copy. Migrate to i18n before automatic replacement."
"hardcoded.d3ad6b4e64","frontstage","hardcoded","src/app/import-center/page.tsx","494","2","unknown","","읽은 자료","","Hardcoded UI copy. Migrate to i18n before automatic replacement."
"hardcoded.b41163695d","frontstage","hardcoded","src/app/import-center/page.tsx","496","2","unknown","","계약","","Hardcoded UI copy. Migrate to i18n before automatic replacement."
"hardcoded.db21078204","frontstage","hardcoded","src/app/import-center/page.tsx","497","2","unknown","","후속 기록","","Hardcoded UI copy. Migrate to i18n before automatic replacement."
"hardcoded.6ef251ee77","frontstage","hardcoded","src/app/import-center/page.tsx","498","2","unknown","","제안","","Hardcoded UI copy. Migrate to i18n before automatic replacement."
"hardcoded.5213848aa0","frontstage","hardcoded","src/app/import-center/page.tsx","625","2","unknown","","再試行","","Hardcoded UI copy. Migrate to i18n before automatic replacement."
"hardcoded.548fe00581","frontstage","hardcoded","src/app/import-center/page.tsx","625","2","unknown","","재시도","","Hardcoded UI copy. Migrate to i18n before automatic replacement."
"hardcoded.7784972fc8","frontstage","hardcoded","src/app/import-center/page.tsx","625","2","unknown","","重新读取","","Hardcoded UI copy. Migrate to i18n before automatic replacement."
"hardcoded.3ab2f1b01e","frontstage","hardcoded","src/app/import-center/page.tsx","631","1","unknown","","保存结果为 0","","Hardcoded UI copy. Migrate to i18n before automatic replacement."
"hardcoded.62a3b7e3d7","frontstage","hardcoded","src/app/import-center/page.tsx","631","1","unknown","","保存成功 0 件","","Hardcoded UI copy. Migrate to i18n before automatic replacement."
"hardcoded.6cdcf34fbd","frontstage","hardcoded","src/app/import-center/page.tsx","631","1","unknown","","저장 성공 0건","","Hardcoded UI copy. Migrate to i18n before automatic replacement."
"hardcoded.0948c50c47","frontstage","hardcoded","src/app/import-center/page.tsx","633","1","unknown","","매물명 누락 행 있음","","Hardcoded UI copy. Migrate to i18n before automatic replacement."
"hardcoded.1cd971a288","frontstage","hardcoded","src/app/import-center/page.tsx","633","1","unknown","","存在空名称行","","Hardcoded UI copy. Migrate to i18n before automatic replacement."
"hardcoded.39d3c1af0d","frontstage","hardcoded","src/app/import-center/page.tsx","633","1","unknown","","物件名未入力行あり","","Hardcoded UI copy. Migrate to i18n before automatic replacement."
"hardcoded.02cb768c1b","frontstage","hardcoded","src/app/import-center/page.tsx","635","1","unknown","","価格フィールド異常","","Hardcoded UI copy. Migrate to i18n before automatic replacement."
"hardcoded.322a19fd76","frontstage","hardcoded","src/app/import-center/page.tsx","635","1","unknown","","价格格式异常","","Hardcoded UI copy. Migrate to i18n before automatic replacement."
"hardcoded.64d107868b","frontstage","hardcoded","src/app/import-center/page.tsx","635","1","unknown","","가격 형식 오류","","Hardcoded UI copy. Migrate to i18n before automatic replacement."
"hardcoded.59c34c8eb5","frontstage","hardcoded","src/app/import-center/page.tsx","637","1","unknown","","저장 처리 오류","","Hardcoded UI copy. Migrate to i18n before automatic replacement."
"hardcoded.7ea34eaad6","frontstage","hardcoded","src/app/import-center/page.tsx","637","1","unknown","","保存処理エラー","","Hardcoded UI copy. Migrate to i18n before automatic replacement."
"hardcoded.d9c241490f","frontstage","hardcoded","src/app/import-center/page.tsx","637","1","unknown","","保存处理异常","","Hardcoded UI copy. Migrate to i18n before automatic replacement."
"hardcoded.7c638599b5","frontstage","hardcoded","src/app/import-center/page.tsx","639","1","unknown","","已部分保存","","Hardcoded UI copy. Migrate to i18n before automatic replacement."
"hardcoded.a729cf1326","frontstage","hardcoded","src/app/import-center/page.tsx","639","1","unknown","","일부 저장 완료","","Hardcoded UI copy. Migrate to i18n before automatic replacement."
"hardcoded.cff8f419eb","frontstage","hardcoded","src/app/import-center/page.tsx","639","1","unknown","","一部保存完了","","Hardcoded UI copy. Migrate to i18n before automatic replacement."
"hardcoded.8126501678","frontstage","hardcoded","src/app/import-center/page.tsx","641","1","unknown","","保存完成","","Hardcoded UI copy. Migrate to i18n before automatic replacement."
"hardcoded.95a8c96a0d","frontstage","hardcoded","src/app/import-center/page.tsx","641","1","unknown","","저장 완료","","Hardcoded UI copy. Migrate to i18n before automatic replacement."
"hardcoded.efe262da03","frontstage","hardcoded","src/app/import-center/page.tsx","641","1","unknown","","保存完了","","Hardcoded UI copy. Migrate to i18n before automatic replacement."
"hardcoded.8b9854a403","frontstage","hardcoded","src/app/import-center/page.tsx","643","1","unknown","","检查已处理","","Hardcoded UI copy. Migrate to i18n before automatic replacement."
"hardcoded.66f46700cd","frontstage","hardcoded","src/app/import-center/page.tsx","645","1","unknown","","다시 시도 예정","","Hardcoded UI copy. Migrate to i18n before automatic replacement."
"hardcoded.c8d5b69754","frontstage","hardcoded","src/app/import-center/page.tsx","645","1","unknown","","再試行を予定","","Hardcoded UI copy. Migrate to i18n before automatic replacement."
"hardcoded.e0443372c6","frontstage","hardcoded","src/app/import-center/page.tsx","645","1","unknown","","已安排重试","","Hardcoded UI copy. Migrate to i18n before automatic replacement."
"hardcoded.6be12a9db1","frontstage","hardcoded","src/app/import-center/page.tsx","758","1","unknown","","物件を保存しました。","","Hardcoded UI copy. Migrate to i18n before automatic replacement."
"hardcoded.2cfab9686d","frontstage","hardcoded","src/app/import-center/page.tsx","759","1","unknown","","物件已保存。","","Hardcoded UI copy. Migrate to i18n before automatic replacement."
"hardcoded.22a0a780b3","frontstage","hardcoded","src/app/import-center/page.tsx","760","1","unknown","","매물을 저장했습니다.","","Hardcoded UI copy. Migrate to i18n before automatic replacement."
"hardcoded.5009654f6f","frontstage","hardcoded","src/app/import-center/page.tsx","763","1","unknown","","資料を登録しました。","","Hardcoded UI copy. Migrate to i18n before automatic replacement."
"hardcoded.7cbee8008e","frontstage","hardcoded","src/app/import-center/page.tsx","764","1","unknown","","资料已登记。","","Hardcoded UI copy. Migrate to i18n before automatic replacement."
"hardcoded.2b4b96e926","frontstage","hardcoded","src/app/import-center/page.tsx","765","1","unknown","","자료를 등록했습니다.","","Hardcoded UI copy. Migrate to i18n before automatic replacement."
"hardcoded.b48a0a9b76","frontstage","hardcoded","src/app/import-center/page.tsx","768","1","unknown","","資料の保存先を確認しました。","","Hardcoded UI copy. Migrate to i18n before automatic replacement."
"hardcoded.772c0d84ee","frontstage","hardcoded","src/app/import-center/page.tsx","769","1","unknown","","资料保存位置已确认。","","Hardcoded UI copy. Migrate to i18n before automatic replacement."
"hardcoded.194dbb7d79","frontstage","hardcoded","src/app/import-center/page.tsx","770","1","unknown","","자료 저장 항목을 확인했습니다.","","Hardcoded UI copy. Migrate to i18n before automatic replacement."
"hardcoded.5024189913","frontstage","hardcoded","src/app/import-center/page.tsx","773","1","unknown","","整理提案を適用しました。","","Hardcoded UI copy. Migrate to i18n before automatic replacement."
"hardcoded.e8ce2617aa","frontstage","hardcoded","src/app/import-center/page.tsx","774","1","unknown","","已使用整理建议。","","Hardcoded UI copy. Migrate to i18n before automatic replacement."
"hardcoded.8ef524382a","frontstage","hardcoded","src/app/import-center/page.tsx","775","1","unknown","","정리 제안을 적용했습니다.","","Hardcoded UI copy. Migrate to i18n before automatic replacement."
"hardcoded.a9d76525ef","frontstage","hardcoded","src/app/import-center/page.tsx","778","1","unknown","","確認記録を更新しました。","","Hardcoded UI copy. Migrate to i18n before automatic replacement."
"hardcoded.5e17264c7b","frontstage","hardcoded","src/app/import-center/page.tsx","779","1","unknown","","检查记录已更新。","","Hardcoded UI copy. Migrate to i18n before automatic replacement."
"hardcoded.98932b6c3d","frontstage","hardcoded","src/app/import-center/page.tsx","780","1","unknown","","확인 기록을 업데이트했습니다.","","Hardcoded UI copy. Migrate to i18n before automatic replacement."
"hardcoded.bf76056288","frontstage","hardcoded","src/app/import-center/page.tsx","783","1","unknown","","この資料をもう一度読み取ります。","","Hardcoded UI copy. Migrate to i18n before automatic replacement."
"hardcoded.c2b9457bc9","frontstage","hardcoded","src/app/import-center/page.tsx","784","1","unknown","","这份资料将重新读取。","","Hardcoded UI copy. Migrate to i18n before automatic replacement."
"hardcoded.b1bd2a3a0e","frontstage","hardcoded","src/app/import-center/page.tsx","785","1","unknown","","이 자료를 다시 읽습니다.","","Hardcoded UI copy. Migrate to i18n before automatic replacement."
"hardcoded.d38e75542b","frontstage","hardcoded","src/app/import-center/page.tsx","788","1","unknown","","業務ファイルの確認項目を読み取りました。","","Hardcoded UI copy. Migrate to i18n before automatic replacement."
"hardcoded.b44287d6e5","frontstage","hardcoded","src/app/import-center/page.tsx","789","1","unknown","","已读取业务文件的待确认项目。","","Hardcoded UI copy. Migrate to i18n before automatic replacement."
"hardcoded.8b972fe79c","frontstage","hardcoded","src/app/import-center/page.tsx","790","1","unknown","","업무 파일의 확인 항목을 읽었습니다.","","Hardcoded UI copy. Migrate to i18n before automatic replacement."
"hardcoded.60877aff5e","frontstage","hardcoded","src/app/import-center/page.tsx","793","1","unknown","","本人確認資料の確認項目を読み取りました。","","Hardcoded UI copy. Migrate to i18n before automatic replacement."
"hardcoded.4dad6a6fb9","frontstage","hardcoded","src/app/import-center/page.tsx","794","1","unknown","","已读取身份资料的待确认项目。","","Hardcoded UI copy. Migrate to i18n before automatic replacement."
"hardcoded.7d85d25a92","frontstage","hardcoded","src/app/import-center/page.tsx","795","1","unknown","","본인 확인 자료의 확인 항목을 읽었습니다.","","Hardcoded UI copy. Migrate to i18n before automatic replacement."
"hardcoded.3a61cc554b","frontstage","hardcoded","src/app/import-center/page.tsx","818","1","unknown","","PDF または画像を選択してください。","","Hardcoded UI copy. Migrate to i18n before automatic replacement."
"hardcoded.da0014732e","frontstage","hardcoded","src/app/import-center/page.tsx","819","1","unknown","","请选择 PDF 或图片。","","Hardcoded UI copy. Migrate to i18n before automatic replacement."
"hardcoded.731fd10f03","frontstage","hardcoded","src/app/import-center/page.tsx","820","1","unknown","","PDF 또는 이미지를 선택해 주세요.","","Hardcoded UI copy. Migrate to i18n before automatic replacement."
"hardcoded.0864e59819","frontstage","hardcoded","src/app/import-center/page.tsx","823","1","unknown","","本人確認資料は一度に6件まで選択できます。","","Hardcoded UI copy. Migrate to i18n before automatic replacement."
"hardcoded.8dec8c60a7","frontstage","hardcoded","src/app/import-center/page.tsx","824","1","unknown","","本人资料一次最多选择 6 个文件。","","Hardcoded UI copy. Migrate to i18n before automatic replacement."
"hardcoded.b46b0bf622","frontstage","hardcoded","src/app/import-center/page.tsx","825","1","unknown","","본인 확인 자료는 한 번에 6개까지 선택할 수 있습니다.","","Hardcoded UI copy. Migrate to i18n before automatic replacement."
"hardcoded.821d38ba73","frontstage","hardcoded","src/app/import-center/page.tsx","828","1","unknown","","1ファイルあたり25MB以下にしてください。","","Hardcoded UI copy. Migrate to i18n before automatic replacement."
"hardcoded.c0e4f0560c","frontstage","hardcoded","src/app/import-center/page.tsx","829","1","unknown","","单个文件请控制在 25MB 以下。","","Hardcoded UI copy. Migrate to i18n before automatic replacement."
"hardcoded.9792143e9e","frontstage","hardcoded","src/app/import-center/page.tsx","830","1","unknown","","파일 1개당 25MB 이하로 선택해 주세요.","","Hardcoded UI copy. Migrate to i18n before automatic replacement."
"hardcoded.586cd1e2cc","frontstage","hardcoded","src/app/import-center/page.tsx","833","1","unknown","","本人確認資料の合計サイズは60MB以下にしてください。","","Hardcoded UI copy. Migrate to i18n before automatic replacement."
"hardcoded.a8ec3b2440","frontstage","hardcoded","src/app/import-center/page.tsx","834","1","unknown","","本人资料总大小请控制在 60MB 以下。","","Hardcoded UI copy. Migrate to i18n before automatic replacement."
"hardcoded.15b6b96be9","frontstage","hardcoded","src/app/import-center/page.tsx","835","1","unknown","","본인 확인 자료의 총 용량은 60MB 이하로 선택해 주세요.","","Hardcoded UI copy. Migrate to i18n before automatic replacement."
"hardcoded.5fefa7fbf9","frontstage","hardcoded","src/app/import-center/page.tsx","838","1","unknown","","在留カード・運転免許証のPDFまたは画像ファイルを選択してください。","","Hardcoded UI copy. Migrate to i18n before automatic replacement."
"hardcoded.25f3cd8e64","frontstage","hardcoded","src/app/import-center/page.tsx","839","1","unknown","","请选择在留卡或驾照的 PDF / 图片文件。","","Hardcoded UI copy. Migrate to i18n before automatic replacement."
"hardcoded.5e58296529","frontstage","hardcoded","src/app/import-center/page.tsx","840","1","unknown","","재류카드 또는 운전면허증 PDF/이미지를 선택해 주세요.","","Hardcoded UI copy. Migrate to i18n before automatic replacement."
"hardcoded.43c59a2b72","frontstage","hardcoded","src/app/import-center/page.tsx","843","1","unknown","","確認結果を案件として保存しました。","","Hardcoded UI copy. Migrate to i18n before automatic replacement."
"hardcoded.0e47098518","frontstage","hardcoded","src/app/import-center/page.tsx","844","1","unknown","","核对结果已保存为案件。","","Hardcoded UI copy. Migrate to i18n before automatic replacement."
"hardcoded.5c803fc8f7","frontstage","hardcoded","src/app/import-center/page.tsx","845","1","unknown","","확인 결과를 안건으로 저장했습니다.","","Hardcoded UI copy. Migrate to i18n before automatic replacement."
"hardcoded.0bc909ca18","frontstage","hardcoded","src/app/import-center/page.tsx","848","1","unknown","","添付を登録しました。","","Hardcoded UI copy. Migrate to i18n before automatic replacement."
"hardcoded.ab7493c732","frontstage","hardcoded","src/app/import-center/page.tsx","849","1","unknown","","附件已登记。","","Hardcoded UI copy. Migrate to i18n before automatic replacement."
"hardcoded.132cafc0ab","frontstage","hardcoded","src/app/import-center/page.tsx","850","1","unknown","","첨부를 등록했습니다.","","Hardcoded UI copy. Migrate to i18n before automatic replacement."
"hardcoded.242d6d9e0e","frontstage","hardcoded","src/app/import-center/page.tsx","907","1","unknown","","-- スキップ --","","Hardcoded UI copy. Migrate to i18n before automatic replacement."
"hardcoded.c2e2589dbe","frontstage","hardcoded","src/app/import-center/page.tsx","907","1","unknown","","-- 跳过 --","","Hardcoded UI copy. Migrate to i18n before automatic replacement."
"hardcoded.c6286feda7","frontstage","hardcoded","src/app/import-center/page.tsx","907","1","unknown","","-- 건너뜀 --","","Hardcoded UI copy. Migrate to i18n before automatic replacement."
"hardcoded.51b90382e8","frontstage","hardcoded","src/app/import-center/page.tsx","908","1","unknown","","物件名 *","","Hardcoded UI copy. Migrate to i18n before automatic replacement."
"hardcoded.5839954762","frontstage","hardcoded","src/app/import-center/page.tsx","908","1","unknown","","物件名称 *","","Hardcoded UI copy. Migrate to i18n before automatic replacement."
"hardcoded.9d81993e95","frontstage","hardcoded","src/app/import-center/page.tsx","908","1","unknown","","매물명 *","","Hardcoded UI copy. Migrate to i18n before automatic replacement."
"hardcoded.3dfef05780","frontstage","hardcoded","src/app/import-center/page.tsx","911","1","unknown","","매도호가 *","","Hardcoded UI copy. Migrate to i18n before automatic replacement."
"hardcoded.7350b4887b","frontstage","hardcoded","src/app/import-center/page.tsx","911","1","unknown","","挂牌价格 *","","Hardcoded UI copy. Migrate to i18n before automatic replacement."
"hardcoded.eb288c7df7","frontstage","hardcoded","src/app/import-center/page.tsx","911","1","unknown","","売出価格 *","","Hardcoded UI copy. Migrate to i18n before automatic replacement."
"hardcoded.a178daac25","frontstage","hardcoded","src/app/import-center/page.tsx","912","7","unknown","","管理費","","Hardcoded UI copy. Migrate to i18n before automatic replacement."
"hardcoded.e75002c3e5","frontstage","hardcoded","src/app/import-center/page.tsx","912","7","unknown","","管理费","","Hardcoded UI copy. Migrate to i18n before automatic replacement."
"hardcoded.ee80d54ef7","frontstage","hardcoded","src/app/import-center/page.tsx","912","5","unknown","","관리비","","Hardcoded UI copy. Migrate to i18n before automatic replacement."
"hardcoded.4198a7ffd5","frontstage","hardcoded","src/app/import-center/page.tsx","913","3","unknown","","수선적립금","","Hardcoded UI copy. Migrate to i18n before automatic replacement."
"hardcoded.99e075373e","frontstage","hardcoded","src/app/import-center/page.tsx","913","3","unknown","","修缮基金","","Hardcoded UI copy. Migrate to i18n before automatic replacement."
"hardcoded.b5d9325c6e","frontstage","hardcoded","src/app/import-center/page.tsx","913","5","unknown","","修繕積立金","","Hardcoded UI copy. Migrate to i18n before automatic replacement."
"hardcoded.032dd2d867","frontstage","hardcoded","src/app/import-center/page.tsx","914","6","unknown","","備考","","Hardcoded UI copy. Migrate to i18n before automatic replacement."
"hardcoded.75cffa413d","frontstage","hardcoded","src/app/import-center/page.tsx","914","4","unknown","","비고","","Hardcoded UI copy. Migrate to i18n before automatic replacement."
"hardcoded.3edc8062fa","frontstage","hardcoded","src/app/import-center/page.tsx","938","1","unknown","","新規案件","","Hardcoded UI copy. Migrate to i18n before automatic replacement."
"hardcoded.9672099c0d","frontstage","hardcoded","src/app/import-center/page.tsx","938","1","unknown","","新开案件","","Hardcoded UI copy. Migrate to i18n before automatic replacement."
"hardcoded.e0e2d49eaf","frontstage","hardcoded","src/app/import-center/page.tsx","938","1","unknown","","새 안건","","Hardcoded UI copy. Migrate to i18n before automatic replacement."
"hardcoded.3c30a80b8b","frontstage","hardcoded","src/app/import-center/page.tsx","941","1","unknown","","租赁、买卖、报价或合同需要完整工作台时，从案件开始。","","Hardcoded UI copy. Migrate to i18n before automatic replacement."
"hardcoded.c1125ecafb","frontstage","hardcoded","src/app/import-center/page.tsx","943","1","unknown","","임대, 매매, 견적, 계약처럼 작업대가 필요할 때 안건부터 만듭니다.","","Hardcoded UI copy. Migrate to i18n before automatic replacement."
"hardcoded.ed0a7eb20c","frontstage","hardcoded","src/app/import-center/page.tsx","944","1","unknown","","賃貸、売買、見積、契約の作業台が必要なときは案件から始めます。","","Hardcoded UI copy. Migrate to i18n before automatic replacement."
"hardcoded.ad89acbad1","frontstage","hardcoded","src/app/import-center/page.tsx","953","1","unknown","","客户、业主、租户、保证人或公司，只先登记人和公司资料。","","Hardcoded UI copy. Migrate to i18n before automatic replacement."
"hardcoded.2035673f18","frontstage","hardcoded","src/app/import-center/page.tsx","955","1","unknown","","고객, 소유자, 임차인, 보증인, 회사 정보를 먼저 등록합니다.","","Hardcoded UI copy. Migrate to i18n before automatic replacement."
"hardcoded.f581aa6f12","frontstage","hardcoded","src/app/import-center/page.tsx","956","1","unknown","","顧客、オーナー、借主、保証人、会社を先に登録します。","","Hardcoded UI copy. Migrate to i18n before automatic replacement."
"hardcoded.021b89af40","frontstage","hardcoded","src/app/import-center/page.tsx","962","1","unknown","","새 매물","","Hardcoded UI copy. Migrate to i18n before automatic replacement."
"hardcoded.3484d00fbe","frontstage","hardcoded","src/app/import-center/page.tsx","965","1","unknown","","房源、房号、地址、租金或售价明确时，先建立物件资料。","","Hardcoded UI copy. Migrate to i18n before automatic replacement."
"hardcoded.a7a064ad3a","frontstage","hardcoded","src/app/import-center/page.tsx","967","1","unknown","","매물, 호실, 주소, 임대료나 가격이 명확할 때 매물을 먼저 만듭니다.","","Hardcoded UI copy. Migrate to i18n before automatic replacement."
"hardcoded.9626d9b033","frontstage","hardcoded","src/app/import-center/page.tsx","968","1","unknown","","物件、部屋番号、住所、賃料や価格が明確なときは物件を先に作成します。","","Hardcoded UI copy. Migrate to i18n before automatic replacement."
"hardcoded.5942e3436a","frontstage","hardcoded","src/app/import-center/page.tsx","984","1","unknown","","已定位到资料","","Hardcoded UI copy. Migrate to i18n before automatic replacement."
"hardcoded.7bebad2a43","frontstage","hardcoded","src/app/import-center/page.tsx","984","1","unknown","","자료 위치 확인","","Hardcoded UI copy. Migrate to i18n before automatic replacement."
"hardcoded.e197995af2","frontstage","hardcoded","src/app/import-center/page.tsx","984","1","unknown","","資料を選択中","","Hardcoded UI copy. Migrate to i18n before automatic replacement."
"hardcoded.0d19e9bc1f","frontstage","hardcoded","src/app/import-center/page.tsx","996","1","unknown","","이 자료 처리","","Hardcoded UI copy. Migrate to i18n before automatic replacement."
"hardcoded.287084f695","frontstage","hardcoded","src/app/import-center/page.tsx","996","1","unknown","","この資料を処理","","Hardcoded UI copy. Migrate to i18n before automatic replacement."
"hardcoded.c6698fe314","frontstage","hardcoded","src/app/import-center/page.tsx","996","1","unknown","","去处理这份资料","","Hardcoded UI copy. Migrate to i18n before automatic replacement."
"hardcoded.6678c6ee19","frontstage","hardcoded","src/app/import-center/page.tsx","1003","1","unknown","","这条资料记录暂时找不到，可能已经被移动、合并或清理。","","Hardcoded UI copy. Migrate to i18n before automatic replacement."
"hardcoded.daadac9efd","frontstage","hardcoded","src/app/import-center/page.tsx","1005","1","unknown","","이 자료 기록을 찾을 수 없습니다. 이동, 병합 또는 정리되었을 수 있습니다.","","Hardcoded UI copy. Migrate to i18n before automatic replacement."
"hardcoded.d2feb36e5f","frontstage","hardcoded","src/app/import-center/page.tsx","1006","1","unknown","","この資料は見つかりません。移動、統合、または整理された可能性があります。","","Hardcoded UI copy. Migrate to i18n before automatic replacement."
"hardcoded.cf38693423","frontstage","hardcoded","src/app/import-center/page.tsx","1014","1","unknown","","作成入口","","Hardcoded UI copy. Migrate to i18n before automatic replacement."
"hardcoded.23d8722059","frontstage","hardcoded","src/app/import-center/page.tsx","1017","1","unknown","","먼저 자료 귀속을 정함","","Hardcoded UI copy. Migrate to i18n before automatic replacement."
"hardcoded.243bc8536a","frontstage","hardcoded","src/app/import-center/page.tsx","1017","1","unknown","","先に資料の割当を決める","","Hardcoded UI copy. Migrate to i18n before automatic replacement."
"hardcoded.b454224fa8","frontstage","hardcoded","src/app/import-center/page.tsx","1017","1","unknown","","先确定资料归属","","Hardcoded UI copy. Migrate to i18n before automatic replacement."
"hardcoded.de73ff4fd0","frontstage","hardcoded","src/app/import-center/page.tsx","1021","1","unknown","","没有文件也可以先建档；已有文件时，在下方读取后再归入对应对象。","","Hardcoded UI copy. Migrate to i18n before automatic replacement."
"hardcoded.8940a5a988","frontstage","hardcoded","src/app/import-center/page.tsx","1023","1","unknown","","파일이 없어도 먼저 등록할 수 있습니다. 파일이 있으면 아래에서 읽은 뒤 귀속을 정합니다.","","Hardcoded UI copy. Migrate to i18n before automatic replacement."
"hardcoded.60453ccc35","frontstage","hardcoded","src/app/import-center/page.tsx","1024","1","unknown","","ファイルがなくても先に作成できます。ファイルがある場合は下で読み取ってから割当します。","","Hardcoded UI copy. Migrate to i18n before automatic replacement."
"hardcoded.16823ca776","frontstage","hardcoded","src/app/import-center/page.tsx","1028","1","unknown","","정리 센터 보기","","Hardcoded UI copy. Migrate to i18n before automatic replacement."
"hardcoded.c8ebca3ea6","frontstage","hardcoded","src/app/import-center/page.tsx","1028","1","unknown","","查看整理中心","","Hardcoded UI copy. Migrate to i18n before automatic replacement."
"hardcoded.df1a75d383","frontstage","hardcoded","src/app/import-center/page.tsx","1028","1","unknown","","整理センターを見る","","Hardcoded UI copy. Migrate to i18n before automatic replacement."
"hardcoded.1d92297be8","frontstage","hardcoded","src/app/import-center/page.tsx","1056","1","unknown","","已有案件","","Hardcoded UI copy. Migrate to i18n before automatic replacement."
"hardcoded.7ac2c9fe5e","frontstage","hardcoded","src/app/import-center/page.tsx","1056","1","unknown","","既存案件","","Hardcoded UI copy. Migrate to i18n before automatic replacement."
"hardcoded.b81a2c882b","frontstage","hardcoded","src/app/import-center/page.tsx","1056","1","unknown","","기존 안건","","Hardcoded UI copy. Migrate to i18n before automatic replacement."
"hardcoded.69ea8ed3d6","frontstage","hardcoded","src/app/import-center/page.tsx","1060","1","unknown","","进入案件可查看已有资料；读取后的核对结果会先等待确认，再追加到案件。","","Hardcoded UI copy. Migrate to i18n before automatic replacement."
"hardcoded.0365f1c2b8","frontstage","hardcoded","src/app/import-center/page.tsx","1062","1","unknown","","안건에서 기존 자료를 확인할 수 있습니다. 읽은 뒤 확인 결과는 검토 후 안건에 추가됩니다.","","Hardcoded UI copy. Migrate to i18n before automatic replacement."
"hardcoded.e32cf30ab9","frontstage","hardcoded","src/app/import-center/page.tsx","1063","1","unknown","","案件で既存資料を確認できます。読取後の確認結果は確認後に案件へ追加します。","","Hardcoded UI copy. Migrate to i18n before automatic replacement."
"hardcoded.a047fa94be","frontstage","hardcoded","src/app/import-center/page.tsx","1067","1","unknown","","전체 안건","","Hardcoded UI copy. Migrate to i18n before automatic replacement."
"hardcoded.d563372be2","frontstage","hardcoded","src/app/import-center/page.tsx","1067","1","unknown","","全部案件","","Hardcoded UI copy. Migrate to i18n before automatic replacement."
"hardcoded.e04a92de7e","frontstage","hardcoded","src/app/import-center/page.tsx","1067","1","unknown","","全案件","","Hardcoded UI copy. Migrate to i18n before automatic replacement."
"hardcoded.2e02263510","frontstage","hardcoded","src/app/import-center/page.tsx","1079","1","unknown","","还没有可选择的案件。","","Hardcoded UI copy. Migrate to i18n before automatic replacement."
"hardcoded.66a288b3d0","frontstage","hardcoded","src/app/import-center/page.tsx","1079","1","unknown","","선택할 안건이 없습니다.","","Hardcoded UI copy. Migrate to i18n before automatic replacement."
"hardcoded.92ebf956e6","frontstage","hardcoded","src/app/import-center/page.tsx","1079","1","unknown","","選択できる案件はまだありません。","","Hardcoded UI copy. Migrate to i18n before automatic replacement."
"hardcoded.fcd880cf2a","frontstage","hardcoded","src/app/import-center/page.tsx","1090","1","unknown","","資料読取","","Hardcoded UI copy. Migrate to i18n before automatic replacement."
"hardcoded.45feb69c09","frontstage","hardcoded","src/app/import-center/page.tsx","1093","1","unknown","","ファイルがある場合はここから始める","","Hardcoded UI copy. Migrate to i18n before automatic replacement."
"hardcoded.c98a35bb40","frontstage","hardcoded","src/app/import-center/page.tsx","1093","1","unknown","","파일이 있을 때 여기서 시작","","Hardcoded UI copy. Migrate to i18n before automatic replacement."
"hardcoded.e7c4a3d1c8","frontstage","hardcoded","src/app/import-center/page.tsx","1093","1","unknown","","已有文件时从这里开始","","Hardcoded UI copy. Migrate to i18n before automatic replacement."
"hardcoded.238412ca06","frontstage","hardcoded","src/app/import-center/page.tsx","1097","1","unknown","","读取后先核对内容，再保存到案件、主体或物件。","","Hardcoded UI copy. Migrate to i18n before automatic replacement."
"hardcoded.3c8e4d271c","frontstage","hardcoded","src/app/import-center/page.tsx","1099","1","unknown","","읽은 뒤 내용을 확인하고 안건, 관계자, 매물에 저장합니다.","","Hardcoded UI copy. Migrate to i18n before automatic replacement."
"hardcoded.a0e296c336","frontstage","hardcoded","src/app/import-center/page.tsx","1100","1","unknown","","読み取った内容を確認してから、案件、関係者、物件に保存します。","","Hardcoded UI copy. Migrate to i18n before automatic replacement."
"hardcoded.11d6c76e4b","frontstage","hardcoded","src/app/import-center/page.tsx","1113","1","unknown","","在留カード / 運転免許証のどちらか","","Hardcoded UI copy. Migrate to i18n before automatic replacement."
"hardcoded.1c214e2b3a","frontstage","hardcoded","src/app/import-center/page.tsx","1113","1","unknown","","재류카드 / 운전면허증 중 하나","","Hardcoded UI copy. Migrate to i18n before automatic replacement."
"hardcoded.e8df12e0c3","frontstage","hardcoded","src/app/import-center/page.tsx","1113","1","unknown","","在留卡 / 驾照二选一","","Hardcoded UI copy. Migrate to i18n before automatic replacement."
"hardcoded.4267bcd4e9","frontstage","hardcoded","src/app/import-center/page.tsx","1118","1","unknown","","在留卡 / 驾照：姓名、生日、地址、证件号码。","","Hardcoded UI copy. Migrate to i18n before automatic replacement."
"hardcoded.0ec9b423f4","frontstage","hardcoded","src/app/import-center/page.tsx","1120","1","unknown","","재류카드 / 운전면허증: 이름, 생년월일, 주소, 증명서 번호.","","Hardcoded UI copy. Migrate to i18n before automatic replacement."
"hardcoded.3c23786295","frontstage","hardcoded","src/app/import-center/page.tsx","1121","1","unknown","","在留カード / 運転免許証: 氏名、生年月日、住所、証明書番号。","","Hardcoded UI copy. Migrate to i18n before automatic replacement."
"hardcoded.3de5c0dec1","frontstage","hardcoded","src/app/import-center/page.tsx","1128","3","unknown","","파일 다시 선택","","Hardcoded UI copy. Migrate to i18n before automatic replacement."
"hardcoded.580450a0e8","frontstage","hardcoded","src/app/import-center/page.tsx","1128","3","unknown","","重新选择文件","","Hardcoded UI copy. Migrate to i18n before automatic replacement."
"hardcoded.6742cdac74","frontstage","hardcoded","src/app/import-center/page.tsx","1128","3","unknown","","ファイルを選び直す","","Hardcoded UI copy. Migrate to i18n before automatic replacement."
"hardcoded.0d1b1ccd68","frontstage","hardcoded","src/app/import-center/page.tsx","1139","1","unknown","","본인 자료 확인","","Hardcoded UI copy. Migrate to i18n before automatic replacement."
"hardcoded.77d435afb6","frontstage","hardcoded","src/app/import-center/page.tsx","1139","1","unknown","","本人资料核对","","Hardcoded UI copy. Migrate to i18n before automatic replacement."
"hardcoded.ad7542079b","frontstage","hardcoded","src/app/import-center/page.tsx","1139","1","unknown","","本人資料の確認","","Hardcoded UI copy. Migrate to i18n before automatic replacement."
"hardcoded.0d2a843b51","frontstage","hardcoded","src/app/import-center/page.tsx","1143","1","unknown","","対応資料として識別","","Hardcoded UI copy. Migrate to i18n before automatic replacement."
"hardcoded.16cd714499","frontstage","hardcoded","src/app/import-center/page.tsx","1143","1","unknown","","已识别为支持证件","","Hardcoded UI copy. Migrate to i18n before automatic replacement."
"hardcoded.4784b99466","frontstage","hardcoded","src/app/import-center/page.tsx","1143","1","unknown","","지원 증명서로 인식","","Hardcoded UI copy. Migrate to i18n before automatic replacement."
"hardcoded.160fd29c4d","frontstage","hardcoded","src/app/import-center/page.tsx","1144","1","unknown","","手動確認が必要","","Hardcoded UI copy. Migrate to i18n before automatic replacement."
"hardcoded.251ba40a41","frontstage","hardcoded","src/app/import-center/page.tsx","1144","1","unknown","","需手动确认","","Hardcoded UI copy. Migrate to i18n before automatic replacement."
"hardcoded.fad5ac6f64","frontstage","hardcoded","src/app/import-center/page.tsx","1144","1","unknown","","수동 확인 필요","","Hardcoded UI copy. Migrate to i18n before automatic replacement."
"hardcoded.cfcc51348e","frontstage","hardcoded","src/app/import-center/page.tsx","1149","1","unknown","","只采用确认无误的字段。在留卡或驾照任选一份即可。","","Hardcoded UI copy. Migrate to i18n before automatic replacement."
"hardcoded.16777693da","frontstage","hardcoded","src/app/import-center/page.tsx","1151","1","unknown","","확실한 항목만 채택하세요. 재류카드 또는 운전면허증 중 하나만 업로드해도 됩니다.","","Hardcoded UI copy. Migrate to i18n before automatic replacement."
"hardcoded.b23d59512e","frontstage","hardcoded","src/app/import-center/page.tsx","1152","1","unknown","","正しい項目だけ採用してください。在留カードまたは運転免許証の片方だけで進められます。","","Hardcoded UI copy. Migrate to i18n before automatic replacement."
"hardcoded.249d51cc1b","frontstage","hardcoded","src/app/import-center/page.tsx","1177","1","unknown","","读取申请资料","","Hardcoded UI copy. Migrate to i18n before automatic replacement."
"hardcoded.3958e45f27","frontstage","hardcoded","src/app/import-center/page.tsx","1177","1","unknown","","신청 자료 읽기","","Hardcoded UI copy. Migrate to i18n before automatic replacement."
"hardcoded.56f645c5ce","frontstage","hardcoded","src/app/import-center/page.tsx","1177","1","unknown","","申込資料を読み取る","","Hardcoded UI copy. Migrate to i18n before automatic replacement."
"hardcoded.12aec60f97","frontstage","hardcoded","src/app/import-center/page.tsx","1180","1","unknown","",".xlsx 전용","","Hardcoded UI copy. Migrate to i18n before automatic replacement."
"hardcoded.57e4f40c5e","frontstage","hardcoded","src/app/import-center/page.tsx","1180","1","unknown","",".xlsx 専用","","Hardcoded UI copy. Migrate to i18n before automatic replacement."
"hardcoded.99077c48e1","frontstage","hardcoded","src/app/import-center/page.tsx","1180","1","unknown","","仅支持 .xlsx","","Hardcoded UI copy. Migrate to i18n before automatic replacement."
"hardcoded.cbb2e7c20a","frontstage","hardcoded","src/app/import-center/page.tsx","1185","1","unknown","","保证会社申请资料、物件台账。","","Hardcoded UI copy. Migrate to i18n before automatic replacement."
"hardcoded.28229387ac","frontstage","hardcoded","src/app/import-center/page.tsx","1187","1","unknown","","보증회사 신청 자료, 매물 대장.","","Hardcoded UI copy. Migrate to i18n before automatic replacement."
"hardcoded.1a9f68c48a","frontstage","hardcoded","src/app/import-center/page.tsx","1188","1","unknown","","保証会社申込資料、物件台帳。","","Hardcoded UI copy. Migrate to i18n before automatic replacement."
"hardcoded.6a0f8264a7","frontstage","hardcoded","src/app/import-center/page.tsx","1196","1","unknown","","选择 .xlsx 文件","","Hardcoded UI copy. Migrate to i18n before automatic replacement."
"hardcoded.f7f9de3e25","frontstage","hardcoded","src/app/import-center/page.tsx","1196","1","unknown","",".xlsx ファイルを選択","","Hardcoded UI copy. Migrate to i18n before automatic replacement."
"hardcoded.fe1b8aebe3","frontstage","hardcoded","src/app/import-center/page.tsx","1196","1","unknown","",".xlsx 파일 선택","","Hardcoded UI copy. Migrate to i18n before automatic replacement."
"hardcoded.1f272eca32","frontstage","hardcoded","src/app/import-center/page.tsx","1209","1","unknown","","选择文件并读取","","Hardcoded UI copy. Migrate to i18n before automatic replacement."
"hardcoded.96e4f224bc","frontstage","hardcoded","src/app/import-center/page.tsx","1209","1","unknown","","파일 선택 후 읽기","","Hardcoded UI copy. Migrate to i18n before automatic replacement."
"hardcoded.af72f8b798","frontstage","hardcoded","src/app/import-center/page.tsx","1209","1","unknown","","ファイルを選んで読み取る","","Hardcoded UI copy. Migrate to i18n before automatic replacement."
"hardcoded.2926f93cc0","frontstage","hardcoded","src/app/import-center/page.tsx","1222","1","unknown","","신청 자료 확인","","Hardcoded UI copy. Migrate to i18n before automatic replacement."
"hardcoded.55028eb02b","frontstage","hardcoded","src/app/import-center/page.tsx","1222","1","unknown","","申请资料核对","","Hardcoded UI copy. Migrate to i18n before automatic replacement."
"hardcoded.fbc4a016af","frontstage","hardcoded","src/app/import-center/page.tsx","1222","1","unknown","","申込資料の確認","","Hardcoded UI copy. Migrate to i18n before automatic replacement."
"hardcoded.882a211332","frontstage","hardcoded","src/app/import-center/page.tsx","1226","2","unknown","","읽기 완료","","Hardcoded UI copy. Migrate to i18n before automatic replacement."
"hardcoded.9a58ecf089","frontstage","hardcoded","src/app/import-center/page.tsx","1226","3","unknown","","已读取","","Hardcoded UI copy. Migrate to i18n before automatic replacement."
"hardcoded.d07d7c9127","frontstage","hardcoded","src/app/import-center/page.tsx","1226","3","unknown","","読取済み","","Hardcoded UI copy. Migrate to i18n before automatic replacement."
"hardcoded.6779ed2012","frontstage","hardcoded","src/app/import-center/page.tsx","1227","4","unknown","","需确认","","Hardcoded UI copy. Migrate to i18n before automatic replacement."
"hardcoded.f5f2218c15","frontstage","hardcoded","src/app/import-center/page.tsx","1232","1","unknown","","逐项核对、修正或标为不明。","","Hardcoded UI copy. Migrate to i18n before automatic replacement."
"hardcoded.db23457ee9","frontstage","hardcoded","src/app/import-center/page.tsx","1234","1","unknown","","항목별로 확인, 수정 또는 불명 표시를 해 주세요.","","Hardcoded UI copy. Migrate to i18n before automatic replacement."
"hardcoded.0c763e26d2","frontstage","hardcoded","src/app/import-center/page.tsx","1235","1","unknown","","項目ごとに確認・修正・不明を選びます。","","Hardcoded UI copy. Migrate to i18n before automatic replacement."
"hardcoded.7215d8105f","frontstage","hardcoded","src/app/import-center/page.tsx","1245","1","unknown","","자료 상세","","Hardcoded UI copy. Migrate to i18n before automatic replacement."
"hardcoded.8fff6df21c","frontstage","hardcoded","src/app/import-center/page.tsx","1245","1","unknown","","資料詳細","","Hardcoded UI copy. Migrate to i18n before automatic replacement."
"hardcoded.d8a38cc735","frontstage","hardcoded","src/app/import-center/page.tsx","1245","1","unknown","","资料详情","","Hardcoded UI copy. Migrate to i18n before automatic replacement."
"hardcoded.9a49266279","frontstage","hardcoded","src/app/import-center/page.tsx","1257","1","unknown","","文書タイプ","","Hardcoded UI copy. Migrate to i18n before automatic replacement."
"hardcoded.a5998b4611","frontstage","hardcoded","src/app/import-center/page.tsx","1257","1","unknown","","文件类型","","Hardcoded UI copy. Migrate to i18n before automatic replacement."
"hardcoded.e94d1e7503","frontstage","hardcoded","src/app/import-center/page.tsx","1257","1","unknown","","문서 유형","","Hardcoded UI copy. Migrate to i18n before automatic replacement."
"hardcoded.61046254aa","frontstage","hardcoded","src/app/import-center/page.tsx","1261","1","unknown","","주요 출처","","Hardcoded UI copy. Migrate to i18n before automatic replacement."
"hardcoded.8ab512860d","frontstage","hardcoded","src/app/import-center/page.tsx","1261","1","unknown","","主な確認元","","Hardcoded UI copy. Migrate to i18n before automatic replacement."
"hardcoded.b13a7a3c7b","frontstage","hardcoded","src/app/import-center/page.tsx","1261","1","unknown","","主要来源","","Hardcoded UI copy. Migrate to i18n before automatic replacement."
"hardcoded.373b82a590","frontstage","hardcoded","src/app/import-center/page.tsx","1265","1","unknown","","확인 항목 수","","Hardcoded UI copy. Migrate to i18n before automatic replacement."
"hardcoded.d436d9caba","frontstage","hardcoded","src/app/import-center/page.tsx","1265","1","unknown","","確認項目数","","Hardcoded UI copy. Migrate to i18n before automatic replacement."
"hardcoded.fe9e0f35cc","frontstage","hardcoded","src/app/import-center/page.tsx","1265","1","unknown","","待确认项目数","","Hardcoded UI copy. Migrate to i18n before automatic replacement."
"hardcoded.827f3daf4c","frontstage","hardcoded","src/app/import-center/page.tsx","1282","1","unknown","","没有识别为支持的申请资料格式。普通物件台账可继续保存。","","Hardcoded UI copy. Migrate to i18n before automatic replacement."
"hardcoded.17ee758a6e","frontstage","hardcoded","src/app/import-center/page.tsx","1284","1","unknown","","신청 자료 형식과 일치하지 않습니다. 일반 매물 대장은 계속 저장할 수 있습니다.","","Hardcoded UI copy. Migrate to i18n before automatic replacement."
"hardcoded.29da99c5a3","frontstage","hardcoded","src/app/import-center/page.tsx","1285","1","unknown","","申込資料の形式と一致しません。通常の物件台帳は続けて保存できます。","","Hardcoded UI copy. Migrate to i18n before automatic replacement."
"hardcoded.6967e7cf65","frontstage","hardcoded","src/app/import-center/page.tsx","1297","1","unknown","","行数据","","Hardcoded UI copy. Migrate to i18n before automatic replacement."
"hardcoded.8205d2d970","frontstage","hardcoded","src/app/import-center/page.tsx","1297","1","unknown","","행 데이터","","Hardcoded UI copy. Migrate to i18n before automatic replacement."
"hardcoded.a23d678cd1","frontstage","hardcoded","src/app/import-center/page.tsx","1297","1","unknown","","行のデータ","","Hardcoded UI copy. Migrate to i18n before automatic replacement."
"hardcoded.bb96b67a08","frontstage","hardcoded","src/app/import-center/page.tsx","1334","1","unknown","","일반 매물 대장 저장 설정","","Hardcoded UI copy. Migrate to i18n before automatic replacement."
"hardcoded.c4b47b7ad0","frontstage","hardcoded","src/app/import-center/page.tsx","1334","1","unknown","","普通物件台账保存设置","","Hardcoded UI copy. Migrate to i18n before automatic replacement."
"hardcoded.cfbdff34e8","frontstage","hardcoded","src/app/import-center/page.tsx","1334","1","unknown","","通常の物件台帳保存設定","","Hardcoded UI copy. Migrate to i18n before automatic replacement."
"hardcoded.0f11e704b4","frontstage","hardcoded","src/app/import-center/page.tsx","1339","1","unknown","","読み取った列（* は必須）","","Hardcoded UI copy. Migrate to i18n before automatic replacement."
"hardcoded.951e79587f","frontstage","hardcoded","src/app/import-center/page.tsx","1339","1","unknown","","读取到的列（* 为必填）","","Hardcoded UI copy. Migrate to i18n before automatic replacement."
"hardcoded.e8481fc863","frontstage","hardcoded","src/app/import-center/page.tsx","1339","1","unknown","","읽은 열 (* 필수)","","Hardcoded UI copy. Migrate to i18n before automatic replacement."
"hardcoded.20b8f86dad","frontstage","hardcoded","src/app/import-center/page.tsx","1363","1","unknown","","物件台帳に保存","","Hardcoded UI copy. Migrate to i18n before automatic replacement."
"hardcoded.78c6682675","frontstage","hardcoded","src/app/import-center/page.tsx","1363","1","unknown","","매물 대장에 저장","","Hardcoded UI copy. Migrate to i18n before automatic replacement."
"hardcoded.c113724a90","frontstage","hardcoded","src/app/import-center/page.tsx","1363","1","unknown","","保存到物件台账","","Hardcoded UI copy. Migrate to i18n before automatic replacement."
"hardcoded.a676f3c1b0","frontstage","hardcoded","src/app/import-center/page.tsx","1394","1","unknown","","次のステップ","","Hardcoded UI copy. Migrate to i18n before automatic replacement."
"hardcoded.cd6f9480bf","frontstage","hardcoded","src/app/import-center/page.tsx","1394","1","unknown","","다음 단계","","Hardcoded UI copy. Migrate to i18n before automatic replacement."
"hardcoded.ea0ef2ae72","frontstage","hardcoded","src/app/import-center/page.tsx","1394","3","unknown","","下一步","","Hardcoded UI copy. Migrate to i18n before automatic replacement."
"hardcoded.a4e1309fb8","frontstage","hardcoded","src/app/import-center/page.tsx","1398","1","unknown","","打开整理信息，确认要保留到案件的数据。","","Hardcoded UI copy. Migrate to i18n before automatic replacement."
"hardcoded.08dc72fd11","frontstage","hardcoded","src/app/import-center/page.tsx","1400","1","unknown","","정보 정리를 열고 안건에 남길 데이터를 확인하세요.","","Hardcoded UI copy. Migrate to i18n before automatic replacement."
"hardcoded.6026c3324e","frontstage","hardcoded","src/app/import-center/page.tsx","1401","1","unknown","","情報整理を開き、案件に残すデータを確認します。","","Hardcoded UI copy. Migrate to i18n before automatic replacement."
"hardcoded.30c5e4026a","frontstage","hardcoded","src/app/import-center/page.tsx","1409","1","unknown","","情報整理へ","","Hardcoded UI copy. Migrate to i18n before automatic replacement."
"hardcoded.44d6db1453","frontstage","hardcoded","src/app/import-center/page.tsx","1412","1","unknown","","继续读取资料","","Hardcoded UI copy. Migrate to i18n before automatic replacement."
"hardcoded.f0d11110a9","frontstage","hardcoded","src/app/import-center/page.tsx","1412","1","unknown","","続けて資料を読み取る","","Hardcoded UI copy. Migrate to i18n before automatic replacement."
"hardcoded.f599badca1","frontstage","hardcoded","src/app/import-center/page.tsx","1412","1","unknown","","자료 계속 읽기","","Hardcoded UI copy. Migrate to i18n before automatic replacement."
"hardcoded.291070b2b4","frontstage","hardcoded","src/app/import-center/page.tsx","1424","1","unknown","","최근 읽은 자료","","Hardcoded UI copy. Migrate to i18n before automatic replacement."
"hardcoded.5218c32b17","frontstage","hardcoded","src/app/import-center/page.tsx","1424","1","unknown","","最近読み取った資料","","Hardcoded UI copy. Migrate to i18n before automatic replacement."
"hardcoded.d94ab10169","frontstage","hardcoded","src/app/import-center/page.tsx","1424","1","unknown","","最近读取的资料","","Hardcoded UI copy. Migrate to i18n before automatic replacement."
"hardcoded.8ba954dc55","frontstage","hardcoded","src/app/import-center/page.tsx","1428","1","unknown","","选择一条资料继续整理。","","Hardcoded UI copy. Migrate to i18n before automatic replacement."
"hardcoded.0aabd1e7d7","frontstage","hardcoded","src/app/import-center/page.tsx","1430","1","unknown","","자료를 선택해 계속 정리합니다.","","Hardcoded UI copy. Migrate to i18n before automatic replacement."
"hardcoded.f4880e9655","frontstage","hardcoded","src/app/import-center/page.tsx","1431","1","unknown","","資料を選んで整理を続けます。","","Hardcoded UI copy. Migrate to i18n before automatic replacement."
"hardcoded.1b9ce661fc","frontstage","hardcoded","src/app/import-center/page.tsx","1453","1","unknown","","この資料を処理中","","Hardcoded UI copy. Migrate to i18n before automatic replacement."
"hardcoded.377af94978","frontstage","hardcoded","src/app/import-center/page.tsx","1453","1","unknown","","正在处理这条资料","","Hardcoded UI copy. Migrate to i18n before automatic replacement."
"hardcoded.c45820d89c","frontstage","hardcoded","src/app/import-center/page.tsx","1453","1","unknown","","이 자료 처리 중","","Hardcoded UI copy. Migrate to i18n before automatic replacement."
"hardcoded.5e2971d6ad","frontstage","hardcoded","src/app/import-center/page.tsx","1454","1","unknown","","继续处理这条资料","","Hardcoded UI copy. Migrate to i18n before automatic replacement."
"hardcoded.65e240bf3f","frontstage","hardcoded","src/app/import-center/page.tsx","1454","1","unknown","","이 자료 계속 처리","","Hardcoded UI copy. Migrate to i18n before automatic replacement."
"hardcoded.987dac2d5c","frontstage","hardcoded","src/app/import-center/page.tsx","1454","1","unknown","","この資料を続ける","","Hardcoded UI copy. Migrate to i18n before automatic replacement."
"hardcoded.34647ca5fb","frontstage","hardcoded","src/app/import-center/page.tsx","1461","1","unknown","","まだ読取記録はありません。","","Hardcoded UI copy. Migrate to i18n before automatic replacement."
"hardcoded.adde138c6a","frontstage","hardcoded","src/app/import-center/page.tsx","1461","1","unknown","","还没有读取记录。","","Hardcoded UI copy. Migrate to i18n before automatic replacement."
"hardcoded.cdd81ca88f","frontstage","hardcoded","src/app/import-center/page.tsx","1461","1","unknown","","아직 읽기 기록이 없습니다.","","Hardcoded UI copy. Migrate to i18n before automatic replacement."
"hardcoded.20ed4c0413","frontstage","hardcoded","src/app/import-center/page.tsx","1471","1","unknown","","대장과 첨부","","Hardcoded UI copy. Migrate to i18n before automatic replacement."
"hardcoded.7b4143d6c1","frontstage","hardcoded","src/app/import-center/page.tsx","1471","1","unknown","","台帳と添付","","Hardcoded UI copy. Migrate to i18n before automatic replacement."
"hardcoded.aa243b33e8","frontstage","hardcoded","src/app/import-center/page.tsx","1471","1","unknown","","台账与附件","","Hardcoded UI copy. Migrate to i18n before automatic replacement."
"hardcoded.3fcaeb2caf","frontstage","hardcoded","src/app/import-center/page.tsx","1475","1","unknown","","批量保存、检查记录、附件登记。","","Hardcoded UI copy. Migrate to i18n before automatic replacement."
"hardcoded.4763a86299","frontstage","hardcoded","src/app/import-center/page.tsx","1477","1","unknown","","일괄 저장, 확인 기록, 첨부 등록.","","Hardcoded UI copy. Migrate to i18n before automatic replacement."
"hardcoded.328ee169dc","frontstage","hardcoded","src/app/import-center/page.tsx","1478","1","unknown","","一括保存、確認記録、添付登録。","","Hardcoded UI copy. Migrate to i18n before automatic replacement."
"hardcoded.26582989c3","frontstage","hardcoded","src/app/import-center/page.tsx","1483","1","unknown","","상세 설정 열기","","Hardcoded UI copy. Migrate to i18n before automatic replacement."
"hardcoded.5c053bff82","frontstage","hardcoded","src/app/import-center/page.tsx","1483","1","unknown","","詳細設定を開く","","Hardcoded UI copy. Migrate to i18n before automatic replacement."
"hardcoded.d6e19d8a72","frontstage","hardcoded","src/app/import-center/page.tsx","1483","1","unknown","","打开详细设置","","Hardcoded UI copy. Migrate to i18n before automatic replacement."
"hardcoded.241277c201","frontstage","hardcoded","src/app/import-center/page.tsx","1487","1","unknown","","收起详细设置","","Hardcoded UI copy. Migrate to i18n before automatic replacement."
"hardcoded.9e067d575a","frontstage","hardcoded","src/app/import-center/page.tsx","1487","1","unknown","","詳細設定を閉じる","","Hardcoded UI copy. Migrate to i18n before automatic replacement."
"hardcoded.de158c76d7","frontstage","hardcoded","src/app/import-center/page.tsx","1487","1","unknown","","상세 설정 닫기","","Hardcoded UI copy. Migrate to i18n before automatic replacement."
"hardcoded.059cfe534f","frontstage","hardcoded","src/app/import-center/page.tsx","1643","1","unknown","","현재 처리 자료","","Hardcoded UI copy. Migrate to i18n before automatic replacement."
"hardcoded.a626a12a5c","frontstage","hardcoded","src/app/import-center/page.tsx","1643","1","unknown","","現在処理中の資料","","Hardcoded UI copy. Migrate to i18n before automatic replacement."
"hardcoded.d1cef90215","frontstage","hardcoded","src/app/import-center/page.tsx","1643","1","unknown","","当前处理资料","","Hardcoded UI copy. Migrate to i18n before automatic replacement."
"hardcoded.d1c918d0ee","frontstage","hardcoded","src/app/import-center/page.tsx","1644","1","unknown","","当前资料","","Hardcoded UI copy. Migrate to i18n before automatic replacement."
"hardcoded.ef1011f666","frontstage","hardcoded","src/app/import-center/page.tsx","1644","1","unknown","","현재 자료","","Hardcoded UI copy. Migrate to i18n before automatic replacement."
"hardcoded.f490381eee","frontstage","hardcoded","src/app/import-center/page.tsx","1644","1","unknown","","現在の資料","","Hardcoded UI copy. Migrate to i18n before automatic replacement."
"hardcoded.05cd9c73fa","frontstage","hardcoded","src/app/import-center/page.tsx","1685","1","unknown","","元資料の表記","","Hardcoded UI copy. Migrate to i18n before automatic replacement."
"hardcoded.d09aed1098","frontstage","hardcoded","src/app/import-center/page.tsx","1685","1","unknown","","원본 자료 표기","","Hardcoded UI copy. Migrate to i18n before automatic replacement."
"hardcoded.dc27c6f491","frontstage","hardcoded","src/app/import-center/page.tsx","1685","1","unknown","","原资料表头","","Hardcoded UI copy. Migrate to i18n before automatic replacement."
"hardcoded.7da86af750","frontstage","hardcoded","src/app/organize-center/page.tsx","40","2","unknown","","情報を整理","","Hardcoded UI copy. Migrate to i18n before automatic replacement."
"hardcoded.16bd555fab","frontstage","hardcoded","src/app/organize-center/page.tsx","41","1","unknown","","案件、関係者、物件、未整理資料を同じ場所で探して整理します。","","Hardcoded UI copy. Migrate to i18n before automatic replacement."
"hardcoded.327564aa69","frontstage","hardcoded","src/app/organize-center/page.tsx","42","1","unknown","","対象を選ぶ","","Hardcoded UI copy. Migrate to i18n before automatic replacement."
"hardcoded.61e1531a75","frontstage","hardcoded","src/app/organize-center/page.tsx","43","1","unknown","","先に対象を決めると、資料の追加先と整理画面がぶれません。","","Hardcoded UI copy. Migrate to i18n before automatic replacement."
"hardcoded.e76027241c","frontstage","hardcoded","src/app/organize-center/page.tsx","48","1","unknown","","他の作成","","Hardcoded UI copy. Migrate to i18n before automatic replacement."
"hardcoded.ca1a909129","frontstage","hardcoded","src/app/organize-center/page.tsx","49","1","unknown","","名前、物件、案件、資料名で検索","","Hardcoded UI copy. Migrate to i18n before automatic replacement."
"hardcoded.0c295d2805","frontstage","hardcoded","src/app/organize-center/page.tsx","52","6","unknown","","案件","","Hardcoded UI copy. Migrate to i18n before automatic replacement."
"hardcoded.a1e5286845","frontstage","hardcoded","src/app/organize-center/page.tsx","55","2","unknown","","未整理資料","","Hardcoded UI copy. Migrate to i18n before automatic replacement."
"hardcoded.591fa8b77f","frontstage","hardcoded","src/app/organize-center/page.tsx","56","1","unknown","","補完が必要","","Hardcoded UI copy. Migrate to i18n before automatic replacement."
"hardcoded.2f84887fa6","frontstage","hardcoded","src/app/organize-center/page.tsx","58","3","unknown","","未紐付け","","Hardcoded UI copy. Migrate to i18n before automatic replacement."
"hardcoded.95a39cdb93","frontstage","hardcoded","src/app/organize-center/page.tsx","59","1","unknown","","選択中の対象","","Hardcoded UI copy. Migrate to i18n before automatic replacement."
"hardcoded.13e663d943","frontstage","hardcoded","src/app/organize-center/page.tsx","60","1","unknown","","資料一覧","","Hardcoded UI copy. Migrate to i18n before automatic replacement."
"hardcoded.85b2979ddc","frontstage","hardcoded","src/app/organize-center/page.tsx","61","1","unknown","","補完や紐付けが必要な対象を先に表示します。","","Hardcoded UI copy. Migrate to i18n before automatic replacement."
"hardcoded.78d85e850a","frontstage","hardcoded","src/app/organize-center/page.tsx","62","2","unknown","","現在の状態","","Hardcoded UI copy. Migrate to i18n before automatic replacement."
"hardcoded.8dd4581d09","frontstage","hardcoded","src/app/organize-center/page.tsx","63","1","unknown","","関連する対象","","Hardcoded UI copy. Migrate to i18n before automatic replacement."
"hardcoded.d9db02d07a","frontstage","hardcoded","src/app/organize-center/page.tsx","64","8","unknown","","更新","","Hardcoded UI copy. Migrate to i18n before automatic replacement."
"hardcoded.1655876924","frontstage","hardcoded","src/app/organize-center/page.tsx","68","1","unknown","","種類","","Hardcoded UI copy. Migrate to i18n before automatic replacement."
"hardcoded.8d7f263781","frontstage","hardcoded","src/app/organize-center/page.tsx","69","2","unknown","","関連","","Hardcoded UI copy. Migrate to i18n before automatic replacement."
"hardcoded.0088f35e13","frontstage","hardcoded","src/app/organize-center/page.tsx","71","1","unknown","","対象を選択してください。","","Hardcoded UI copy. Migrate to i18n before automatic replacement."
"hardcoded.153db00512","frontstage","hardcoded","src/app/organize-center/page.tsx","72","1","unknown","","条件に一致する対象がありません。","","Hardcoded UI copy. Migrate to i18n before automatic replacement."
"hardcoded.119daf93ee","frontstage","hardcoded","src/app/organize-center/page.tsx","73","2","unknown","","開く","","Hardcoded UI copy. Migrate to i18n before automatic replacement."
"hardcoded.b7511fcc0c","frontstage","hardcoded","src/app/organize-center/page.tsx","74","2","unknown","","整理を続ける","","Hardcoded UI copy. Migrate to i18n before automatic replacement."
"hardcoded.f617bfc8fe","frontstage","hardcoded","src/app/organize-center/page.tsx","76","1","unknown","","関係者を編集","","Hardcoded UI copy. Migrate to i18n before automatic replacement."
"hardcoded.6c1f2f9365","frontstage","hardcoded","src/app/organize-center/page.tsx","77","1","unknown","","物件を見る","","Hardcoded UI copy. Migrate to i18n before automatic replacement."
"hardcoded.1df2b04e4e","frontstage","hardcoded","src/app/organize-center/page.tsx","78","2","unknown","","資料を確認","","Hardcoded UI copy. Migrate to i18n before automatic replacement."
"hardcoded.7816c3ba78","frontstage","hardcoded","src/app/organize-center/page.tsx","79","12","unknown","","法人","","Hardcoded UI copy. Migrate to i18n before automatic replacement."
"hardcoded.6b75ef797f","frontstage","hardcoded","src/app/organize-center/page.tsx","80","4","unknown","","個人","","Hardcoded UI copy. Migrate to i18n before automatic replacement."
"hardcoded.a1cffd17da","frontstage","hardcoded","src/app/organize-center/page.tsx","83","1","unknown","","関係者未設定","","Hardcoded UI copy. Migrate to i18n before automatic replacement."
"hardcoded.392873d19f","frontstage","hardcoded","src/app/organize-center/page.tsx","84","1","unknown","","物件未設定","","Hardcoded UI copy. Migrate to i18n before automatic replacement."
"hardcoded.1e51536038","frontstage","hardcoded","src/app/organize-center/page.tsx","85","1","unknown","","関係者や案件に紐付けて使います","","Hardcoded UI copy. Migrate to i18n before automatic replacement."
"hardcoded.a076f78868","frontstage","hardcoded","src/app/organize-center/page.tsx","86","1","unknown","","案件資料に未整理の項目があります。関係者、物件、費用などの基本情報を確認します。","","Hardcoded UI copy. Migrate to i18n before automatic replacement."
"hardcoded.f1009292cf","frontstage","hardcoded","src/app/organize-center/page.tsx","87","1","unknown","","案件の基本情報は整理済みです。関連資料の追加や内容確認を続けられます。","","Hardcoded UI copy. Migrate to i18n before automatic replacement."
"hardcoded.86cc13dfcc","frontstage","hardcoded","src/app/organize-center/page.tsx","88","1","unknown","","関係者の連絡先または役割が不足しています。関連案件と紐付ける前に確認します。","","Hardcoded UI copy. Migrate to i18n before automatic replacement."
"hardcoded.1a6b76782b","frontstage","hardcoded","src/app/organize-center/page.tsx","89","1","unknown","","関係者の基本情報は整理済みです。関連案件や物件と合わせて確認できます。","","Hardcoded UI copy. Migrate to i18n before automatic replacement."
"hardcoded.8b1a9c7b1a","frontstage","hardcoded","src/app/organize-center/page.tsx","90","1","unknown","","物件の価格、管理費、修繕積立などの基礎情報が不足しています。","","Hardcoded UI copy. Migrate to i18n before automatic replacement."
"hardcoded.48480a47a0","frontstage","hardcoded","src/app/organize-center/page.tsx","91","1","unknown","","物件の基礎情報は整理済みです。案件や関係者と紐付けて使えます。","","Hardcoded UI copy. Migrate to i18n before automatic replacement."
"hardcoded.4025461d27","frontstage","hardcoded","src/app/organize-center/page.tsx","92","1","unknown","","資料がまだ案件、関係者、物件のどれにも紐付いていません。まず紐付け先を決めます。","","Hardcoded UI copy. Migrate to i18n before automatic replacement."
"hardcoded.6522150c35","frontstage","hardcoded","src/app/organize-center/page.tsx","93","1","unknown","","案件内の関係","","Hardcoded UI copy. Migrate to i18n before automatic replacement."
"hardcoded.ea1eb89ac2","frontstage","hardcoded","src/app/organize-center/page.tsx","94","1","unknown","","関係先","","Hardcoded UI copy. Migrate to i18n before automatic replacement."
"hardcoded.9031f25c6a","frontstage","hardcoded","src/app/organize-center/page.tsx","95","1","unknown","","利用先","","Hardcoded UI copy. Migrate to i18n before automatic replacement."
"hardcoded.4d58026f9a","frontstage","hardcoded","src/app/organize-center/page.tsx","96","1","unknown","","紐付け先","","Hardcoded UI copy. Migrate to i18n before automatic replacement."
"hardcoded.1649ac5b05","frontstage","hardcoded","src/app/organize-center/page.tsx","100","1","unknown","","在同一个入口查找和整理案件、主体、物件、待归属资料。","","Hardcoded UI copy. Migrate to i18n before automatic replacement."
"hardcoded.2c77fb7584","frontstage","hardcoded","src/app/organize-center/page.tsx","101","1","unknown","","选择整理对象","","Hardcoded UI copy. Migrate to i18n before automatic replacement."
"hardcoded.9bbf165823","frontstage","hardcoded","src/app/organize-center/page.tsx","102","1","unknown","","先确定资料归属，再进入对应的整理页面，避免把联系人、物件和案件混在一起。","","Hardcoded UI copy. Migrate to i18n before automatic replacement."
"hardcoded.3d4c54d715","frontstage","hardcoded","src/app/organize-center/page.tsx","107","1","unknown","","其他新建","","Hardcoded UI copy. Migrate to i18n before automatic replacement."
"hardcoded.29a7669efd","frontstage","hardcoded","src/app/organize-center/page.tsx","108","1","unknown","","搜索姓名、物件、案件、资料名","","Hardcoded UI copy. Migrate to i18n before automatic replacement."
"hardcoded.bf9263025e","frontstage","hardcoded","src/app/organize-center/page.tsx","114","2","unknown","","待归属资料","","Hardcoded UI copy. Migrate to i18n before automatic replacement."
"hardcoded.a9ebdade5f","frontstage","hardcoded","src/app/organize-center/page.tsx","115","1","unknown","","待补全","","Hardcoded UI copy. Migrate to i18n before automatic replacement."
"hardcoded.46a9e40651","frontstage","hardcoded","src/app/organize-center/page.tsx","117","1","unknown","","未归属","","Hardcoded UI copy. Migrate to i18n before automatic replacement."
"hardcoded.a86085e2ea","frontstage","hardcoded","src/app/organize-center/page.tsx","118","1","unknown","","当前对象","","Hardcoded UI copy. Migrate to i18n before automatic replacement."
"hardcoded.895fb95755","frontstage","hardcoded","src/app/organize-center/page.tsx","119","2","unknown","","资料索引","","Hardcoded UI copy. Migrate to i18n before automatic replacement."
"hardcoded.807eb8b9bc","frontstage","hardcoded","src/app/organize-center/page.tsx","120","1","unknown","","待补全和未归属内容优先显示。","","Hardcoded UI copy. Migrate to i18n before automatic replacement."
"hardcoded.045859e792","frontstage","hardcoded","src/app/organize-center/page.tsx","121","1","unknown","","当前状态","","Hardcoded UI copy. Migrate to i18n before automatic replacement."
"hardcoded.601a803239","frontstage","hardcoded","src/app/organize-center/page.tsx","122","3","unknown","","相关对象","","Hardcoded UI copy. Migrate to i18n before automatic replacement."
"hardcoded.1ff5503c30","frontstage","hardcoded","src/app/organize-center/page.tsx","124","1","unknown","","可执行操作","","Hardcoded UI copy. Migrate to i18n before automatic replacement."
"hardcoded.539cb3b0a6","frontstage","hardcoded","src/app/organize-center/page.tsx","126","1","unknown","","对象","","Hardcoded UI copy. Migrate to i18n before automatic replacement."
"hardcoded.e4e46c7235","frontstage","hardcoded","src/app/organize-center/page.tsx","127","2","unknown","","类型","","Hardcoded UI copy. Migrate to i18n before automatic replacement."
"hardcoded.dc91aa56fb","frontstage","hardcoded","src/app/organize-center/page.tsx","128","2","unknown","","关联","","Hardcoded UI copy. Migrate to i18n before automatic replacement."
"hardcoded.759ef4e6c5","frontstage","hardcoded","src/app/organize-center/page.tsx","130","1","unknown","","请选择一个对象。","","Hardcoded UI copy. Migrate to i18n before automatic replacement."
"hardcoded.325acd0f95","frontstage","hardcoded","src/app/organize-center/page.tsx","131","1","unknown","","没有符合条件的对象。","","Hardcoded UI copy. Migrate to i18n before automatic replacement."
"hardcoded.65fc81e161","frontstage","hardcoded","src/app/organize-center/page.tsx","132","2","unknown","","打开","","Hardcoded UI copy. Migrate to i18n before automatic replacement."
"hardcoded.3c1802f565","frontstage","hardcoded","src/app/organize-center/page.tsx","133","2","unknown","","继续整理","","Hardcoded UI copy. Migrate to i18n before automatic replacement."
"hardcoded.8136947793","frontstage","hardcoded","src/app/organize-center/page.tsx","135","1","unknown","","编辑主体","","Hardcoded UI copy. Migrate to i18n before automatic replacement."
"hardcoded.e45dec4aa8","frontstage","hardcoded","src/app/organize-center/page.tsx","136","1","unknown","","查看物件","","Hardcoded UI copy. Migrate to i18n before automatic replacement."
"hardcoded.116fd8dce9","frontstage","hardcoded","src/app/organize-center/page.tsx","137","1","unknown","","处理资料","","Hardcoded UI copy. Migrate to i18n before automatic replacement."
"hardcoded.2d7c0c32a3","frontstage","hardcoded","src/app/organize-center/page.tsx","139","7","unknown","","个人","","Hardcoded UI copy. Migrate to i18n before automatic replacement."
"hardcoded.c306913bc7","frontstage","hardcoded","src/app/organize-center/page.tsx","142","1","unknown","","主体未设置","","Hardcoded UI copy. Migrate to i18n before automatic replacement."
"hardcoded.0926c8ec2d","frontstage","hardcoded","src/app/organize-center/page.tsx","143","1","unknown","","物件未设置","","Hardcoded UI copy. Migrate to i18n before automatic replacement."
"hardcoded.c1946742c8","frontstage","hardcoded","src/app/organize-center/page.tsx","144","1","unknown","","可关联主体或案件后继续使用","","Hardcoded UI copy. Migrate to i18n before automatic replacement."
"hardcoded.384e5b4ecd","frontstage","hardcoded","src/app/organize-center/page.tsx","145","1","unknown","","案件资料仍有待补全项，需要继续确认人员、物件、费用等基础信息。","","Hardcoded UI copy. Migrate to i18n before automatic replacement."
"hardcoded.fe8e4d2a9d","frontstage","hardcoded","src/app/organize-center/page.tsx","146","1","unknown","","案件基础信息已整理，可以继续补充资料或查看关联内容。","","Hardcoded UI copy. Migrate to i18n before automatic replacement."
"hardcoded.f84fe5d445","frontstage","hardcoded","src/app/organize-center/page.tsx","147","1","unknown","","主体缺少联系方式或角色信息，关联到案件前需要确认。","","Hardcoded UI copy. Migrate to i18n before automatic replacement."
"hardcoded.24c65b5d0c","frontstage","hardcoded","src/app/organize-center/page.tsx","148","1","unknown","","主体基础信息已整理，可以和关联案件或物件一起查看。","","Hardcoded UI copy. Migrate to i18n before automatic replacement."
"hardcoded.4ee52b2b9b","frontstage","hardcoded","src/app/organize-center/page.tsx","149","1","unknown","","物件缺少价格、管理费或修缮基金等基础信息。","","Hardcoded UI copy. Migrate to i18n before automatic replacement."
"hardcoded.746c53c442","frontstage","hardcoded","src/app/organize-center/page.tsx","150","1","unknown","","物件基础信息已整理，可以关联案件或主体继续使用。","","Hardcoded UI copy. Migrate to i18n before automatic replacement."
"hardcoded.420f00510d","frontstage","hardcoded","src/app/organize-center/page.tsx","151","1","unknown","","资料还没有归属到案件、主体或物件，需要先选择归属对象。","","Hardcoded UI copy. Migrate to i18n before automatic replacement."
"hardcoded.97d39b1526","frontstage","hardcoded","src/app/organize-center/page.tsx","152","1","unknown","","案件关系","","Hardcoded UI copy. Migrate to i18n before automatic replacement."
"hardcoded.3caa4d2d42","frontstage","hardcoded","src/app/organize-center/page.tsx","154","1","unknown","","使用位置","","Hardcoded UI copy. Migrate to i18n before automatic replacement."
"hardcoded.3d44b0cfee","frontstage","hardcoded","src/app/organize-center/page.tsx","155","1","unknown","","归属对象","","Hardcoded UI copy. Migrate to i18n before automatic replacement."
"hardcoded.8c11ba4cd0","frontstage","hardcoded","src/app/organize-center/page.tsx","159","1","unknown","","안건, 관계자, 매물, 미분류 자료를 한 곳에서 찾고 정리합니다.","","Hardcoded UI copy. Migrate to i18n before automatic replacement."
"hardcoded.bbb8fbb460","frontstage","hardcoded","src/app/organize-center/page.tsx","160","1","unknown","","정리 대상 선택","","Hardcoded UI copy. Migrate to i18n before automatic replacement."
"hardcoded.60d8c881a2","frontstage","hardcoded","src/app/organize-center/page.tsx","161","1","unknown","","먼저 대상을 정하면 자료 추가 위치와 정리 화면이 흔들리지 않습니다.","","Hardcoded UI copy. Migrate to i18n before automatic replacement."
"hardcoded.1ae92ef058","frontstage","hardcoded","src/app/organize-center/page.tsx","166","1","unknown","","다른 생성","","Hardcoded UI copy. Migrate to i18n before automatic replacement."
"hardcoded.571a614f18","frontstage","hardcoded","src/app/organize-center/page.tsx","167","1","unknown","","이름, 매물, 안건, 자료명 검색","","Hardcoded UI copy. Migrate to i18n before automatic replacement."
"hardcoded.beb22d406c","frontstage","hardcoded","src/app/organize-center/page.tsx","170","3","unknown","","안건","","Hardcoded UI copy. Migrate to i18n before automatic replacement."
"hardcoded.967423a810","frontstage","hardcoded","src/app/organize-center/page.tsx","173","2","unknown","","미분류 자료","","Hardcoded UI copy. Migrate to i18n before automatic replacement."
"hardcoded.97bfdc9def","frontstage","hardcoded","src/app/organize-center/page.tsx","174","2","unknown","","보완 필요","","Hardcoded UI copy. Migrate to i18n before automatic replacement."
"hardcoded.f4c053be0b","frontstage","hardcoded","src/app/organize-center/page.tsx","177","1","unknown","","선택한 대상","","Hardcoded UI copy. Migrate to i18n before automatic replacement."
"hardcoded.2a34ab2c5c","frontstage","hardcoded","src/app/organize-center/page.tsx","178","1","unknown","","자료 목록","","Hardcoded UI copy. Migrate to i18n before automatic replacement."
"hardcoded.c08ccba0fe","frontstage","hardcoded","src/app/organize-center/page.tsx","179","1","unknown","","보완 또는 연결이 필요한 대상을 먼저 표시합니다.","","Hardcoded UI copy. Migrate to i18n before automatic replacement."
"hardcoded.bdcfbf5d5e","frontstage","hardcoded","src/app/organize-center/page.tsx","180","2","unknown","","현재 상태","","Hardcoded UI copy. Migrate to i18n before automatic replacement."
"hardcoded.e245e48078","frontstage","hardcoded","src/app/organize-center/page.tsx","181","3","unknown","","관련 대상","","Hardcoded UI copy. Migrate to i18n before automatic replacement."
"hardcoded.4f72dd68a6","frontstage","hardcoded","src/app/organize-center/page.tsx","182","3","unknown","","업데이트","","Hardcoded UI copy. Migrate to i18n before automatic replacement."
"hardcoded.29efb69b57","frontstage","hardcoded","src/app/organize-center/page.tsx","186","1","unknown","","종류","","Hardcoded UI copy. Migrate to i18n before automatic replacement."
"hardcoded.52b7ec5f76","frontstage","hardcoded","src/app/organize-center/page.tsx","187","2","unknown","","연결","","Hardcoded UI copy. Migrate to i18n before automatic replacement."
"hardcoded.530454e9d9","frontstage","hardcoded","src/app/organize-center/page.tsx","189","1","unknown","","대상을 선택해 주세요.","","Hardcoded UI copy. Migrate to i18n before automatic replacement."
"hardcoded.c4cd18f983","frontstage","hardcoded","src/app/organize-center/page.tsx","190","1","unknown","","조건에 맞는 대상이 없습니다.","","Hardcoded UI copy. Migrate to i18n before automatic replacement."
"hardcoded.e5637183e6","frontstage","hardcoded","src/app/organize-center/page.tsx","191","2","unknown","","열기","","Hardcoded UI copy. Migrate to i18n before automatic replacement."
"hardcoded.a3449e2460","frontstage","hardcoded","src/app/organize-center/page.tsx","192","2","unknown","","정리 계속","","Hardcoded UI copy. Migrate to i18n before automatic replacement."
"hardcoded.6d9d2ee417","frontstage","hardcoded","src/app/organize-center/page.tsx","194","1","unknown","","관계자 편집","","Hardcoded UI copy. Migrate to i18n before automatic replacement."
"hardcoded.0be5c7c78c","frontstage","hardcoded","src/app/organize-center/page.tsx","195","1","unknown","","매물 보기","","Hardcoded UI copy. Migrate to i18n before automatic replacement."
"hardcoded.339a10812f","frontstage","hardcoded","src/app/organize-center/page.tsx","197","3","unknown","","법인","","Hardcoded UI copy. Migrate to i18n before automatic replacement."
"hardcoded.7a040b64bd","frontstage","hardcoded","src/app/organize-center/page.tsx","198","4","unknown","","개인","","Hardcoded UI copy. Migrate to i18n before automatic replacement."
"hardcoded.2b3d33e602","frontstage","hardcoded","src/app/organize-center/page.tsx","201","1","unknown","","관계자 미설정","","Hardcoded UI copy. Migrate to i18n before automatic replacement."
"hardcoded.0ace7ce2f9","frontstage","hardcoded","src/app/organize-center/page.tsx","202","1","unknown","","매물 미설정","","Hardcoded UI copy. Migrate to i18n before automatic replacement."
"hardcoded.9b1875d4c3","frontstage","hardcoded","src/app/organize-center/page.tsx","203","1","unknown","","관계자 또는 안건에 연결해 사용합니다","","Hardcoded UI copy. Migrate to i18n before automatic replacement."
"hardcoded.630504ae1e","frontstage","hardcoded","src/app/organize-center/page.tsx","204","1","unknown","","안건 자료에 보완할 항목이 있습니다. 관계자, 매물, 비용 등 기본 정보를 확인합니다.","","Hardcoded UI copy. Migrate to i18n before automatic replacement."
"hardcoded.90ab294d16","frontstage","hardcoded","src/app/organize-center/page.tsx","205","1","unknown","","안건 기본 정보가 정리되었습니다. 자료 추가 또는 관련 내용 확인을 계속할 수 있습니다.","","Hardcoded UI copy. Migrate to i18n before automatic replacement."
"hardcoded.b471ba25f2","frontstage","hardcoded","src/app/organize-center/page.tsx","206","1","unknown","","관계자의 연락처 또는 역할 정보가 부족합니다. 관련 안건과 연결하기 전에 확인합니다.","","Hardcoded UI copy. Migrate to i18n before automatic replacement."
"hardcoded.c0412fc07c","frontstage","hardcoded","src/app/organize-center/page.tsx","207","1","unknown","","관계자 기본 정보가 정리되었습니다. 관련 안건이나 매물과 함께 확인할 수 있습니다.","","Hardcoded UI copy. Migrate to i18n before automatic replacement."
"hardcoded.e38d3574d9","frontstage","hardcoded","src/app/organize-center/page.tsx","208","1","unknown","","매물의 가격, 관리비, 수선비 등 기본 정보가 부족합니다.","","Hardcoded UI copy. Migrate to i18n before automatic replacement."
"hardcoded.e409742b0b","frontstage","hardcoded","src/app/organize-center/page.tsx","209","1","unknown","","매물 기본 정보가 정리되었습니다. 안건이나 관계자와 연결해 사용할 수 있습니다.","","Hardcoded UI copy. Migrate to i18n before automatic replacement."
"hardcoded.2d1d2632c2","frontstage","hardcoded","src/app/organize-center/page.tsx","210","1","unknown","","자료가 아직 안건, 관계자, 매물에 연결되지 않았습니다. 먼저 연결 대상을 정합니다.","","Hardcoded UI copy. Migrate to i18n before automatic replacement."
"hardcoded.a654cb5cfe","frontstage","hardcoded","src/app/organize-center/page.tsx","211","1","unknown","","안건 관계","","Hardcoded UI copy. Migrate to i18n before automatic replacement."
"hardcoded.145278de3e","frontstage","hardcoded","src/app/organize-center/page.tsx","213","1","unknown","","사용 위치","","Hardcoded UI copy. Migrate to i18n before automatic replacement."
"hardcoded.8ba657d6a1","frontstage","hardcoded","src/app/organize-center/page.tsx","265","2","unknown","","画像","","Hardcoded UI copy. Migrate to i18n before automatic replacement."
"hardcoded.981f89bf09","frontstage","hardcoded","src/app/organize-center/page.tsx","265","2","unknown","","이미지","","Hardcoded UI copy. Migrate to i18n before automatic replacement."
"hardcoded.be8da62ea1","frontstage","hardcoded","src/app/organize-center/page.tsx","265","2","unknown","","图片","","Hardcoded UI copy. Migrate to i18n before automatic replacement."
"hardcoded.2a4a4de806","frontstage","hardcoded","src/app/organize-center/page.tsx","266","2","unknown","","手动","","Hardcoded UI copy. Migrate to i18n before automatic replacement."
"hardcoded.309b979031","frontstage","hardcoded","src/app/organize-center/page.tsx","266","4","unknown","","手入力","","Hardcoded UI copy. Migrate to i18n before automatic replacement."
"hardcoded.a9034f7e3d","frontstage","hardcoded","src/app/organize-center/page.tsx","266","2","unknown","","수동","","Hardcoded UI copy. Migrate to i18n before automatic replacement."
"hardcoded.c3dbd7834d","frontstage","hardcoded","src/app/output-center/page.tsx","43","1","unknown","","対象案件を選択し、出力テンプレートとプレビューへ進みます。","","Hardcoded UI copy. Migrate to i18n before automatic replacement."
"hardcoded.a7704e06f2","frontstage","hardcoded","src/app/output-center/page.tsx","44","2","unknown","","最近の更新","","Hardcoded UI copy. Migrate to i18n before automatic replacement."
"hardcoded.c26e66bbf2","frontstage","hardcoded","src/app/output-center/page.tsx","45","1","unknown","","提案データを作成","","Hardcoded UI copy. Migrate to i18n before automatic replacement."
"hardcoded.701f79beea","frontstage","hardcoded","src/app/output-center/page.tsx","46","3","unknown","","選択中","","Hardcoded UI copy. Migrate to i18n before automatic replacement."
"hardcoded.69cb27dcde","frontstage","hardcoded","src/app/output-center/page.tsx","47","1","unknown","","保証会社を選ぶ","","Hardcoded UI copy. Migrate to i18n before automatic replacement."
"hardcoded.7c35400a38","frontstage","hardcoded","src/app/output-center/page.tsx","49","1","unknown","","対象提案（見積・資金計画用）","","Hardcoded UI copy. Migrate to i18n before automatic replacement."
"hardcoded.e45ca38649","frontstage","hardcoded","src/app/output-center/page.tsx","50","2","unknown","","対象物件","","Hardcoded UI copy. Migrate to i18n before automatic replacement."
"hardcoded.1d290a19e5","frontstage","hardcoded","src/app/output-center/page.tsx","51","1","unknown","","対象関係者","","Hardcoded UI copy. Migrate to i18n before automatic replacement."
"hardcoded.4625364ce2","frontstage","hardcoded","src/app/output-center/page.tsx","52","1","unknown","","出力形式","","Hardcoded UI copy. Migrate to i18n before automatic replacement."
"hardcoded.31eecb3ddc","frontstage","hardcoded","src/app/output-center/page.tsx","53","1","unknown","","言語","","Hardcoded UI copy. Migrate to i18n before automatic replacement."
"hardcoded.f0335fc63a","frontstage","hardcoded","src/app/output-center/page.tsx","54","1","unknown","","帳票を出力","","Hardcoded UI copy. Migrate to i18n before automatic replacement."
"hardcoded.82298e33ae","frontstage","hardcoded","src/app/output-center/page.tsx","55","1","unknown","","出力履歴","","Hardcoded UI copy. Migrate to i18n before automatic replacement."
"hardcoded.59038e1c6c","frontstage","hardcoded","src/app/output-center/page.tsx","56","1","unknown","","テンプレート利用状況","","Hardcoded UI copy. Migrate to i18n before automatic replacement."
"hardcoded.699c537918","frontstage","hardcoded","src/app/output-center/page.tsx","57","1","unknown","","現在の履歴条件で使われたテンプレート記録","","Hardcoded UI copy. Migrate to i18n before automatic replacement."
"hardcoded.82c6d9b8d0","frontstage","hardcoded","src/app/output-center/page.tsx","58","1","unknown","","記録あり","","Hardcoded UI copy. Migrate to i18n before automatic replacement."
"hardcoded.5dab500c4f","frontstage","hardcoded","src/app/output-center/page.tsx","59","1","unknown","","記録なし","","Hardcoded UI copy. Migrate to i18n before automatic replacement."
"hardcoded.7db754f361","frontstage","hardcoded","src/app/output-center/page.tsx","60","1","unknown","","よく使うテンプレート","","Hardcoded UI copy. Migrate to i18n before automatic replacement."
"hardcoded.f7296b27ad","frontstage","hardcoded","src/app/output-center/page.tsx","61","2","unknown","","すべて表示","","Hardcoded UI copy. Migrate to i18n before automatic replacement."
"hardcoded.abb028d6f8","frontstage","hardcoded","src/app/output-center/page.tsx","62","1","unknown","","すべての種別","","Hardcoded UI copy. Migrate to i18n before automatic replacement."
"hardcoded.c75a115124","frontstage","hardcoded","src/app/output-center/page.tsx","63","1","unknown","","すべての言語","","Hardcoded UI copy. Migrate to i18n before automatic replacement."
"hardcoded.10d606d03b","frontstage","hardcoded","src/app/output-center/page.tsx","64","1","unknown","","すべての形式","","Hardcoded UI copy. Migrate to i18n before automatic replacement."
"hardcoded.3d1e86ae1a","frontstage","hardcoded","src/app/output-center/page.tsx","65","1","unknown","","すべてのテンプレート","","Hardcoded UI copy. Migrate to i18n before automatic replacement."
"hardcoded.042295c6b2","frontstage","hardcoded","src/app/output-center/page.tsx","66","1","unknown","","テンプレート未記録","","Hardcoded UI copy. Migrate to i18n before automatic replacement."
"hardcoded.a2b76e8b8b","frontstage","hardcoded","src/app/output-center/page.tsx","67","1","unknown","","使用テンプレート","","Hardcoded UI copy. Migrate to i18n before automatic replacement."
"hardcoded.35c8ffca96","frontstage","hardcoded","src/app/output-center/page.tsx","70","1","unknown","","利用状況CSV","","Hardcoded UI copy. Migrate to i18n before automatic replacement."
"hardcoded.dadd9f03f0","frontstage","hardcoded","src/app/output-center/page.tsx","71","1","unknown","","現在のフィルタ条件に一致する出力履歴がありません。","","Hardcoded UI copy. Migrate to i18n before automatic replacement."
"hardcoded.335f224b73","frontstage","hardcoded","src/app/output-center/page.tsx","72","1","unknown","","PDFプレビュー","","Hardcoded UI copy. Migrate to i18n before automatic replacement."
"hardcoded.bc3a85876c","frontstage","hardcoded","src/app/output-center/page.tsx","73","1","unknown","","ダウンロード","","Hardcoded UI copy. Migrate to i18n before automatic replacement."
"hardcoded.eb5e94a08b","frontstage","hardcoded","src/app/output-center/page.tsx","74","1","unknown","","提出先","","Hardcoded UI copy. Migrate to i18n before automatic replacement."
"hardcoded.a957300e86","frontstage","hardcoded","src/app/output-center/page.tsx","75","2","unknown","","発行日","","Hardcoded UI copy. Migrate to i18n before automatic replacement."
"hardcoded.b4f80c7418","frontstage","hardcoded","src/app/output-center/page.tsx","76","1","unknown","","ページ","","Hardcoded UI copy. Migrate to i18n before automatic replacement."
"hardcoded.ee4968790f","frontstage","hardcoded","src/app/output-center/page.tsx","77","1","unknown","","スカイラインレジデンス - 1402号室","","Hardcoded UI copy. Migrate to i18n before automatic replacement."
"hardcoded.a941928500","frontstage","hardcoded","src/app/output-center/page.tsx","78","1","unknown","","リバーサイドガーデンズ - ペントハウスB","","Hardcoded UI copy. Migrate to i18n before automatic replacement."
"hardcoded.c6da53d929","frontstage","hardcoded","src/app/output-center/page.tsx","79","1","unknown","","佐藤 健一（購入検討）","","Hardcoded UI copy. Migrate to i18n before automatic replacement."
"hardcoded.5545d843e8","frontstage","hardcoded","src/app/output-center/page.tsx","80","1","unknown","","ロドリゲス エレナ（投資家）","","Hardcoded UI copy. Migrate to i18n before automatic replacement."
"hardcoded.8b0d1bbeb7","frontstage","hardcoded","src/app/output-center/page.tsx","83","1","unknown","","日本語 (JP)","","Hardcoded UI copy. Migrate to i18n before automatic replacement."
"hardcoded.23a95422d6","frontstage","hardcoded","src/app/output-center/page.tsx","84","1","unknown","","中国語 (CN)","","Hardcoded UI copy. Migrate to i18n before automatic replacement."
"hardcoded.e5878db864","frontstage","hardcoded","src/app/output-center/page.tsx","85","1","unknown","","韓国語 (KR)","","Hardcoded UI copy. Migrate to i18n before automatic replacement."
"hardcoded.a2430e0cda","frontstage","hardcoded","src/app/output-center/page.tsx","86","1","unknown","","前提条件および取引条件の説明","","Hardcoded UI copy. Migrate to i18n before automatic replacement."
"hardcoded.40a92a6481","frontstage","hardcoded","src/app/output-center/page.tsx","87","2","unknown","","佐藤 健一 様","","Hardcoded UI copy. Migrate to i18n before automatic replacement."
"hardcoded.6e2a58a5bb","frontstage","hardcoded","src/app/output-center/page.tsx","88","1","unknown","","2026年3月29日","","Hardcoded UI copy. Migrate to i18n before automatic replacement."
"hardcoded.afa9e15093","frontstage","hardcoded","src/app/output-center/page.tsx","89","2","unknown","","1. 物件概要","","Hardcoded UI copy. Migrate to i18n before automatic replacement."
"hardcoded.18b436f20a","frontstage","hardcoded","src/app/output-center/page.tsx","91","1","unknown","","専有面積","","Hardcoded UI copy. Migrate to i18n before automatic replacement."
"hardcoded.a9b8973b8c","frontstage","hardcoded","src/app/output-center/page.tsx","92","1","unknown","","間取り","","Hardcoded UI copy. Migrate to i18n before automatic replacement."
"hardcoded.38bba2a97e","frontstage","hardcoded","src/app/output-center/page.tsx","93","1","unknown","","東京都港区赤坂9-7-1","","Hardcoded UI copy. Migrate to i18n before automatic replacement."
"hardcoded.0b39346bf9","frontstage","hardcoded","src/app/output-center/page.tsx","96","1","unknown","","2. 取引条件","","Hardcoded UI copy. Migrate to i18n before automatic replacement."
"hardcoded.2a6bfe8d0c","frontstage","hardcoded","src/app/output-center/page.tsx","97","1","unknown","","本説明書は売買契約締結時に、対象物件の権利関係・法的規制・契約条件を説明するものです。","","Hardcoded UI copy. Migrate to i18n before automatic replacement."
"hardcoded.2538ae086e","frontstage","hardcoded","src/app/output-center/page.tsx","98","1","unknown","","現況有姿での引渡しを原則とします。","","Hardcoded UI copy. Migrate to i18n before automatic replacement."
"hardcoded.a3a2e42831","frontstage","hardcoded","src/app/output-center/page.tsx","99","1","unknown","","売買代金の10%を手付金としてお支払いいただきます。","","Hardcoded UI copy. Migrate to i18n before automatic replacement."
"hardcoded.f52bdffa58","frontstage","hardcoded","src/app/output-center/page.tsx","100","1","unknown","","ローン特約期限は契約締結日から21日以内です。","","Hardcoded UI copy. Migrate to i18n before automatic replacement."
"hardcoded.9699b59d73","frontstage","hardcoded","src/app/output-center/page.tsx","101","1","unknown","","3. 署名欄","","Hardcoded UI copy. Migrate to i18n before automatic replacement."
"hardcoded.1857e65a0a","frontstage","hardcoded","src/app/output-center/page.tsx","102","1","unknown","","売主 署名","","Hardcoded UI copy. Migrate to i18n before automatic replacement."
"hardcoded.28dcf7c15d","frontstage","hardcoded","src/app/output-center/page.tsx","103","1","unknown","","買主 署名","","Hardcoded UI copy. Migrate to i18n before automatic replacement."
"hardcoded.ac18361ade","frontstage","hardcoded","src/app/output-center/page.tsx","104","1","unknown","","文書ID","","Hardcoded UI copy. Migrate to i18n before automatic replacement."
"hardcoded.e004400da2","frontstage","hardcoded","src/app/output-center/page.tsx","106","1","unknown","","申込書作成","","Hardcoded UI copy. Migrate to i18n before automatic replacement."
"hardcoded.1b8c7e6914","frontstage","hardcoded","src/app/output-center/page.tsx","107","2","unknown","","保証会社申込書","","Hardcoded UI copy. Migrate to i18n before automatic replacement."
"hardcoded.08e550e843","frontstage","hardcoded","src/app/output-center/page.tsx","108","1","unknown","","確認してから出力","","Hardcoded UI copy. Migrate to i18n before automatic replacement."
"hardcoded.61994fbc82","frontstage","hardcoded","src/app/output-center/page.tsx","109","1","unknown","","現在の案件を確認し、足りない項目だけ補って、選択した保証会社の申込書を出します。","","Hardcoded UI copy. Migrate to i18n before automatic replacement."
"hardcoded.308265af11","frontstage","hardcoded","src/app/output-center/page.tsx","110","1","unknown","","次にやること","","Hardcoded UI copy. Migrate to i18n before automatic replacement."
"hardcoded.16a6dc89d2","frontstage","hardcoded","src/app/output-center/page.tsx","111","1","unknown","","残りの確認項目","","Hardcoded UI copy. Migrate to i18n before automatic replacement."
"hardcoded.5698fb72d6","frontstage","hardcoded","src/app/output-center/page.tsx","113","3","unknown","","保証会社","","Hardcoded UI copy. Migrate to i18n before automatic replacement."
"hardcoded.3324fe95b8","frontstage","hardcoded","src/app/output-center/page.tsx","115","1","unknown","","プレビュー可","","Hardcoded UI copy. Migrate to i18n before automatic replacement."
"hardcoded.1cb0e064d7","frontstage","hardcoded","src/app/output-center/page.tsx","117","1","unknown","","この案件を選ぶ","","Hardcoded UI copy. Migrate to i18n before automatic replacement."
"hardcoded.fadc59fbfc","frontstage","hardcoded","src/app/output-center/page.tsx","119","1","unknown","","詳細を表示","","Hardcoded UI copy. Migrate to i18n before automatic replacement."
"hardcoded.37cca0b5a3","frontstage","hardcoded","src/app/output-center/page.tsx","120","1","unknown","","補助機能を表示","","Hardcoded UI copy. Migrate to i18n before automatic replacement."
"hardcoded.284990a3b4","frontstage","hardcoded","src/app/output-center/page.tsx","122","1","unknown","","確認済み案件がまだありません","","Hardcoded UI copy. Migrate to i18n before automatic replacement."
"hardcoded.e5c88d16de","frontstage","hardcoded","src/app/output-center/page.tsx","124","1","unknown","","申込データ準備","","Hardcoded UI copy. Migrate to i18n before automatic replacement."
"hardcoded.b1cece369e","frontstage","hardcoded","src/app/output-center/page.tsx","125","2","unknown","","会社別追加項目","","Hardcoded UI copy. Migrate to i18n before automatic replacement."
"hardcoded.5e1fac4f1b","frontstage","hardcoded","src/app/output-center/page.tsx","126","1","unknown","","会社別項目を編集","","Hardcoded UI copy. Migrate to i18n before automatic replacement."
"hardcoded.7bb6f0991b","frontstage","hardcoded","src/app/output-center/page.tsx","127","1","unknown","","追加項目入力済み","","Hardcoded UI copy. Migrate to i18n before automatic replacement."
"hardcoded.7d4e4be08e","frontstage","hardcoded","src/app/output-center/page.tsx","128","1","unknown","","追加項目未入力","","Hardcoded UI copy. Migrate to i18n before automatic replacement."
"hardcoded.9f48399fdb","frontstage","hardcoded","src/app/output-center/page.tsx","129","1","unknown","","情報整理で入力","","Hardcoded UI copy. Migrate to i18n before automatic replacement."
"hardcoded.b20a870f0e","frontstage","hardcoded","src/app/output-center/page.tsx","130","1","unknown","","会社別項目で入力","","Hardcoded UI copy. Migrate to i18n before automatic replacement."
"hardcoded.072b33a08c","frontstage","hardcoded","src/app/output-center/page.tsx","131","1","unknown","","不足項目を確認","","Hardcoded UI copy. Migrate to i18n before automatic replacement."
"hardcoded.c00177e85e","frontstage","hardcoded","src/app/output-center/page.tsx","132","1","unknown","","先に対象案件を選択","","Hardcoded UI copy. Migrate to i18n before automatic replacement."
"hardcoded.87b48c4b49","frontstage","hardcoded","src/app/output-center/page.tsx","133","1","unknown","","準備済み","","Hardcoded UI copy. Migrate to i18n before automatic replacement."
"hardcoded.42414c1c45","frontstage","hardcoded","src/app/output-center/page.tsx","136","1","unknown","","必須項目が未完了","","Hardcoded UI copy. Migrate to i18n before automatic replacement."
"hardcoded.08e551759f","frontstage","hardcoded","src/app/output-center/page.tsx","137","1","unknown","","この保証会社の申込書出力は次の対応予定です。まずは不足項目の確認までできます。","","Hardcoded UI copy. Migrate to i18n before automatic replacement."
"hardcoded.9549abc697","frontstage","hardcoded","src/app/output-center/page.tsx","138","1","unknown","","申込書出力は準備中","","Hardcoded UI copy. Migrate to i18n before automatic replacement."
"hardcoded.e3726b5580","frontstage","hardcoded","src/app/output-center/page.tsx","139","1","unknown","","まずPDFをプレビューし、印字位置と入力内容を確認してからダウンロードします。","","Hardcoded UI copy. Migrate to i18n before automatic replacement."
"hardcoded.6360482c49","frontstage","hardcoded","src/app/output-center/page.tsx","140","1","unknown","","{company}申込書をプレビュー","","Hardcoded UI copy. Migrate to i18n before automatic replacement."
"hardcoded.01d15a5475","frontstage","hardcoded","src/app/output-center/page.tsx","141","1","unknown","","案件を選択すると、確認済みデータを使って申込書を出せます。","","Hardcoded UI copy. Migrate to i18n before automatic replacement."
"hardcoded.1994ae4100","frontstage","hardcoded","src/app/output-center/page.tsx","142","1","unknown","","確認済み案件データ","","Hardcoded UI copy. Migrate to i18n before automatic replacement."
"hardcoded.79ac272b0a","frontstage","hardcoded","src/app/output-center/page.tsx","144","1","unknown","","読取内容（確認が必要）","","Hardcoded UI copy. Migrate to i18n before automatic replacement."
"hardcoded.53e4a20587","frontstage","hardcoded","src/app/output-center/page.tsx","146","1","unknown","","案件を確認","","Hardcoded UI copy. Migrate to i18n before automatic replacement."
"hardcoded.b79a4f6b5c","frontstage","hardcoded","src/app/output-center/page.tsx","147","1","unknown","","入力ファイルを取り込む","","Hardcoded UI copy. Migrate to i18n before automatic replacement."
"hardcoded.138212d14b","frontstage","hardcoded","src/app/output-center/page.tsx","148","1","unknown","","既存の出力","","Hardcoded UI copy. Migrate to i18n before automatic replacement."
"hardcoded.c8e021a1cb","frontstage","hardcoded","src/app/output-center/page.tsx","149","1","unknown","","物件概要書や提案関連の既存出力は補助機能として残しています。","","Hardcoded UI copy. Migrate to i18n before automatic replacement."
"hardcoded.a31bb351dd","frontstage","hardcoded","src/app/output-center/page.tsx","152","1","unknown","","选择目标案件和输出范本，然后进入预览或下载。","","Hardcoded UI copy. Migrate to i18n before automatic replacement."
"hardcoded.1dae2d8032","frontstage","hardcoded","src/app/output-center/page.tsx","153","1","unknown","","最近动态","","Hardcoded UI copy. Migrate to i18n before automatic replacement."
"hardcoded.ff31a863f8","frontstage","hardcoded","src/app/output-center/page.tsx","154","1","unknown","","创建提案数据","","Hardcoded UI copy. Migrate to i18n before automatic replacement."
"hardcoded.743aaf951e","frontstage","hardcoded","src/app/output-center/page.tsx","155","2","unknown","","已选择","","Hardcoded UI copy. Migrate to i18n before automatic replacement."
"hardcoded.171d7e6b17","frontstage","hardcoded","src/app/output-center/page.tsx","156","1","unknown","","选择保证会社","","Hardcoded UI copy. Migrate to i18n before automatic replacement."
"hardcoded.3e9129b533","frontstage","hardcoded","src/app/output-center/page.tsx","157","1","unknown","","生成检查","","Hardcoded UI copy. Migrate to i18n before automatic replacement."
"hardcoded.68ba5b0a75","frontstage","hardcoded","src/app/output-center/page.tsx","158","1","unknown","","目标提案（用于费用/资金计划）","","Hardcoded UI copy. Migrate to i18n before automatic replacement."
"hardcoded.4257ab10d6","frontstage","hardcoded","src/app/output-center/page.tsx","159","2","unknown","","目标物件","","Hardcoded UI copy. Migrate to i18n before automatic replacement."
"hardcoded.3a138d8695","frontstage","hardcoded","src/app/output-center/page.tsx","160","1","unknown","","目标主体","","Hardcoded UI copy. Migrate to i18n before automatic replacement."
"hardcoded.b015409988","frontstage","hardcoded","src/app/output-center/page.tsx","161","1","unknown","","输出格式","","Hardcoded UI copy. Migrate to i18n before automatic replacement."
"hardcoded.cd99b225a0","frontstage","hardcoded","src/app/output-center/page.tsx","162","1","unknown","","语言","","Hardcoded UI copy. Migrate to i18n before automatic replacement."
"hardcoded.8d9afbac64","frontstage","hardcoded","src/app/output-center/page.tsx","163","1","unknown","","输出文书","","Hardcoded UI copy. Migrate to i18n before automatic replacement."
"hardcoded.a974a93b70","frontstage","hardcoded","src/app/output-center/page.tsx","164","1","unknown","","输出历史","","Hardcoded UI copy. Migrate to i18n before automatic replacement."
"hardcoded.c12692ac91","frontstage","hardcoded","src/app/output-center/page.tsx","165","1","unknown","","范本使用情况","","Hardcoded UI copy. Migrate to i18n before automatic replacement."
"hardcoded.72530f7500","frontstage","hardcoded","src/app/output-center/page.tsx","166","1","unknown","","查看已生成文件使用过哪些范本","","Hardcoded UI copy. Migrate to i18n before automatic replacement."
"hardcoded.34ba7c6ba3","frontstage","hardcoded","src/app/output-center/page.tsx","167","1","unknown","","有范本记录","","Hardcoded UI copy. Migrate to i18n before automatic replacement."
"hardcoded.cc64f07031","frontstage","hardcoded","src/app/output-center/page.tsx","168","2","unknown","","未记录范本","","Hardcoded UI copy. Migrate to i18n before automatic replacement."
"hardcoded.774489d80b","frontstage","hardcoded","src/app/output-center/page.tsx","169","1","unknown","","常用范本","","Hardcoded UI copy. Migrate to i18n before automatic replacement."
"hardcoded.ed2172fd78","frontstage","hardcoded","src/app/output-center/page.tsx","170","2","unknown","","查看全部","","Hardcoded UI copy. Migrate to i18n before automatic replacement."
"hardcoded.fa6968d9f0","frontstage","hardcoded","src/app/output-center/page.tsx","171","1","unknown","","全部类型","","Hardcoded UI copy. Migrate to i18n before automatic replacement."
"hardcoded.5924113b5c","frontstage","hardcoded","src/app/output-center/page.tsx","172","1","unknown","","全部语言","","Hardcoded UI copy. Migrate to i18n before automatic replacement."
"hardcoded.a68d405fe5","frontstage","hardcoded","src/app/output-center/page.tsx","173","1","unknown","","全部格式","","Hardcoded UI copy. Migrate to i18n before automatic replacement."
"hardcoded.b0be143ef1","frontstage","hardcoded","src/app/output-center/page.tsx","174","1","unknown","","全部范本","","Hardcoded UI copy. Migrate to i18n before automatic replacement."
"hardcoded.8e7e7a3453","frontstage","hardcoded","src/app/output-center/page.tsx","176","1","unknown","","使用范本","","Hardcoded UI copy. Migrate to i18n before automatic replacement."
"hardcoded.1e2e09a821","frontstage","hardcoded","src/app/output-center/page.tsx","179","1","unknown","","使用情况 CSV","","Hardcoded UI copy. Migrate to i18n before automatic replacement."
"hardcoded.ff55e317ca","frontstage","hardcoded","src/app/output-center/page.tsx","180","1","unknown","","当前筛选条件下暂无输出记录。","","Hardcoded UI copy. Migrate to i18n before automatic replacement."
"hardcoded.08be1e8e43","frontstage","hardcoded","src/app/output-center/page.tsx","181","1","unknown","","PDF 预览","","Hardcoded UI copy. Migrate to i18n before automatic replacement."
"hardcoded.2b9d013177","frontstage","hardcoded","src/app/output-center/page.tsx","182","1","unknown","","下载","","Hardcoded UI copy. Migrate to i18n before automatic replacement."
"hardcoded.e7209e0dd4","frontstage","hardcoded","src/app/output-center/page.tsx","183","1","unknown","","面向对象","","Hardcoded UI copy. Migrate to i18n before automatic replacement."
"hardcoded.0b8bcd58b1","frontstage","hardcoded","src/app/output-center/page.tsx","184","1","unknown","","签发日期","","Hardcoded UI copy. Migrate to i18n before automatic replacement."
"hardcoded.73422182ab","frontstage","hardcoded","src/app/output-center/page.tsx","185","1","unknown","","页","","Hardcoded UI copy. Migrate to i18n before automatic replacement."
"hardcoded.26e7b58899","frontstage","hardcoded","src/app/output-center/page.tsx","186","1","unknown","","天际公寓 - 1402室","","Hardcoded UI copy. Migrate to i18n before automatic replacement."
"hardcoded.911e73380d","frontstage","hardcoded","src/app/output-center/page.tsx","187","1","unknown","","河畔花园 - 顶层B","","Hardcoded UI copy. Migrate to i18n before automatic replacement."
"hardcoded.c361618f87","frontstage","hardcoded","src/app/output-center/page.tsx","188","1","unknown","","佐藤健一（意向客户）","","Hardcoded UI copy. Migrate to i18n before automatic replacement."
"hardcoded.e8ad0ccb52","frontstage","hardcoded","src/app/output-center/page.tsx","189","1","unknown","","Elena Rodriguez（投资方）","","Hardcoded UI copy. Migrate to i18n before automatic replacement."
"hardcoded.19bf46931f","frontstage","hardcoded","src/app/output-center/page.tsx","192","1","unknown","","日语 (JP)","","Hardcoded UI copy. Migrate to i18n before automatic replacement."
"hardcoded.cba50e470e","frontstage","hardcoded","src/app/output-center/page.tsx","193","1","unknown","","中文 (CN)","","Hardcoded UI copy. Migrate to i18n before automatic replacement."
"hardcoded.aa7cece3c9","frontstage","hardcoded","src/app/output-center/page.tsx","194","1","unknown","","韩语 (KR)","","Hardcoded UI copy. Migrate to i18n before automatic replacement."
"hardcoded.5347b00611","frontstage","hardcoded","src/app/output-center/page.tsx","195","1","unknown","","前提条件与交易条款说明","","Hardcoded UI copy. Migrate to i18n before automatic replacement."
"hardcoded.1f34d17b62","frontstage","hardcoded","src/app/output-center/page.tsx","196","1","unknown","","佐藤健一 先生","","Hardcoded UI copy. Migrate to i18n before automatic replacement."
"hardcoded.2a186cac80","frontstage","hardcoded","src/app/output-center/page.tsx","200","1","unknown","","专有面积","","Hardcoded UI copy. Migrate to i18n before automatic replacement."
"hardcoded.5f14652e91","frontstage","hardcoded","src/app/output-center/page.tsx","201","1","unknown","","户型","","Hardcoded UI copy. Migrate to i18n before automatic replacement."
"hardcoded.44c2266621","frontstage","hardcoded","src/app/output-center/page.tsx","202","1","unknown","","东京都港区赤坂9-7-1","","Hardcoded UI copy. Migrate to i18n before automatic replacement."
"hardcoded.f4c8315180","frontstage","hardcoded","src/app/output-center/page.tsx","204","1","unknown","","2室1厅","","Hardcoded UI copy. Migrate to i18n before automatic replacement."
"hardcoded.be874cb3aa","frontstage","hardcoded","src/app/output-center/page.tsx","205","1","unknown","","2. 交易条件","","Hardcoded UI copy. Migrate to i18n before automatic replacement."
"hardcoded.8a5fb7211d","frontstage","hardcoded","src/app/output-center/page.tsx","206","1","unknown","","本说明用于在签约前说明目标物件的权利关系、法律限制及主要交易条件。","","Hardcoded UI copy. Migrate to i18n before automatic replacement."
"hardcoded.d33c30f36c","frontstage","hardcoded","src/app/output-center/page.tsx","207","1","unknown","","原则上按现状交付。","","Hardcoded UI copy. Migrate to i18n before automatic replacement."
"hardcoded.56d02962da","frontstage","hardcoded","src/app/output-center/page.tsx","208","1","unknown","","需支付成交价 10% 作为定金。","","Hardcoded UI copy. Migrate to i18n before automatic replacement."
"hardcoded.221d745eb1","frontstage","hardcoded","src/app/output-center/page.tsx","209","1","unknown","","贷款特约期限为签约日起 21 日内。","","Hardcoded UI copy. Migrate to i18n before automatic replacement."
"hardcoded.b2eacbfa77","frontstage","hardcoded","src/app/output-center/page.tsx","210","1","unknown","","3. 签署栏","","Hardcoded UI copy. Migrate to i18n before automatic replacement."
"hardcoded.ccbabc5648","frontstage","hardcoded","src/app/output-center/page.tsx","211","1","unknown","","卖方签署","","Hardcoded UI copy. Migrate to i18n before automatic replacement."
"hardcoded.b0d4c3c3d3","frontstage","hardcoded","src/app/output-center/page.tsx","212","1","unknown","","买方签署","","Hardcoded UI copy. Migrate to i18n before automatic replacement."
"hardcoded.b3937ab894","frontstage","hardcoded","src/app/output-center/page.tsx","213","1","unknown","","文档ID","","Hardcoded UI copy. Migrate to i18n before automatic replacement."
"hardcoded.e1122baa32","frontstage","hardcoded","src/app/output-center/page.tsx","215","1","unknown","","申请书创建","","Hardcoded UI copy. Migrate to i18n before automatic replacement."
"hardcoded.f7ab8449fa","frontstage","hardcoded","src/app/output-center/page.tsx","216","1","unknown","","保证会社申请书","","Hardcoded UI copy. Migrate to i18n before automatic replacement."
"hardcoded.4b6bd730ed","frontstage","hardcoded","src/app/output-center/page.tsx","217","1","unknown","","确认后输出","","Hardcoded UI copy. Migrate to i18n before automatic replacement."
"hardcoded.ed7cb9648e","frontstage","hardcoded","src/app/output-center/page.tsx","218","1","unknown","","确认当前案件，只补齐缺失项，然后输出所选保证会社申请书。","","Hardcoded UI copy. Migrate to i18n before automatic replacement."
"hardcoded.5dbd32ee29","frontstage","hardcoded","src/app/output-center/page.tsx","220","1","unknown","","剩余确认项","","Hardcoded UI copy. Migrate to i18n before automatic replacement."
"hardcoded.6fe2ada92e","frontstage","hardcoded","src/app/output-center/page.tsx","222","2","unknown","","保证会社","","Hardcoded UI copy. Migrate to i18n before automatic replacement."
"hardcoded.de61aa8e1c","frontstage","hardcoded","src/app/output-center/page.tsx","223","2","unknown","","预览","","Hardcoded UI copy. Migrate to i18n before automatic replacement."
"hardcoded.95cb69c63c","frontstage","hardcoded","src/app/output-center/page.tsx","224","1","unknown","","可预览","","Hardcoded UI copy. Migrate to i18n before automatic replacement."
"hardcoded.b61b08aec3","frontstage","hardcoded","src/app/output-center/page.tsx","225","1","unknown","","未完成","","Hardcoded UI copy. Migrate to i18n before automatic replacement."
"hardcoded.f5791f4ccc","frontstage","hardcoded","src/app/output-center/page.tsx","226","1","unknown","","选择这个案件","","Hardcoded UI copy. Migrate to i18n before automatic replacement."
"hardcoded.a674cb6988","frontstage","hardcoded","src/app/output-center/page.tsx","228","1","unknown","","显示详情","","Hardcoded UI copy. Migrate to i18n before automatic replacement."
"hardcoded.32c69f105b","frontstage","hardcoded","src/app/output-center/page.tsx","229","1","unknown","","显示辅助功能","","Hardcoded UI copy. Migrate to i18n before automatic replacement."
"hardcoded.2866651efb","frontstage","hardcoded","src/app/output-center/page.tsx","230","1","unknown","","目标案件","","Hardcoded UI copy. Migrate to i18n before automatic replacement."
"hardcoded.5ad39d34d2","frontstage","hardcoded","src/app/output-center/page.tsx","231","1","unknown","","暂无已确认案件","","Hardcoded UI copy. Migrate to i18n before automatic replacement."
"hardcoded.c36675cb8f","frontstage","hardcoded","src/app/output-center/page.tsx","233","1","unknown","","申请数据准备度","","Hardcoded UI copy. Migrate to i18n before automatic replacement."
"hardcoded.ed1d05b489","frontstage","hardcoded","src/app/output-center/page.tsx","234","2","unknown","","会社别追加项目","","Hardcoded UI copy. Migrate to i18n before automatic replacement."
"hardcoded.f79085269e","frontstage","hardcoded","src/app/output-center/page.tsx","235","1","unknown","","编辑会社别项目","","Hardcoded UI copy. Migrate to i18n before automatic replacement."
"hardcoded.50144b6ddb","frontstage","hardcoded","src/app/output-center/page.tsx","236","1","unknown","","追加项目已填写","","Hardcoded UI copy. Migrate to i18n before automatic replacement."
"hardcoded.d352748829","frontstage","hardcoded","src/app/output-center/page.tsx","237","1","unknown","","追加项目未填写","","Hardcoded UI copy. Migrate to i18n before automatic replacement."
"hardcoded.8c3356cacd","frontstage","hardcoded","src/app/output-center/page.tsx","238","1","unknown","","到信息整理页填写","","Hardcoded UI copy. Migrate to i18n before automatic replacement."
"hardcoded.180ca36e76","frontstage","hardcoded","src/app/output-center/page.tsx","239","1","unknown","","到会社别项目填写","","Hardcoded UI copy. Migrate to i18n before automatic replacement."
"hardcoded.5df73e3083","frontstage","hardcoded","src/app/output-center/page.tsx","240","1","unknown","","查看缺失项","","Hardcoded UI copy. Migrate to i18n before automatic replacement."
"hardcoded.f746bfc13c","frontstage","hardcoded","src/app/output-center/page.tsx","241","1","unknown","","请先选择目标案件","","Hardcoded UI copy. Migrate to i18n before automatic replacement."
"hardcoded.f2afde8960","frontstage","hardcoded","src/app/output-center/page.tsx","242","1","unknown","","已就绪","","Hardcoded UI copy. Migrate to i18n before automatic replacement."
"hardcoded.038add642d","frontstage","hardcoded","src/app/output-center/page.tsx","245","1","unknown","","必填项未完成","","Hardcoded UI copy. Migrate to i18n before automatic replacement."
"hardcoded.baf478fcbf","frontstage","hardcoded","src/app/output-center/page.tsx","246","1","unknown","","该保证会社的申请书输出将在下一阶段支持。当前可先确认缺失项。","","Hardcoded UI copy. Migrate to i18n before automatic replacement."
"hardcoded.ba38c457f7","frontstage","hardcoded","src/app/output-center/page.tsx","247","1","unknown","","申请书输出准备中","","Hardcoded UI copy. Migrate to i18n before automatic replacement."
"hardcoded.311457feea","frontstage","hardcoded","src/app/output-center/page.tsx","248","1","unknown","","先预览 PDF，确认印字位置和填写内容后再下载。","","Hardcoded UI copy. Migrate to i18n before automatic replacement."
"hardcoded.e890e7262a","frontstage","hardcoded","src/app/output-center/page.tsx","249","1","unknown","","预览{company}申请书","","Hardcoded UI copy. Migrate to i18n before automatic replacement."
"hardcoded.b900275720","frontstage","hardcoded","src/app/output-center/page.tsx","250","1","unknown","","选择案件后，可使用已确认数据输出申请书。","","Hardcoded UI copy. Migrate to i18n before automatic replacement."
"hardcoded.d00b07aab7","frontstage","hardcoded","src/app/output-center/page.tsx","251","1","unknown","","已确认案件数据","","Hardcoded UI copy. Migrate to i18n before automatic replacement."
"hardcoded.89a5fc16e0","frontstage","hardcoded","src/app/output-center/page.tsx","253","1","unknown","","读取内容（需确认）","","Hardcoded UI copy. Migrate to i18n before automatic replacement."
"hardcoded.b0dfa785dd","frontstage","hardcoded","src/app/output-center/page.tsx","255","1","unknown","","查看案件","","Hardcoded UI copy. Migrate to i18n before automatic replacement."
"hardcoded.ff86613c31","frontstage","hardcoded","src/app/output-center/page.tsx","256","1","unknown","","导入输入文件","","Hardcoded UI copy. Migrate to i18n before automatic replacement."
"hardcoded.94aefae386","frontstage","hardcoded","src/app/output-center/page.tsx","257","1","unknown","","既有输出","","Hardcoded UI copy. Migrate to i18n before automatic replacement."
"hardcoded.02a3a4f7ba","frontstage","hardcoded","src/app/output-center/page.tsx","258","1","unknown","","物件概要书与提案相关既有输出保留为辅助功能。","","Hardcoded UI copy. Migrate to i18n before automatic replacement."
"hardcoded.f5c91d70a8","frontstage","hardcoded","src/app/output-center/page.tsx","261","1","unknown","","대상 안건을 선택하고 출력 템플릿과 미리보기로 이동합니다.","","Hardcoded UI copy. Migrate to i18n before automatic replacement."
"hardcoded.cfc809ff6c","frontstage","hardcoded","src/app/output-center/page.tsx","262","1","unknown","","최근 활동","","Hardcoded UI copy. Migrate to i18n before automatic replacement."
"hardcoded.040863bc02","frontstage","hardcoded","src/app/output-center/page.tsx","263","1","unknown","","제안 데이터 작성","","Hardcoded UI copy. Migrate to i18n before automatic replacement."
"hardcoded.c7cad5ad9b","frontstage","hardcoded","src/app/output-center/page.tsx","264","2","unknown","","선택됨","","Hardcoded UI copy. Migrate to i18n before automatic replacement."
"hardcoded.b22a768675","frontstage","hardcoded","src/app/output-center/page.tsx","265","1","unknown","","보증회사 선택","","Hardcoded UI copy. Migrate to i18n before automatic replacement."
"hardcoded.885fa06168","frontstage","hardcoded","src/app/output-center/page.tsx","266","1","unknown","","생성 점검","","Hardcoded UI copy. Migrate to i18n before automatic replacement."
"hardcoded.0f4f787228","frontstage","hardcoded","src/app/output-center/page.tsx","267","1","unknown","","대상 제안(비용/자금계획용)","","Hardcoded UI copy. Migrate to i18n before automatic replacement."
"hardcoded.4e8a6febf5","frontstage","hardcoded","src/app/output-center/page.tsx","268","2","unknown","","대상 매물","","Hardcoded UI copy. Migrate to i18n before automatic replacement."
"hardcoded.3be25a5823","frontstage","hardcoded","src/app/output-center/page.tsx","269","1","unknown","","대상 관계자","","Hardcoded UI copy. Migrate to i18n before automatic replacement."
"hardcoded.a4c5b68b28","frontstage","hardcoded","src/app/output-center/page.tsx","270","1","unknown","","출력 형식","","Hardcoded UI copy. Migrate to i18n before automatic replacement."
"hardcoded.1a723e1dbb","frontstage","hardcoded","src/app/output-center/page.tsx","271","1","unknown","","언어","","Hardcoded UI copy. Migrate to i18n before automatic replacement."
"hardcoded.9bf1c219d9","frontstage","hardcoded","src/app/output-center/page.tsx","272","3","unknown","","문서 출력","","Hardcoded UI copy. Migrate to i18n before automatic replacement."
"hardcoded.689cbe2454","frontstage","hardcoded","src/app/output-center/page.tsx","273","1","unknown","","출력 이력","","Hardcoded UI copy. Migrate to i18n before automatic replacement."
"hardcoded.0965d5a921","frontstage","hardcoded","src/app/output-center/page.tsx","274","1","unknown","","템플릿 사용 현황","","Hardcoded UI copy. Migrate to i18n before automatic replacement."
"hardcoded.6f0d4559b0","frontstage","hardcoded","src/app/output-center/page.tsx","275","1","unknown","","현재 이력 조건에서 사용된 템플릿 기록","","Hardcoded UI copy. Migrate to i18n before automatic replacement."
"hardcoded.a50d666a0f","frontstage","hardcoded","src/app/output-center/page.tsx","276","1","unknown","","기록 있음","","Hardcoded UI copy. Migrate to i18n before automatic replacement."
"hardcoded.2de2809975","frontstage","hardcoded","src/app/output-center/page.tsx","277","1","unknown","","기록 없음","","Hardcoded UI copy. Migrate to i18n before automatic replacement."
"hardcoded.4a97102d25","frontstage","hardcoded","src/app/output-center/page.tsx","278","1","unknown","","자주 쓰는 템플릿","","Hardcoded UI copy. Migrate to i18n before automatic replacement."
"hardcoded.1f9029ebd4","frontstage","hardcoded","src/app/output-center/page.tsx","279","2","unknown","","전체 보기","","Hardcoded UI copy. Migrate to i18n before automatic replacement."
"hardcoded.b8bb52581e","frontstage","hardcoded","src/app/output-center/page.tsx","280","1","unknown","","전체 유형","","Hardcoded UI copy. Migrate to i18n before automatic replacement."
"hardcoded.69f14b1aaf","frontstage","hardcoded","src/app/output-center/page.tsx","281","1","unknown","","전체 언어","","Hardcoded UI copy. Migrate to i18n before automatic replacement."
"hardcoded.4b1485ad7e","frontstage","hardcoded","src/app/output-center/page.tsx","282","1","unknown","","전체 형식","","Hardcoded UI copy. Migrate to i18n before automatic replacement."
"hardcoded.8b079bfde2","frontstage","hardcoded","src/app/output-center/page.tsx","283","1","unknown","","전체 템플릿","","Hardcoded UI copy. Migrate to i18n before automatic replacement."
"hardcoded.9bbd6ecea7","frontstage","hardcoded","src/app/output-center/page.tsx","284","1","unknown","","템플릿 미기록","","Hardcoded UI copy. Migrate to i18n before automatic replacement."
"hardcoded.40948e9998","frontstage","hardcoded","src/app/output-center/page.tsx","285","2","unknown","","사용 템플릿","","Hardcoded UI copy. Migrate to i18n before automatic replacement."
"hardcoded.245c9e6c11","frontstage","hardcoded","src/app/output-center/page.tsx","288","1","unknown","","사용 현황 CSV","","Hardcoded UI copy. Migrate to i18n before automatic replacement."
"hardcoded.43ff8620f7","frontstage","hardcoded","src/app/output-center/page.tsx","289","1","unknown","","현재 필터 조건에 맞는 출력 이력이 없습니다.","","Hardcoded UI copy. Migrate to i18n before automatic replacement."
"hardcoded.0d7e3a0d78","frontstage","hardcoded","src/app/output-center/page.tsx","290","1","unknown","","PDF 미리보기","","Hardcoded UI copy. Migrate to i18n before automatic replacement."
"hardcoded.5c5095ab96","frontstage","hardcoded","src/app/output-center/page.tsx","291","1","unknown","","다운로드","","Hardcoded UI copy. Migrate to i18n before automatic replacement."
"hardcoded.b28a1a0f2d","frontstage","hardcoded","src/app/output-center/page.tsx","292","1","unknown","","제출 대상","","Hardcoded UI copy. Migrate to i18n before automatic replacement."
"hardcoded.be31a84d87","frontstage","hardcoded","src/app/output-center/page.tsx","293","2","unknown","","발행일","","Hardcoded UI copy. Migrate to i18n before automatic replacement."
"hardcoded.5123763a37","frontstage","hardcoded","src/app/output-center/page.tsx","294","1","unknown","","페이지","","Hardcoded UI copy. Migrate to i18n before automatic replacement."
"hardcoded.cd72c22d55","frontstage","hardcoded","src/app/output-center/page.tsx","295","1","unknown","","스카이라인 레지던스 - 1402호","","Hardcoded UI copy. Migrate to i18n before automatic replacement."
"hardcoded.2c351505ec","frontstage","hardcoded","src/app/output-center/page.tsx","296","1","unknown","","리버사이드 가든스 - 펜트하우스 B","","Hardcoded UI copy. Migrate to i18n before automatic replacement."
"hardcoded.79ab6eb475","frontstage","hardcoded","src/app/output-center/page.tsx","297","1","unknown","","사토 켄이치(구매 검토)","","Hardcoded UI copy. Migrate to i18n before automatic replacement."
"hardcoded.e640c4d13b","frontstage","hardcoded","src/app/output-center/page.tsx","298","1","unknown","","엘레나 로드리게스(투자자)","","Hardcoded UI copy. Migrate to i18n before automatic replacement."
"hardcoded.440b0acccc","frontstage","hardcoded","src/app/output-center/page.tsx","301","1","unknown","","일본어 (JP)","","Hardcoded UI copy. Migrate to i18n before automatic replacement."
"hardcoded.98dd29538f","frontstage","hardcoded","src/app/output-center/page.tsx","302","1","unknown","","중국어 (CN)","","Hardcoded UI copy. Migrate to i18n before automatic replacement."
"hardcoded.bcde683c48","frontstage","hardcoded","src/app/output-center/page.tsx","303","1","unknown","","한국어 (KR)","","Hardcoded UI copy. Migrate to i18n before automatic replacement."
"hardcoded.c8e9f126ef","frontstage","hardcoded","src/app/output-center/page.tsx","304","1","unknown","","전제 조건 및 거래 조건 설명","","Hardcoded UI copy. Migrate to i18n before automatic replacement."
"hardcoded.23eaf423fd","frontstage","hardcoded","src/app/output-center/page.tsx","305","1","unknown","","사토 켄이치 님","","Hardcoded UI copy. Migrate to i18n before automatic replacement."
"hardcoded.b5527ef190","frontstage","hardcoded","src/app/output-center/page.tsx","307","1","unknown","","1. 매물 개요","","Hardcoded UI copy. Migrate to i18n before automatic replacement."
"hardcoded.117bab8097","frontstage","hardcoded","src/app/output-center/page.tsx","308","2","unknown","","주소","","Hardcoded UI copy. Migrate to i18n before automatic replacement."
"hardcoded.55c4b68300","frontstage","hardcoded","src/app/output-center/page.tsx","309","1","unknown","","전용 면적","","Hardcoded UI copy. Migrate to i18n before automatic replacement."
"hardcoded.090a643c3c","frontstage","hardcoded","src/app/output-center/page.tsx","310","1","unknown","","구조","","Hardcoded UI copy. Migrate to i18n before automatic replacement."
"hardcoded.efb15ab5b4","frontstage","hardcoded","src/app/output-center/page.tsx","311","1","unknown","","도쿄도 미나토구 아카사카 9-7-1","","Hardcoded UI copy. Migrate to i18n before automatic replacement."
"hardcoded.bea92f3e4d","frontstage","hardcoded","src/app/output-center/page.tsx","314","1","unknown","","2. 거래 조건","","Hardcoded UI copy. Migrate to i18n before automatic replacement."
"hardcoded.98b7ac316a","frontstage","hardcoded","src/app/output-center/page.tsx","315","1","unknown","","본 설명서는 계약 체결 전 대상 매물의 권리관계, 법적 규제, 계약 조건을 안내합니다.","","Hardcoded UI copy. Migrate to i18n before automatic replacement."
"hardcoded.f38bc7d85a","frontstage","hardcoded","src/app/output-center/page.tsx","316","1","unknown","","현 상태 기준 인도를 원칙으로 합니다.","","Hardcoded UI copy. Migrate to i18n before automatic replacement."
"hardcoded.36964dc799","frontstage","hardcoded","src/app/output-center/page.tsx","317","1","unknown","","매매대금의 10%를 계약금으로 납부합니다.","","Hardcoded UI copy. Migrate to i18n before automatic replacement."
"hardcoded.4eb6764834","frontstage","hardcoded","src/app/output-center/page.tsx","318","1","unknown","","대출 특약 기한은 계약 체결일로부터 21일 이내입니다.","","Hardcoded UI copy. Migrate to i18n before automatic replacement."
"hardcoded.c8e1935020","frontstage","hardcoded","src/app/output-center/page.tsx","319","1","unknown","","3. 서명란","","Hardcoded UI copy. Migrate to i18n before automatic replacement."
"hardcoded.31d2ed1512","frontstage","hardcoded","src/app/output-center/page.tsx","320","1","unknown","","매도인 서명","","Hardcoded UI copy. Migrate to i18n before automatic replacement."
"hardcoded.46b530e374","frontstage","hardcoded","src/app/output-center/page.tsx","321","1","unknown","","매수인 서명","","Hardcoded UI copy. Migrate to i18n before automatic replacement."
"hardcoded.34aac82720","frontstage","hardcoded","src/app/output-center/page.tsx","322","1","unknown","","문서ID","","Hardcoded UI copy. Migrate to i18n before automatic replacement."
"hardcoded.e601b75fc3","frontstage","hardcoded","src/app/output-center/page.tsx","324","1","unknown","","신청서 작성","","Hardcoded UI copy. Migrate to i18n before automatic replacement."
"hardcoded.580c1ba951","frontstage","hardcoded","src/app/output-center/page.tsx","325","2","unknown","","보증회사 신청서","","Hardcoded UI copy. Migrate to i18n before automatic replacement."
"hardcoded.020ba55c8f","frontstage","hardcoded","src/app/output-center/page.tsx","326","1","unknown","","확인 후 출력","","Hardcoded UI copy. Migrate to i18n before automatic replacement."
"hardcoded.f35207f0b8","frontstage","hardcoded","src/app/output-center/page.tsx","327","1","unknown","","현재 안건을 확인하고 부족한 항목만 보완한 뒤 선택한 보증회사 신청서를 출력합니다.","","Hardcoded UI copy. Migrate to i18n before automatic replacement."
"hardcoded.4e585e5681","frontstage","hardcoded","src/app/output-center/page.tsx","328","2","unknown","","다음 작업","","Hardcoded UI copy. Migrate to i18n before automatic replacement."
"hardcoded.c80abff473","frontstage","hardcoded","src/app/output-center/page.tsx","329","1","unknown","","남은 확인 항목","","Hardcoded UI copy. Migrate to i18n before automatic replacement."
"hardcoded.810e0f4c45","frontstage","hardcoded","src/app/output-center/page.tsx","331","2","unknown","","보증회사","","Hardcoded UI copy. Migrate to i18n before automatic replacement."
"hardcoded.2f1c9d7bd8","frontstage","hardcoded","src/app/output-center/page.tsx","332","2","unknown","","미리보기","","Hardcoded UI copy. Migrate to i18n before automatic replacement."
"hardcoded.3a7c4a28cf","frontstage","hardcoded","src/app/output-center/page.tsx","333","1","unknown","","미리보기 가능","","Hardcoded UI copy. Migrate to i18n before automatic replacement."
"hardcoded.1c20b349d1","frontstage","hardcoded","src/app/output-center/page.tsx","334","2","unknown","","미완료","","Hardcoded UI copy. Migrate to i18n before automatic replacement."
"hardcoded.4f4b921e97","frontstage","hardcoded","src/app/output-center/page.tsx","335","1","unknown","","이 안건 선택","","Hardcoded UI copy. Migrate to i18n before automatic replacement."
"hardcoded.2d2accedeb","frontstage","hardcoded","src/app/output-center/page.tsx","336","1","unknown","","갱신","","Hardcoded UI copy. Migrate to i18n before automatic replacement."
"hardcoded.46c1d9b6b4","frontstage","hardcoded","src/app/output-center/page.tsx","337","1","unknown","","상세 표시","","Hardcoded UI copy. Migrate to i18n before automatic replacement."
"hardcoded.bf71027fc1","frontstage","hardcoded","src/app/output-center/page.tsx","338","1","unknown","","보조 기능 표시","","Hardcoded UI copy. Migrate to i18n before automatic replacement."
"hardcoded.d98cd53df4","frontstage","hardcoded","src/app/output-center/page.tsx","339","1","unknown","","대상 안건","","Hardcoded UI copy. Migrate to i18n before automatic replacement."
"hardcoded.20a2aa0f00","frontstage","hardcoded","src/app/output-center/page.tsx","340","1","unknown","","확인된 안건이 아직 없습니다","","Hardcoded UI copy. Migrate to i18n before automatic replacement."
"hardcoded.d85d298ba3","frontstage","hardcoded","src/app/output-center/page.tsx","342","1","unknown","","신청 데이터 준비도","","Hardcoded UI copy. Migrate to i18n before automatic replacement."
"hardcoded.465db23861","frontstage","hardcoded","src/app/output-center/page.tsx","343","2","unknown","","회사별 추가 항목","","Hardcoded UI copy. Migrate to i18n before automatic replacement."
"hardcoded.e9916eaba8","frontstage","hardcoded","src/app/output-center/page.tsx","344","1","unknown","","회사별 항목 편집","","Hardcoded UI copy. Migrate to i18n before automatic replacement."
"hardcoded.7516e94372","frontstage","hardcoded","src/app/output-center/page.tsx","345","1","unknown","","추가 항목 입력됨","","Hardcoded UI copy. Migrate to i18n before automatic replacement."
"hardcoded.c2a9b35e7b","frontstage","hardcoded","src/app/output-center/page.tsx","346","1","unknown","","추가 항목 미입력","","Hardcoded UI copy. Migrate to i18n before automatic replacement."
"hardcoded.e4e63b9e15","frontstage","hardcoded","src/app/output-center/page.tsx","347","1","unknown","","정보 정리에서 입력","","Hardcoded UI copy. Migrate to i18n before automatic replacement."
"hardcoded.8ec5d1a01e","frontstage","hardcoded","src/app/output-center/page.tsx","348","1","unknown","","회사별 항목에서 입력","","Hardcoded UI copy. Migrate to i18n before automatic replacement."
"hardcoded.c9847b3040","frontstage","hardcoded","src/app/output-center/page.tsx","349","1","unknown","","부족 항목 확인","","Hardcoded UI copy. Migrate to i18n before automatic replacement."
"hardcoded.2a94ff1d8c","frontstage","hardcoded","src/app/output-center/page.tsx","350","1","unknown","","먼저 대상 안건 선택","","Hardcoded UI copy. Migrate to i18n before automatic replacement."
"hardcoded.01459ff40a","frontstage","hardcoded","src/app/output-center/page.tsx","351","1","unknown","","준비됨","","Hardcoded UI copy. Migrate to i18n before automatic replacement."
"hardcoded.7083d531bc","frontstage","hardcoded","src/app/output-center/page.tsx","354","1","unknown","","필수 항목 미완료","","Hardcoded UI copy. Migrate to i18n before automatic replacement."
"hardcoded.e33cad6f4b","frontstage","hardcoded","src/app/output-center/page.tsx","355","1","unknown","","이 보증회사의 신청서 출력은 다음 단계에서 지원합니다. 지금은 부족 항목 확인까지 가능합니다.","","Hardcoded UI copy. Migrate to i18n before automatic replacement."
"hardcoded.f619376c86","frontstage","hardcoded","src/app/output-center/page.tsx","356","1","unknown","","신청서 출력 준비 중","","Hardcoded UI copy. Migrate to i18n before automatic replacement."
"hardcoded.9c894b7bb2","frontstage","hardcoded","src/app/output-center/page.tsx","357","1","unknown","","먼저 PDF를 미리 보고 인쇄 위치와 입력 내용을 확인한 뒤 다운로드합니다.","","Hardcoded UI copy. Migrate to i18n before automatic replacement."
"hardcoded.a12c705ce7","frontstage","hardcoded","src/app/output-center/page.tsx","358","1","unknown","","{company} 신청서 미리보기","","Hardcoded UI copy. Migrate to i18n before automatic replacement."
"hardcoded.1f0b25f9ec","frontstage","hardcoded","src/app/output-center/page.tsx","359","1","unknown","","안건을 선택하면 확인된 데이터로 신청서를 출력할 수 있습니다.","","Hardcoded UI copy. Migrate to i18n before automatic replacement."
"hardcoded.fff0edaf87","frontstage","hardcoded","src/app/output-center/page.tsx","360","1","unknown","","확인된 안건 데이터","","Hardcoded UI copy. Migrate to i18n before automatic replacement."
"hardcoded.c8be0ca0df","frontstage","hardcoded","src/app/output-center/page.tsx","362","1","unknown","","후보값(확인 필요)","","Hardcoded UI copy. Migrate to i18n before automatic replacement."
"hardcoded.0dcfc4b9ca","frontstage","hardcoded","src/app/output-center/page.tsx","364","1","unknown","","안건 확인","","Hardcoded UI copy. Migrate to i18n before automatic replacement."
"hardcoded.15a7819a7a","frontstage","hardcoded","src/app/output-center/page.tsx","365","1","unknown","","자료 등록으로 이동","","Hardcoded UI copy. Migrate to i18n before automatic replacement."
"hardcoded.5ac868c2bd","frontstage","hardcoded","src/app/output-center/page.tsx","366","1","unknown","","기존 출력","","Hardcoded UI copy. Migrate to i18n before automatic replacement."
"hardcoded.1167a32df8","frontstage","hardcoded","src/app/output-center/page.tsx","367","1","unknown","","매물 개요서와 제안 관련 기존 출력은 보조 기능으로 유지합니다.","","Hardcoded UI copy. Migrate to i18n before automatic replacement."
"hardcoded.274e922a1a","frontstage","hardcoded","src/app/output-center/page.tsx","400","1","unknown","","出厂可用","","Hardcoded UI copy. Migrate to i18n before automatic replacement."
"hardcoded.79e31b6ee2","frontstage","hardcoded","src/app/output-center/page.tsx","400","1","unknown","","출고 가능","","Hardcoded UI copy. Migrate to i18n before automatic replacement."
"hardcoded.a974a91301","frontstage","hardcoded","src/app/output-center/page.tsx","400","1","unknown","","出荷可","","Hardcoded UI copy. Migrate to i18n before automatic replacement."
"hardcoded.384f029361","frontstage","hardcoded","src/app/output-center/page.tsx","401","1","unknown","","정밀 보정 필요","","Hardcoded UI copy. Migrate to i18n before automatic replacement."
"hardcoded.8b218515a2","frontstage","hardcoded","src/app/output-center/page.tsx","401","1","unknown","","需要精校","","Hardcoded UI copy. Migrate to i18n before automatic replacement."
"hardcoded.93c810961f","frontstage","hardcoded","src/app/output-center/page.tsx","401","1","unknown","","要精校","","Hardcoded UI copy. Migrate to i18n before automatic replacement."
"hardcoded.49dc3d6466","frontstage","hardcoded","src/app/output-center/page.tsx","402","1","unknown","","원본 교체 필요","","Hardcoded UI copy. Migrate to i18n before automatic replacement."
"hardcoded.69c765dfe7","frontstage","hardcoded","src/app/output-center/page.tsx","402","1","unknown","","原本差替え","","Hardcoded UI copy. Migrate to i18n before automatic replacement."
"hardcoded.ae22e20524","frontstage","hardcoded","src/app/output-center/page.tsx","402","1","unknown","","源文件待换","","Hardcoded UI copy. Migrate to i18n before automatic replacement."
"hardcoded.009a554a79","frontstage","hardcoded","src/app/output-center/page.tsx","705","1","unknown","","提案の物件価格が未設定です。","","Hardcoded UI copy. Migrate to i18n before automatic replacement."
"hardcoded.319b898f56","frontstage","hardcoded","src/app/output-center/page.tsx","706","1","unknown","","提案中的物件价格未填写。","","Hardcoded UI copy. Migrate to i18n before automatic replacement."
"hardcoded.d6b4778539","frontstage","hardcoded","src/app/output-center/page.tsx","707","1","unknown","","제안의 매물 가격이 비어 있습니다.","","Hardcoded UI copy. Migrate to i18n before automatic replacement."
"hardcoded.b083f4d737","frontstage","hardcoded","src/app/output-center/page.tsx","710","1","unknown","","提案サマリーが未入力です。","","Hardcoded UI copy. Migrate to i18n before automatic replacement."
"hardcoded.756abd0d8f","frontstage","hardcoded","src/app/output-center/page.tsx","711","1","unknown","","提案摘要未填写。","","Hardcoded UI copy. Migrate to i18n before automatic replacement."
"hardcoded.4e90bca21a","frontstage","hardcoded","src/app/output-center/page.tsx","712","1","unknown","","제안 요약이 비어 있습니다.","","Hardcoded UI copy. Migrate to i18n before automatic replacement."
"hardcoded.def2ff29d6","frontstage","hardcoded","src/app/output-center/page.tsx","715","1","unknown","","対象物件を選択してください。","","Hardcoded UI copy. Migrate to i18n before automatic replacement."
"hardcoded.56268c2ff4","frontstage","hardcoded","src/app/output-center/page.tsx","716","1","unknown","","请选择目标物件。","","Hardcoded UI copy. Migrate to i18n before automatic replacement."
"hardcoded.0579e1b375","frontstage","hardcoded","src/app/output-center/page.tsx","717","1","unknown","","대상 매물을 선택해 주세요.","","Hardcoded UI copy. Migrate to i18n before automatic replacement."
"hardcoded.15a4de749a","frontstage","hardcoded","src/app/output-center/page.tsx","720","1","unknown","","対象関係者を選択してください。","","Hardcoded UI copy. Migrate to i18n before automatic replacement."
"hardcoded.ed529c715d","frontstage","hardcoded","src/app/output-center/page.tsx","721","1","unknown","","请选择目标主体。","","Hardcoded UI copy. Migrate to i18n before automatic replacement."
"hardcoded.0b2fde3a32","frontstage","hardcoded","src/app/output-center/page.tsx","722","1","unknown","","대상 관계자를 선택해 주세요.","","Hardcoded UI copy. Migrate to i18n before automatic replacement."
"hardcoded.260c698de9","frontstage","hardcoded","src/app/output-center/page.tsx","725","1","unknown","","費用見積明細書に必要な費用内訳が不足しています。","","Hardcoded UI copy. Migrate to i18n before automatic replacement."
"hardcoded.14c05c4f4f","frontstage","hardcoded","src/app/output-center/page.tsx","726","1","unknown","","费用明细书所需费用项不足。","","Hardcoded UI copy. Migrate to i18n before automatic replacement."
"hardcoded.39b573dbfc","frontstage","hardcoded","src/app/output-center/page.tsx","727","1","unknown","","비용 명세서에 필요한 비용 항목이 부족합니다.","","Hardcoded UI copy. Migrate to i18n before automatic replacement."
"hardcoded.81226b8137","frontstage","hardcoded","src/app/output-center/page.tsx","730","1","unknown","","資金計画書の頭金が未設定です。","","Hardcoded UI copy. Migrate to i18n before automatic replacement."
"hardcoded.9ee68ba919","frontstage","hardcoded","src/app/output-center/page.tsx","731","1","unknown","","资金计划书所需首付款未填写。","","Hardcoded UI copy. Migrate to i18n before automatic replacement."
"hardcoded.add5ea6a7e","frontstage","hardcoded","src/app/output-center/page.tsx","732","1","unknown","","자금 계획서의 계약금이 비어 있습니다.","","Hardcoded UI copy. Migrate to i18n before automatic replacement."
"hardcoded.eab8c6d69c","frontstage","hardcoded","src/app/output-center/page.tsx","735","1","unknown","","資金計画書の借入額が未設定です。","","Hardcoded UI copy. Migrate to i18n before automatic replacement."
"hardcoded.22023f691c","frontstage","hardcoded","src/app/output-center/page.tsx","736","1","unknown","","资金计划书所需贷款额未填写。","","Hardcoded UI copy. Migrate to i18n before automatic replacement."
"hardcoded.6ac861e2af","frontstage","hardcoded","src/app/output-center/page.tsx","737","1","unknown","","자금 계획서의 대출 금액이 비어 있습니다.","","Hardcoded UI copy. Migrate to i18n before automatic replacement."
"hardcoded.c9b394a533","frontstage","hardcoded","src/app/output-center/page.tsx","740","1","unknown","","資金計画書の月々返済額が未設定です。","","Hardcoded UI copy. Migrate to i18n before automatic replacement."
"hardcoded.b102f1352d","frontstage","hardcoded","src/app/output-center/page.tsx","741","1","unknown","","资金计划书所需月供未填写。","","Hardcoded UI copy. Migrate to i18n before automatic replacement."
"hardcoded.a4887fc477","frontstage","hardcoded","src/app/output-center/page.tsx","742","1","unknown","","자금 계획서의 월 상환액이 비어 있습니다.","","Hardcoded UI copy. Migrate to i18n before automatic replacement."
"hardcoded.3189cb8bfa","frontstage","hardcoded","src/app/output-center/page.tsx","745","1","unknown","","資金計画書の金利が未設定です。","","Hardcoded UI copy. Migrate to i18n before automatic replacement."
"hardcoded.70ef6b8786","frontstage","hardcoded","src/app/output-center/page.tsx","746","1","unknown","","资金计划书所需利率未填写。","","Hardcoded UI copy. Migrate to i18n before automatic replacement."
"hardcoded.9814da23af","frontstage","hardcoded","src/app/output-center/page.tsx","747","1","unknown","","자금 계획서의 금리가 비어 있습니다.","","Hardcoded UI copy. Migrate to i18n before automatic replacement."
"hardcoded.186f6547fd","frontstage","hardcoded","src/app/output-center/page.tsx","750","1","unknown","","資金計画書の返済年数が未設定です。","","Hardcoded UI copy. Migrate to i18n before automatic replacement."
"hardcoded.f28977e8e5","frontstage","hardcoded","src/app/output-center/page.tsx","751","1","unknown","","资金计划书所需贷款年限未填写。","","Hardcoded UI copy. Migrate to i18n before automatic replacement."
"hardcoded.02a082d5d2","frontstage","hardcoded","src/app/output-center/page.tsx","752","1","unknown","","자금 계획서의 상환 연수가 비어 있습니다.","","Hardcoded UI copy. Migrate to i18n before automatic replacement."
"hardcoded.6ea7ddf9a1","frontstage","hardcoded","src/app/output-center/page.tsx","773","1","unknown","","제안 편집으로 이동","","Hardcoded UI copy. Migrate to i18n before automatic replacement."
"hardcoded.9531afaed1","frontstage","hardcoded","src/app/output-center/page.tsx","773","1","unknown","","提案を編集","","Hardcoded UI copy. Migrate to i18n before automatic replacement."
"hardcoded.c3e41ab21d","frontstage","hardcoded","src/app/output-center/page.tsx","773","1","unknown","","前往提案编辑","","Hardcoded UI copy. Migrate to i18n before automatic replacement."
"hardcoded.7c6c05a3c5","frontstage","hardcoded","src/app/output-center/page.tsx","780","2","unknown","","物件台帳へ","","Hardcoded UI copy. Migrate to i18n before automatic replacement."
"hardcoded.a3585be687","frontstage","hardcoded","src/app/output-center/page.tsx","780","2","unknown","","前往物件台账","","Hardcoded UI copy. Migrate to i18n before automatic replacement."
"hardcoded.d9040ab250","frontstage","hardcoded","src/app/output-center/page.tsx","780","2","unknown","","매물 대장으로 이동","","Hardcoded UI copy. Migrate to i18n before automatic replacement."
"hardcoded.42545029c8","frontstage","hardcoded","src/app/output-center/page.tsx","787","1","unknown","","前往主体台账","","Hardcoded UI copy. Migrate to i18n before automatic replacement."
"hardcoded.5152a437ed","frontstage","hardcoded","src/app/output-center/page.tsx","787","1","unknown","","관계자 대장으로 이동","","Hardcoded UI copy. Migrate to i18n before automatic replacement."
"hardcoded.bfa9b8c37a","frontstage","hardcoded","src/app/output-center/page.tsx","787","1","unknown","","関係者台帳へ","","Hardcoded UI copy. Migrate to i18n before automatic replacement."
"hardcoded.351f091ba4","frontstage","hardcoded","src/app/output-center/page.tsx","792","1","unknown","","帳票を出力しました。","","Hardcoded UI copy. Migrate to i18n before automatic replacement."
"hardcoded.bae73b4bb3","frontstage","hardcoded","src/app/output-center/page.tsx","793","1","unknown","","文书已输出。","","Hardcoded UI copy. Migrate to i18n before automatic replacement."
"hardcoded.53ff1a9614","frontstage","hardcoded","src/app/output-center/page.tsx","794","1","unknown","","문서를 출력했습니다.","","Hardcoded UI copy. Migrate to i18n before automatic replacement."
"hardcoded.a8b8c27f61","frontstage","hardcoded","src/app/output-center/page.tsx","797","1","unknown","","生成チェックで不足項目が見つかりました。","","Hardcoded UI copy. Migrate to i18n before automatic replacement."
"hardcoded.0d83a3c7c3","frontstage","hardcoded","src/app/output-center/page.tsx","798","1","unknown","","生成检查发现缺失项。","","Hardcoded UI copy. Migrate to i18n before automatic replacement."
"hardcoded.ff7a7cfed3","frontstage","hardcoded","src/app/output-center/page.tsx","799","1","unknown","","생성 점검에서 누락 항목이 발견되었습니다.","","Hardcoded UI copy. Migrate to i18n before automatic replacement."
"hardcoded.7bcce2bac2","frontstage","hardcoded","src/app/output-center/page.tsx","819","1","unknown","","请先补齐以下项目：","","Hardcoded UI copy. Migrate to i18n before automatic replacement."
"hardcoded.24fd075094","frontstage","hardcoded","src/app/output-center/page.tsx","821","1","unknown","","아래 항목을 먼저 보완해 주세요:","","Hardcoded UI copy. Migrate to i18n before automatic replacement."
"hardcoded.c79ff1a7ce","frontstage","hardcoded","src/app/output-center/page.tsx","822","1","unknown","","以下の項目を先に補完してください:","","Hardcoded UI copy. Migrate to i18n before automatic replacement."
"hardcoded.9f61f62e4a","frontstage","hardcoded","src/app/output-center/page.tsx","850","1","unknown","","3단계 신청서 작성","","Hardcoded UI copy. Migrate to i18n before automatic replacement."
"hardcoded.c853355516","frontstage","hardcoded","src/app/output-center/page.tsx","850","1","unknown","","3ステップで申込書作成","","Hardcoded UI copy. Migrate to i18n before automatic replacement."
"hardcoded.fbbd06f308","frontstage","hardcoded","src/app/output-center/page.tsx","850","1","unknown","","三步生成申请书","","Hardcoded UI copy. Migrate to i18n before automatic replacement."
"hardcoded.4bbf960423","frontstage","hardcoded","src/app/output-center/page.tsx","1006","1","unknown","","先预览校准","","Hardcoded UI copy. Migrate to i18n before automatic replacement."
"hardcoded.132ea732a0","frontstage","hardcoded","src/app/output-center/page.tsx","1008","1","unknown","","먼저 미리보기 보정","","Hardcoded UI copy. Migrate to i18n before automatic replacement."
"hardcoded.c1acb04d37","frontstage","hardcoded","src/app/output-center/page.tsx","1009","1","unknown","","先にプレビュー校正","","Hardcoded UI copy. Migrate to i18n before automatic replacement."
"hardcoded.3b1d072c98","frontstage","hardcoded","src/app/output-center/page.tsx","1086","1","unknown","","최다 사용","","Hardcoded UI copy. Migrate to i18n before automatic replacement."
"hardcoded.77fb99e12c","frontstage","hardcoded","src/app/output-center/page.tsx","1086","1","unknown","","最頻出","","Hardcoded UI copy. Migrate to i18n before automatic replacement."
"hardcoded.8fccd2ea10","frontstage","hardcoded","src/app/output-center/page.tsx","1086","1","unknown","","最高频","","Hardcoded UI copy. Migrate to i18n before automatic replacement."
"hardcoded.ae4d970ced","frontstage","hardcoded","src/app/output-center/page.tsx","1094","1","unknown","","プレビュー校正後に保存","","Hardcoded UI copy. Migrate to i18n before automatic replacement."
"hardcoded.d3adf8d895","frontstage","hardcoded","src/app/output-center/page.tsx","1094","1","unknown","","미리보기 보정 후 저장","","Hardcoded UI copy. Migrate to i18n before automatic replacement."
"hardcoded.ddad929081","frontstage","hardcoded","src/app/output-center/page.tsx","1094","1","unknown","","需预览校准后保存","","Hardcoded UI copy. Migrate to i18n before automatic replacement."
"hardcoded.9f6caf84e4","frontstage","hardcoded","src/app/output-center/page.tsx","1109","1","unknown","","这张模板目前不能直接当成成品下载。请先进入可编辑预览，确认印字位置、文本长度和格子拆分后再保存。","","Hardcoded UI copy. Migrate to i18n before automatic replacement."
"hardcoded.a74ccea9fc","frontstage","hardcoded","src/app/output-center/page.tsx","1111","1","unknown","","이 템플릿은 아직 바로 완성본 다운로드로 취급하지 않습니다. 편집 가능한 미리보기에서 위치, 긴/짧은 텍스트, 칸 분리를 확인한 뒤 저장하세요.","","Hardcoded UI copy. Migrate to i18n before automatic replacement."
"hardcoded.cafdd400ae","frontstage","hardcoded","src/app/output-center/page.tsx","1112","1","unknown","","このテンプレートはまだ直ダウンロード対象ではありません。編集可能プレビューで印字位置、長短テキスト、分割マスを確認してから保存します。","","Hardcoded UI copy. Migrate to i18n before automatic replacement."
"hardcoded.00f96e2afa","frontstage","hardcoded","src/app/output-center/page.tsx","1151","1","unknown","","項目保存","","Hardcoded UI copy. Migrate to i18n before automatic replacement."
"hardcoded.86beb7a938","frontstage","hardcoded","src/app/output-center/page.tsx","1151","1","unknown","","항목 저장","","Hardcoded UI copy. Migrate to i18n before automatic replacement."
"hardcoded.c55970698f","frontstage","hardcoded","src/app/output-center/page.tsx","1151","1","unknown","","项目保存","","Hardcoded UI copy. Migrate to i18n before automatic replacement."
"hardcoded.098edfd058","frontstage","hardcoded","src/app/output-center/page.tsx","1420","1","unknown","","매물 대장에서 선택","","Hardcoded UI copy. Migrate to i18n before automatic replacement."
"hardcoded.31d820bd6a","frontstage","hardcoded","src/app/output-center/page.tsx","1420","1","unknown","","请从物件台账选择","","Hardcoded UI copy. Migrate to i18n before automatic replacement."
"hardcoded.41a753af83","frontstage","hardcoded","src/app/output-center/page.tsx","1420","1","unknown","","物件台帳から選択","","Hardcoded UI copy. Migrate to i18n before automatic replacement."
"hardcoded.472d127d29","frontstage","hardcoded","src/app/output-center/page.tsx","1434","1","unknown","","対象物件が未選択です","","Hardcoded UI copy. Migrate to i18n before automatic replacement."
"hardcoded.684ae954df","frontstage","hardcoded","src/app/output-center/page.tsx","1434","1","unknown","","尚未选择目标物件","","Hardcoded UI copy. Migrate to i18n before automatic replacement."
"hardcoded.749fb20f30","frontstage","hardcoded","src/app/output-center/page.tsx","1434","1","unknown","","대상 매물이 선택되지 않았습니다","","Hardcoded UI copy. Migrate to i18n before automatic replacement."
"hardcoded.d27d0aff85","frontstage","hardcoded","src/app/output-center/page.tsx","1438","1","unknown","","请从物件台账的 PDF 入口进入，以确保输出记录绑定正确物件。","","Hardcoded UI copy. Migrate to i18n before automatic replacement."
"hardcoded.dc7aa9dd3b","frontstage","hardcoded","src/app/output-center/page.tsx","1440","1","unknown","","출력 기록이 올바른 매물에 연결되도록 매물 대장의 PDF 입구에서 이동하세요.","","Hardcoded UI copy. Migrate to i18n before automatic replacement."
"hardcoded.654a32c3d1","frontstage","hardcoded","src/app/output-center/page.tsx","1441","1","unknown","","出力記録を正しい物件に紐づけるため、物件台帳の PDF 入口から遷移してください。","","Hardcoded UI copy. Migrate to i18n before automatic replacement."
"hardcoded.0b943dc6a8","frontstage","hardcoded","src/app/output-center/page.tsx","1460","1","unknown","","関係者を指定しない","","Hardcoded UI copy. Migrate to i18n before automatic replacement."
"hardcoded.532a079654","frontstage","hardcoded","src/app/output-center/page.tsx","1460","1","unknown","","不指定主体","","Hardcoded UI copy. Migrate to i18n before automatic replacement."
"hardcoded.5e59ee9699","frontstage","hardcoded","src/app/output-center/page.tsx","1460","1","unknown","","관계자 미지정","","Hardcoded UI copy. Migrate to i18n before automatic replacement."
"hardcoded.147f8781d6","frontstage","hardcoded","src/app/output-center/page.tsx","1509","1","unknown","","生成前確認","","Hardcoded UI copy. Migrate to i18n before automatic replacement."
"hardcoded.420fc3619f","frontstage","hardcoded","src/app/output-center/page.tsx","1509","1","unknown","","生成前确认","","Hardcoded UI copy. Migrate to i18n before automatic replacement."
"hardcoded.9350a62a68","frontstage","hardcoded","src/app/output-center/page.tsx","1509","1","unknown","","생성 전 확인","","Hardcoded UI copy. Migrate to i18n before automatic replacement."
"hardcoded.ca8da527cf","frontstage","hardcoded","src/app/output-center/page.tsx","1512","1","unknown","","テンプレート調整","","Hardcoded UI copy. Migrate to i18n before automatic replacement."
"hardcoded.d4c7f02ab1","frontstage","hardcoded","src/app/output-center/page.tsx","1512","2","unknown","","调整模板","","Hardcoded UI copy. Migrate to i18n before automatic replacement."
"hardcoded.deb946387f","frontstage","hardcoded","src/app/output-center/page.tsx","1512","2","unknown","","템플릿 조정","","Hardcoded UI copy. Migrate to i18n before automatic replacement."
"hardcoded.24d0054ea5","frontstage","hardcoded","src/app/output-center/page.tsx","1635","1","unknown","","今出力した帳票です","","Hardcoded UI copy. Migrate to i18n before automatic replacement."
"hardcoded.d34df856a1","frontstage","hardcoded","src/app/output-center/page.tsx","1635","1","unknown","","방금 출력한 문서입니다","","Hardcoded UI copy. Migrate to i18n before automatic replacement."
"hardcoded.dbd8b4aabd","frontstage","hardcoded","src/app/output-center/page.tsx","1635","1","unknown","","这是刚刚输出的文书","","Hardcoded UI copy. Migrate to i18n before automatic replacement."
"hardcoded.714946d267","frontstage","hardcoded","src/app/page.tsx","134","1","unknown","","資料管理センター","","Hardcoded UI copy. Migrate to i18n before automatic replacement."
"hardcoded.55cbfd8cab","frontstage","hardcoded","src/app/page.tsx","135","1","unknown","","案件、顧客、物件、資料のつながりをまとめて確認します。","","Hardcoded UI copy. Migrate to i18n before automatic replacement."
"hardcoded.0e5b8d2c63","frontstage","hardcoded","src/app/page.tsx","136","1","unknown","","まず何をしますか","","Hardcoded UI copy. Migrate to i18n before automatic replacement."
"hardcoded.2703f05abb","frontstage","hardcoded","src/app/page.tsx","137","1","unknown","","案件を作る、資料を読む、足りない情報を整理する、申込書を出す。よく使う順番だけを先に置いています。","","Hardcoded UI copy. Migrate to i18n before automatic replacement."
"hardcoded.543def3bb6","frontstage","hardcoded","src/app/page.tsx","138","1","unknown","","対象ワークスペース","","Hardcoded UI copy. Migrate to i18n before automatic replacement."
"hardcoded.49cc5746c2","frontstage","hardcoded","src/app/page.tsx","139","1","unknown","","顧客、物件、案件、資料、出力書類を検索","","Hardcoded UI copy. Migrate to i18n before automatic replacement."
"hardcoded.a8e5152705","frontstage","hardcoded","src/app/page.tsx","141","1","unknown","","クリア","","Hardcoded UI copy. Migrate to i18n before automatic replacement."
"hardcoded.c8969eabe2","frontstage","hardcoded","src/app/page.tsx","142","1","unknown","","案件を作る","","Hardcoded UI copy. Migrate to i18n before automatic replacement."
"hardcoded.cc952da1a3","frontstage","hardcoded","src/app/page.tsx","143","1","unknown","","資料がなくても、先に案件・顧客・物件を作れます。","","Hardcoded UI copy. Migrate to i18n before automatic replacement."
"hardcoded.a8f3c0eddf","frontstage","hardcoded","src/app/page.tsx","144","1","unknown","","資料を読む","","Hardcoded UI copy. Migrate to i18n before automatic replacement."
"hardcoded.d9c36b2c2d","frontstage","hardcoded","src/app/page.tsx","145","1","unknown","","Excel、在留カード、免許証などを読み取ります。","","Hardcoded UI copy. Migrate to i18n before automatic replacement."
"hardcoded.16b8238705","frontstage","hardcoded","src/app/page.tsx","146","1","unknown","","足りない情報を入れる","","Hardcoded UI copy. Migrate to i18n before automatic replacement."
"hardcoded.2d85d41b79","frontstage","hardcoded","src/app/page.tsx","147","1","unknown","","未入力や確認待ちの項目だけを続けて整理します。","","Hardcoded UI copy. Migrate to i18n before automatic replacement."
"hardcoded.2e00df454d","frontstage","hardcoded","src/app/page.tsx","148","1","unknown","","現在の整理状況","","Hardcoded UI copy. Migrate to i18n before automatic replacement."
"hardcoded.57de8693a0","frontstage","hardcoded","src/app/page.tsx","149","1","unknown","","種類で見る","","Hardcoded UI copy. Migrate to i18n before automatic replacement."
"hardcoded.ddb4fbc917","frontstage","hardcoded","src/app/page.tsx","150","1","unknown","","資料マップ","","Hardcoded UI copy. Migrate to i18n before automatic replacement."
"hardcoded.bedbe99370","frontstage","hardcoded","src/app/page.tsx","151","1","unknown","","案件、顧客、物件、資料ファイルを並べて確認します。","","Hardcoded UI copy. Migrate to i18n before automatic replacement."
"hardcoded.3fdbfddbe3","frontstage","hardcoded","src/app/page.tsx","152","1","unknown","","案件を作成・資料を追加","","Hardcoded UI copy. Migrate to i18n before automatic replacement."
"hardcoded.51673ee5f4","frontstage","hardcoded","src/app/page.tsx","153","1","unknown","","案件、顧客、物件を作成し、必要な資料を追加します。","","Hardcoded UI copy. Migrate to i18n before automatic replacement."
"hardcoded.4ade369a6f","frontstage","hardcoded","src/app/page.tsx","155","1","unknown","","案件を選び、テンプレートを確認して出力します。","","Hardcoded UI copy. Migrate to i18n before automatic replacement."
"hardcoded.d01e3f711c","frontstage","hardcoded","src/app/page.tsx","156","1","unknown","","紐付いた資料","","Hardcoded UI copy. Migrate to i18n before automatic replacement."
"hardcoded.72c3bcf2cc","frontstage","hardcoded","src/app/page.tsx","158","1","unknown","","まだ紐付いた資料がありません。","","Hardcoded UI copy. Migrate to i18n before automatic replacement."
"hardcoded.75c380f052","frontstage","hardcoded","src/app/page.tsx","160","1","unknown","","資料索引","","Hardcoded UI copy. Migrate to i18n before automatic replacement."
"hardcoded.f2e2a1cb45","frontstage","hardcoded","src/app/page.tsx","165","1","unknown","","顧客/関係者","","Hardcoded UI copy. Migrate to i18n before automatic replacement."
"hardcoded.8742fa9dac","frontstage","hardcoded","src/app/page.tsx","167","1","unknown","","資料ファイル","","Hardcoded UI copy. Migrate to i18n before automatic replacement."
"hardcoded.907f3cfd33","frontstage","hardcoded","src/app/page.tsx","168","1","unknown","","出力書類","","Hardcoded UI copy. Migrate to i18n before automatic replacement."
"hardcoded.9d64fff46e","frontstage","hardcoded","src/app/page.tsx","169","2","unknown","","契約/提案","","Hardcoded UI copy. Migrate to i18n before automatic replacement."
"hardcoded.77565a50ae","frontstage","hardcoded","src/app/page.tsx","170","2","unknown","","添付","","Hardcoded UI copy. Migrate to i18n before automatic replacement."
"hardcoded.ec4a5ff3ec","frontstage","hardcoded","src/app/page.tsx","171","1","unknown","","対応","","Hardcoded UI copy. Migrate to i18n before automatic replacement."
"hardcoded.6c106261a5","frontstage","hardcoded","src/app/page.tsx","172","1","unknown","","表示できる対象がありません。","","Hardcoded UI copy. Migrate to i18n before automatic replacement."
"hardcoded.6c2f97c7e3","frontstage","hardcoded","src/app/page.tsx","173","1","unknown","","要整理","","Hardcoded UI copy. Migrate to i18n before automatic replacement."
"hardcoded.b8195348f5","frontstage","hardcoded","src/app/page.tsx","177","1","unknown","","詳細を見る","","Hardcoded UI copy. Migrate to i18n before automatic replacement."
"hardcoded.614f2eaaff","frontstage","hardcoded","src/app/page.tsx","183","1","unknown","","作成","","Hardcoded UI copy. Migrate to i18n before automatic replacement."
"hardcoded.f24d326bee","frontstage","hardcoded","src/app/page.tsx","186","3","unknown","","種別","","Hardcoded UI copy. Migrate to i18n before automatic replacement."
"hardcoded.e9dde4361a","frontstage","hardcoded","src/app/page.tsx","187","5","unknown","","役割","","Hardcoded UI copy. Migrate to i18n before automatic replacement."
"hardcoded.23577d6abd","frontstage","hardcoded","src/app/page.tsx","188","3","unknown","","価格","","Hardcoded UI copy. Migrate to i18n before automatic replacement."
"hardcoded.5d8abd910c","frontstage","hardcoded","src/app/page.tsx","191","2","unknown","","関連案件","","Hardcoded UI copy. Migrate to i18n before automatic replacement."
"hardcoded.e573bf8d83","frontstage","hardcoded","src/app/page.tsx","195","1","unknown","","資料種別","","Hardcoded UI copy. Migrate to i18n before automatic replacement."
"hardcoded.728d7d3667","frontstage","hardcoded","src/app/page.tsx","196","1","unknown","","整理先","","Hardcoded UI copy. Migrate to i18n before automatic replacement."
"hardcoded.44b6523655","frontstage","hardcoded","src/app/page.tsx","198","1","unknown","","表示できる履歴はまだありません。","","Hardcoded UI copy. Migrate to i18n before automatic replacement."
"hardcoded.a469243621","frontstage","hardcoded","src/app/page.tsx","199","1","unknown","","表示","","Hardcoded UI copy. Migrate to i18n before automatic replacement."
"hardcoded.7431dbfdd2","frontstage","hardcoded","src/app/page.tsx","200","1","unknown","","表示中","","Hardcoded UI copy. Migrate to i18n before automatic replacement."
"hardcoded.d67ee8befb","frontstage","hardcoded","src/app/page.tsx","201","1","unknown","","案件内に確認が必要な情報があります。関係者、物件、費用などを補完してください。","","Hardcoded UI copy. Migrate to i18n before automatic replacement."
"hardcoded.b5493f5f4a","frontstage","hardcoded","src/app/page.tsx","202","1","unknown","","案件データは整理済みです。内容確認や資料追加を続けられます。","","Hardcoded UI copy. Migrate to i18n before automatic replacement."
"hardcoded.0e05cb03ff","frontstage","hardcoded","src/app/page.tsx","203","1","unknown","","基本情報は整理済みです。必要に応じて内容を確認できます。","","Hardcoded UI copy. Migrate to i18n before automatic replacement."
"hardcoded.1a578ebaa2","frontstage","hardcoded","src/app/page.tsx","204","1","unknown","","関係者情報が不足しています。連絡先や役割を確認してください。","","Hardcoded UI copy. Migrate to i18n before automatic replacement."
"hardcoded.f603cda73e","frontstage","hardcoded","src/app/page.tsx","205","1","unknown","","物件情報が不足しています。案件へ紐付ける前に確認してください。","","Hardcoded UI copy. Migrate to i18n before automatic replacement."
"hardcoded.f5f0c3275e","frontstage","hardcoded","src/app/page.tsx","206","1","unknown","","資料の紐付け先がまだ確定していません。","","Hardcoded UI copy. Migrate to i18n before automatic replacement."
"hardcoded.e979dd1446","frontstage","hardcoded","src/app/page.tsx","207","1","unknown","","この資料を対象の案件、関係者、物件へ整理してください。","","Hardcoded UI copy. Migrate to i18n before automatic replacement."
"hardcoded.ae3490ebee","frontstage","hardcoded","src/app/page.tsx","208","1","unknown","","この資料は整理済みです。必要に応じて内容を確認できます。","","Hardcoded UI copy. Migrate to i18n before automatic replacement."
"hardcoded.d1055e71b7","frontstage","hardcoded","src/app/page.tsx","209","1","unknown","","関係者が未設定です。案件で顧客/関係者を確認してください。","","Hardcoded UI copy. Migrate to i18n before automatic replacement."
"hardcoded.67d174fcd7","frontstage","hardcoded","src/app/page.tsx","210","1","unknown","","物件が未設定です。案件で物件を確認してください。","","Hardcoded UI copy. Migrate to i18n before automatic replacement."
"hardcoded.e73b3dad64","frontstage","hardcoded","src/app/page.tsx","211","1","unknown","","紐付いた資料に未整理のものがあります。","","Hardcoded UI copy. Migrate to i18n before automatic replacement."
"hardcoded.871c0d9c76","frontstage","hardcoded","src/app/page.tsx","214","1","unknown","","资料管理中心","","Hardcoded UI copy. Migrate to i18n before automatic replacement."
"hardcoded.06f0e3b802","frontstage","hardcoded","src/app/page.tsx","215","1","unknown","","集中查看客户、物件、案件和资料的归属状态。","","Hardcoded UI copy. Migrate to i18n before automatic replacement."
"hardcoded.028bcd2d7a","frontstage","hardcoded","src/app/page.tsx","216","1","unknown","","现在要做哪一步","","Hardcoded UI copy. Migrate to i18n before automatic replacement."
"hardcoded.86304845f3","frontstage","hardcoded","src/app/page.tsx","217","1","unknown","","先把最常用的四件事放在这里：新建案件、读取资料、补齐信息、生成申请书。","","Hardcoded UI copy. Migrate to i18n before automatic replacement."
"hardcoded.8ea79fb9c8","frontstage","hardcoded","src/app/page.tsx","218","1","unknown","","当前工作区","","Hardcoded UI copy. Migrate to i18n before automatic replacement."
"hardcoded.c8a6843fbd","frontstage","hardcoded","src/app/page.tsx","219","1","unknown","","搜索客户、物件、案件、资料、输出文件","","Hardcoded UI copy. Migrate to i18n before automatic replacement."
"hardcoded.7b15e5e8e7","frontstage","hardcoded","src/app/page.tsx","221","3","unknown","","清除","","Hardcoded UI copy. Migrate to i18n before automatic replacement."
"hardcoded.df41317c24","frontstage","hardcoded","src/app/page.tsx","223","1","unknown","","没有文件也可以先建案件、客户或物件。","","Hardcoded UI copy. Migrate to i18n before automatic replacement."
"hardcoded.d67125657e","frontstage","hardcoded","src/app/page.tsx","225","1","unknown","","读取 Excel、在留卡、驾照或图片资料。","","Hardcoded UI copy. Migrate to i18n before automatic replacement."
"hardcoded.2b0ff95ea7","frontstage","hardcoded","src/app/page.tsx","226","1","unknown","","补齐信息","","Hardcoded UI copy. Migrate to i18n before automatic replacement."
"hardcoded.33786ff900","frontstage","hardcoded","src/app/page.tsx","227","1","unknown","","只处理未填写、待确认和不一致的项目。","","Hardcoded UI copy. Migrate to i18n before automatic replacement."
"hardcoded.074c798e1f","frontstage","hardcoded","src/app/page.tsx","228","1","unknown","","当前整理情况","","Hardcoded UI copy. Migrate to i18n before automatic replacement."
"hardcoded.45dddcaccb","frontstage","hardcoded","src/app/page.tsx","229","1","unknown","","按类型查看","","Hardcoded UI copy. Migrate to i18n before automatic replacement."
"hardcoded.daea1a97cd","frontstage","hardcoded","src/app/page.tsx","230","1","unknown","","资料地图","","Hardcoded UI copy. Migrate to i18n before automatic replacement."
"hardcoded.5ac1208a1e","frontstage","hardcoded","src/app/page.tsx","231","1","unknown","","按案件、客户/关系人、物件和资料文件查看当前状态。","","Hardcoded UI copy. Migrate to i18n before automatic replacement."
"hardcoded.dbff094d7a","frontstage","hardcoded","src/app/page.tsx","232","1","unknown","","新建案件 / 补充资料","","Hardcoded UI copy. Migrate to i18n before automatic replacement."
"hardcoded.2b34176529","frontstage","hardcoded","src/app/page.tsx","233","1","unknown","","新建案件、客户或物件，也可以补充手头资料。","","Hardcoded UI copy. Migrate to i18n before automatic replacement."
"hardcoded.674ee0aaec","frontstage","hardcoded","src/app/page.tsx","235","1","unknown","","选择案件和模板，检查后生成申请书或其他文件。","","Hardcoded UI copy. Migrate to i18n before automatic replacement."
"hardcoded.f4bff78e44","frontstage","hardcoded","src/app/page.tsx","236","1","unknown","","已关联资料","","Hardcoded UI copy. Migrate to i18n before automatic replacement."
"hardcoded.2c22edbfc7","frontstage","hardcoded","src/app/page.tsx","238","1","unknown","","还没有关联资料。","","Hardcoded UI copy. Migrate to i18n before automatic replacement."
"hardcoded.dd6e8cf0c1","frontstage","hardcoded","src/app/page.tsx","241","1","unknown","","选中项目","","Hardcoded UI copy. Migrate to i18n before automatic replacement."
"hardcoded.80920cd667","frontstage","hardcoded","src/app/page.tsx","242","2","unknown","","最近更新","","Hardcoded UI copy. Migrate to i18n before automatic replacement."
"hardcoded.0e5a49bd12","frontstage","hardcoded","src/app/page.tsx","245","2","unknown","","客户/关系人","","Hardcoded UI copy. Migrate to i18n before automatic replacement."
"hardcoded.1d8bbea73a","frontstage","hardcoded","src/app/page.tsx","247","1","unknown","","资料文件","","Hardcoded UI copy. Migrate to i18n before automatic replacement."
"hardcoded.29b6f7b160","frontstage","hardcoded","src/app/page.tsx","249","2","unknown","","合同/提案","","Hardcoded UI copy. Migrate to i18n before automatic replacement."
"hardcoded.99f6fe6c41","frontstage","hardcoded","src/app/page.tsx","250","2","unknown","","附件","","Hardcoded UI copy. Migrate to i18n before automatic replacement."
"hardcoded.d818541589","frontstage","hardcoded","src/app/page.tsx","251","1","unknown","","处理事项","","Hardcoded UI copy. Migrate to i18n before automatic replacement."
"hardcoded.9a2e02a167","frontstage","hardcoded","src/app/page.tsx","252","1","unknown","","没有符合条件的项目。","","Hardcoded UI copy. Migrate to i18n before automatic replacement."
"hardcoded.cb0b7f6d57","frontstage","hardcoded","src/app/page.tsx","255","1","unknown","","待分配","","Hardcoded UI copy. Migrate to i18n before automatic replacement."
"hardcoded.faea8c1db9","frontstage","hardcoded","src/app/page.tsx","257","1","unknown","","查看详情","","Hardcoded UI copy. Migrate to i18n before automatic replacement."
"hardcoded.6b26695e4d","frontstage","hardcoded","src/app/page.tsx","267","4","unknown","","角色","","Hardcoded UI copy. Migrate to i18n before automatic replacement."
"hardcoded.b70c2d28a1","frontstage","hardcoded","src/app/page.tsx","268","2","unknown","","价格","","Hardcoded UI copy. Migrate to i18n before automatic replacement."
"hardcoded.88c34452cc","frontstage","hardcoded","src/app/page.tsx","269","1","unknown","","位置","","Hardcoded UI copy. Migrate to i18n before automatic replacement."
"hardcoded.726aeb8a88","frontstage","hardcoded","src/app/page.tsx","271","2","unknown","","关联案件","","Hardcoded UI copy. Migrate to i18n before automatic replacement."
"hardcoded.8fdc4ab6f3","frontstage","hardcoded","src/app/page.tsx","275","1","unknown","","资料类型","","Hardcoded UI copy. Migrate to i18n before automatic replacement."
"hardcoded.4abc90bb02","frontstage","hardcoded","src/app/page.tsx","276","1","unknown","","整理到","","Hardcoded UI copy. Migrate to i18n before automatic replacement."
"hardcoded.55a04b58cd","frontstage","hardcoded","src/app/page.tsx","277","3","unknown","","未设置","","Hardcoded UI copy. Migrate to i18n before automatic replacement."
"hardcoded.42ad12d10f","frontstage","hardcoded","src/app/page.tsx","278","1","unknown","","暂无可显示记录。","","Hardcoded UI copy. Migrate to i18n before automatic replacement."
"hardcoded.8b8b664f50","frontstage","hardcoded","src/app/page.tsx","279","2","unknown","","当前显示","","Hardcoded UI copy. Migrate to i18n before automatic replacement."
"hardcoded.1bee7a66f5","frontstage","hardcoded","src/app/page.tsx","281","1","unknown","","案件里仍有资料待确认，需要继续补全人员、物件或费用信息。","","Hardcoded UI copy. Migrate to i18n before automatic replacement."
"hardcoded.cd01f0ed35","frontstage","hardcoded","src/app/page.tsx","282","1","unknown","","案件资料已经整理，可继续查看、补充或关联其他资料。","","Hardcoded UI copy. Migrate to i18n before automatic replacement."
"hardcoded.61f16d4814","frontstage","hardcoded","src/app/page.tsx","283","1","unknown","","基础信息已经整理，可按需打开查看。","","Hardcoded UI copy. Migrate to i18n before automatic replacement."
"hardcoded.d676d719c8","frontstage","hardcoded","src/app/page.tsx","284","1","unknown","","关系人信息还不完整，请先确认角色或联系资料。","","Hardcoded UI copy. Migrate to i18n before automatic replacement."
"hardcoded.fab60729db","frontstage","hardcoded","src/app/page.tsx","285","1","unknown","","物件信息还不完整，请先补齐后再关联案件。","","Hardcoded UI copy. Migrate to i18n before automatic replacement."
"hardcoded.9a8fbca0da","frontstage","hardcoded","src/app/page.tsx","286","1","unknown","","这份资料还没有确认归属，需要先分配到案件、客户或物件。","","Hardcoded UI copy. Migrate to i18n before automatic replacement."
"hardcoded.fd4c8093f7","frontstage","hardcoded","src/app/page.tsx","287","1","unknown","","这份资料还需要归入案件、客户或物件。","","Hardcoded UI copy. Migrate to i18n before automatic replacement."
"hardcoded.b7e1b805f9","frontstage","hardcoded","src/app/page.tsx","288","1","unknown","","这份资料已经整理，可按需打开查看。","","Hardcoded UI copy. Migrate to i18n before automatic replacement."
"hardcoded.0823101500","frontstage","hardcoded","src/app/page.tsx","289","1","unknown","","客户/关系人未设置，请回到案件中确认。","","Hardcoded UI copy. Migrate to i18n before automatic replacement."
"hardcoded.eaadadd7b6","frontstage","hardcoded","src/app/page.tsx","290","1","unknown","","物件未设置，请回到案件中确认。","","Hardcoded UI copy. Migrate to i18n before automatic replacement."
"hardcoded.a54e5fc0c2","frontstage","hardcoded","src/app/page.tsx","291","1","unknown","","已关联资料中仍有未整理内容。","","Hardcoded UI copy. Migrate to i18n before automatic replacement."
"hardcoded.d7cb50c414","frontstage","hardcoded","src/app/page.tsx","294","1","unknown","","자료 관리 센터","","Hardcoded UI copy. Migrate to i18n before automatic replacement."
"hardcoded.6c5b58b940","frontstage","hardcoded","src/app/page.tsx","295","1","unknown","","고객, 매물, 안건, 자료의 연결 상태를 한곳에서 확인합니다.","","Hardcoded UI copy. Migrate to i18n before automatic replacement."
"hardcoded.702514f5ff","frontstage","hardcoded","src/app/page.tsx","296","1","unknown","","지금 무엇을 할까요","","Hardcoded UI copy. Migrate to i18n before automatic replacement."
"hardcoded.7ba9845441","frontstage","hardcoded","src/app/page.tsx","297","1","unknown","","자주 쓰는 네 가지 흐름을 먼저 둡니다. 안건 생성, 자료 읽기, 부족 정보 정리, 신청서 출력입니다.","","Hardcoded UI copy. Migrate to i18n before automatic replacement."
"hardcoded.44726f89fc","frontstage","hardcoded","src/app/page.tsx","298","1","unknown","","현재 워크스페이스","","Hardcoded UI copy. Migrate to i18n before automatic replacement."
"hardcoded.e421adb6af","frontstage","hardcoded","src/app/page.tsx","299","1","unknown","","고객, 매물, 안건, 자료, 출력 문서 검색","","Hardcoded UI copy. Migrate to i18n before automatic replacement."
"hardcoded.bc539fed78","frontstage","hardcoded","src/app/page.tsx","301","1","unknown","","지우기","","Hardcoded UI copy. Migrate to i18n before automatic replacement."
"hardcoded.47300a24d4","frontstage","hardcoded","src/app/page.tsx","302","2","unknown","","안건 만들기","","Hardcoded UI copy. Migrate to i18n before automatic replacement."
"hardcoded.07ce37a77f","frontstage","hardcoded","src/app/page.tsx","303","1","unknown","","파일이 없어도 안건, 고객, 매물을 먼저 만들 수 있습니다.","","Hardcoded UI copy. Migrate to i18n before automatic replacement."
"hardcoded.fa0496315e","frontstage","hardcoded","src/app/page.tsx","305","1","unknown","","Excel, 재류카드, 운전면허증, 이미지 자료를 읽습니다.","","Hardcoded UI copy. Migrate to i18n before automatic replacement."
"hardcoded.268c3e5248","frontstage","hardcoded","src/app/page.tsx","306","1","unknown","","부족 정보 입력","","Hardcoded UI copy. Migrate to i18n before automatic replacement."
"hardcoded.858742d4b7","frontstage","hardcoded","src/app/page.tsx","307","1","unknown","","미입력, 확인 대기, 불일치 항목만 이어서 정리합니다.","","Hardcoded UI copy. Migrate to i18n before automatic replacement."
"hardcoded.eaed19b1b0","frontstage","hardcoded","src/app/page.tsx","308","1","unknown","","현재 정리 상태","","Hardcoded UI copy. Migrate to i18n before automatic replacement."
"hardcoded.10c1c408d4","frontstage","hardcoded","src/app/page.tsx","309","1","unknown","","유형별 보기","","Hardcoded UI copy. Migrate to i18n before automatic replacement."
"hardcoded.118ce48226","frontstage","hardcoded","src/app/page.tsx","310","1","unknown","","자료 지도","","Hardcoded UI copy. Migrate to i18n before automatic replacement."
"hardcoded.989a59c8d8","frontstage","hardcoded","src/app/page.tsx","311","1","unknown","","안건, 고객/관계자, 매물, 자료 파일의 상태를 함께 확인합니다.","","Hardcoded UI copy. Migrate to i18n before automatic replacement."
"hardcoded.3d03b8c4af","frontstage","hardcoded","src/app/page.tsx","312","1","unknown","","안건 생성 / 자료 추가","","Hardcoded UI copy. Migrate to i18n before automatic replacement."
"hardcoded.6a6c0a4972","frontstage","hardcoded","src/app/page.tsx","313","1","unknown","","안건, 고객, 매물을 만들고 필요한 자료를 추가합니다.","","Hardcoded UI copy. Migrate to i18n before automatic replacement."
"hardcoded.6b2f8b22af","frontstage","hardcoded","src/app/page.tsx","315","1","unknown","","안건과 템플릿을 선택한 뒤 문서를 생성합니다.","","Hardcoded UI copy. Migrate to i18n before automatic replacement."
"hardcoded.74dc8aa1f0","frontstage","hardcoded","src/app/page.tsx","316","1","unknown","","연결된 자료","","Hardcoded UI copy. Migrate to i18n before automatic replacement."
"hardcoded.b364a6ad08","frontstage","hardcoded","src/app/page.tsx","318","1","unknown","","아직 연결된 자료가 없습니다.","","Hardcoded UI copy. Migrate to i18n before automatic replacement."
"hardcoded.80baee3939","frontstage","hardcoded","src/app/page.tsx","320","1","unknown","","자료 색인","","Hardcoded UI copy. Migrate to i18n before automatic replacement."
"hardcoded.2b2763174b","frontstage","hardcoded","src/app/page.tsx","321","2","unknown","","선택 항목","","Hardcoded UI copy. Migrate to i18n before automatic replacement."
"hardcoded.0950fab79d","frontstage","hardcoded","src/app/page.tsx","322","1","unknown","","최근 업데이트","","Hardcoded UI copy. Migrate to i18n before automatic replacement."
"hardcoded.241a3257e3","frontstage","hardcoded","src/app/page.tsx","327","1","unknown","","자료 파일","","Hardcoded UI copy. Migrate to i18n before automatic replacement."
"hardcoded.04d3f48b30","frontstage","hardcoded","src/app/page.tsx","328","1","unknown","","출력 문서","","Hardcoded UI copy. Migrate to i18n before automatic replacement."
"hardcoded.c8850aa128","frontstage","hardcoded","src/app/page.tsx","329","2","unknown","","계약/제안","","Hardcoded UI copy. Migrate to i18n before automatic replacement."
"hardcoded.e95002ee27","frontstage","hardcoded","src/app/page.tsx","330","2","unknown","","첨부","","Hardcoded UI copy. Migrate to i18n before automatic replacement."
"hardcoded.0987ff79cd","frontstage","hardcoded","src/app/page.tsx","331","1","unknown","","처리","","Hardcoded UI copy. Migrate to i18n before automatic replacement."
"hardcoded.d5442fb98f","frontstage","hardcoded","src/app/page.tsx","332","1","unknown","","표시할 대상이 없습니다.","","Hardcoded UI copy. Migrate to i18n before automatic replacement."
"hardcoded.918f5d1c2e","frontstage","hardcoded","src/app/page.tsx","337","1","unknown","","자세히 보기","","Hardcoded UI copy. Migrate to i18n before automatic replacement."
"hardcoded.d1a2d3a223","frontstage","hardcoded","src/app/page.tsx","343","1","unknown","","생성","","Hardcoded UI copy. Migrate to i18n before automatic replacement."
"hardcoded.80577c5f49","frontstage","hardcoded","src/app/page.tsx","346","1","unknown","","유형","","Hardcoded UI copy. Migrate to i18n before automatic replacement."
"hardcoded.f3f4087e96","frontstage","hardcoded","src/app/page.tsx","347","6","unknown","","역할","","Hardcoded UI copy. Migrate to i18n before automatic replacement."
"hardcoded.628609e0d9","frontstage","hardcoded","src/app/page.tsx","348","2","unknown","","가격","","Hardcoded UI copy. Migrate to i18n before automatic replacement."
"hardcoded.f0a1cd768b","frontstage","hardcoded","src/app/page.tsx","351","1","unknown","","관련 안건","","Hardcoded UI copy. Migrate to i18n before automatic replacement."
"hardcoded.b0130536c9","frontstage","hardcoded","src/app/page.tsx","355","1","unknown","","자료 유형","","Hardcoded UI copy. Migrate to i18n before automatic replacement."
"hardcoded.ce2bff4bf4","frontstage","hardcoded","src/app/page.tsx","356","1","unknown","","정리 위치","","Hardcoded UI copy. Migrate to i18n before automatic replacement."
"hardcoded.c6c6749ad9","frontstage","hardcoded","src/app/page.tsx","357","3","unknown","","미설정","","Hardcoded UI copy. Migrate to i18n before automatic replacement."
"hardcoded.124c21af0f","frontstage","hardcoded","src/app/page.tsx","358","1","unknown","","표시할 이력이 아직 없습니다.","","Hardcoded UI copy. Migrate to i18n before automatic replacement."
"hardcoded.a61d568e9d","frontstage","hardcoded","src/app/page.tsx","359","1","unknown","","표시","","Hardcoded UI copy. Migrate to i18n before automatic replacement."
"hardcoded.1f53ab14e9","frontstage","hardcoded","src/app/page.tsx","360","1","unknown","","표시 중","","Hardcoded UI copy. Migrate to i18n before automatic replacement."
"hardcoded.36ced69e6e","frontstage","hardcoded","src/app/page.tsx","361","1","unknown","","안건 안에 확인할 정보가 남아 있습니다. 관계자, 매물, 비용 정보를 보완하세요.","","Hardcoded UI copy. Migrate to i18n before automatic replacement."
"hardcoded.e9b77cae61","frontstage","hardcoded","src/app/page.tsx","362","1","unknown","","안건 자료가 정리되었습니다. 확인하거나 자료 추가를 계속할 수 있습니다.","","Hardcoded UI copy. Migrate to i18n before automatic replacement."
"hardcoded.fad43e1414","frontstage","hardcoded","src/app/page.tsx","363","1","unknown","","기본 정보가 정리되었습니다. 필요하면 열어 확인할 수 있습니다.","","Hardcoded UI copy. Migrate to i18n before automatic replacement."
"hardcoded.c319305e83","frontstage","hardcoded","src/app/page.tsx","364","1","unknown","","관계자 정보가 부족합니다. 역할이나 연락처를 확인하세요.","","Hardcoded UI copy. Migrate to i18n before automatic replacement."
"hardcoded.151ee1a452","frontstage","hardcoded","src/app/page.tsx","365","1","unknown","","매물 정보가 부족합니다. 안건에 연결하기 전에 확인하세요.","","Hardcoded UI copy. Migrate to i18n before automatic replacement."
"hardcoded.96bfa65a75","frontstage","hardcoded","src/app/page.tsx","366","1","unknown","","이 자료의 연결 대상이 아직 확정되지 않았습니다.","","Hardcoded UI copy. Migrate to i18n before automatic replacement."
"hardcoded.990d9f06a9","frontstage","hardcoded","src/app/page.tsx","367","1","unknown","","이 자료를 안건, 관계자, 매물 중 알맞은 대상으로 정리하세요.","","Hardcoded UI copy. Migrate to i18n before automatic replacement."
"hardcoded.30e1e81998","frontstage","hardcoded","src/app/page.tsx","368","1","unknown","","이 자료는 정리되었습니다. 필요하면 열어 확인할 수 있습니다.","","Hardcoded UI copy. Migrate to i18n before automatic replacement."
"hardcoded.e5a834f11c","frontstage","hardcoded","src/app/page.tsx","369","1","unknown","","관계자가 설정되지 않았습니다. 안건에서 관계자를 확인하세요.","","Hardcoded UI copy. Migrate to i18n before automatic replacement."
"hardcoded.c6f8edb518","frontstage","hardcoded","src/app/page.tsx","370","1","unknown","","매물이 설정되지 않았습니다. 안건에서 매물을 확인하세요.","","Hardcoded UI copy. Migrate to i18n before automatic replacement."
"hardcoded.18b41b3666","frontstage","hardcoded","src/app/page.tsx","371","1","unknown","","연결된 자료 중 아직 정리할 항목이 있습니다.","","Hardcoded UI copy. Migrate to i18n before automatic replacement."
"hardcoded.0639e20b80","frontstage","hardcoded","src/components/app-nav.tsx","27","1","unknown","","멤버/권한","","Hardcoded UI copy. Migrate to i18n before automatic replacement."
"hardcoded.afea0d6dad","frontstage","hardcoded","src/components/app-nav.tsx","27","1","unknown","","成员/权限","","Hardcoded UI copy. Migrate to i18n before automatic replacement."
"hardcoded.e551398a89","frontstage","hardcoded","src/components/app-nav.tsx","27","1","unknown","","メンバー/権限","","Hardcoded UI copy. Migrate to i18n before automatic replacement."
"hardcoded.7c6b5b7eb9","frontstage","hardcoded","src/components/app-nav.tsx","28","1","unknown","","テンプレート管理","","Hardcoded UI copy. Migrate to i18n before automatic replacement."
"hardcoded.814aab37ce","frontstage","hardcoded","src/components/app-nav.tsx","28","1","unknown","","模板管理","","Hardcoded UI copy. Migrate to i18n before automatic replacement."
"hardcoded.fa90686fcd","frontstage","hardcoded","src/components/app-nav.tsx","28","1","unknown","","템플릿 관리","","Hardcoded UI copy. Migrate to i18n before automatic replacement."
"hardcoded.251a07a009","frontstage","hardcoded","src/components/app-nav.tsx","29","1","unknown","","출력 템플릿","","Hardcoded UI copy. Migrate to i18n before automatic replacement."
"hardcoded.66db97a84a","frontstage","hardcoded","src/components/app-nav.tsx","29","1","unknown","","输出模板","","Hardcoded UI copy. Migrate to i18n before automatic replacement."
"hardcoded.a34d000c89","frontstage","hardcoded","src/components/app-nav.tsx","29","1","unknown","","出力テンプレート","","Hardcoded UI copy. Migrate to i18n before automatic replacement."
"hardcoded.15d1dc6371","frontstage","hardcoded","src/components/app-nav.tsx","30","1","unknown","","정리 항목","","Hardcoded UI copy. Migrate to i18n before automatic replacement."
"hardcoded.4f3d31fb9c","frontstage","hardcoded","src/components/app-nav.tsx","30","1","unknown","","整理项目","","Hardcoded UI copy. Migrate to i18n before automatic replacement."
"hardcoded.9423cf0211","frontstage","hardcoded","src/components/app-nav.tsx","30","1","unknown","","整理項目","","Hardcoded UI copy. Migrate to i18n before automatic replacement."
"hardcoded.309f14a8c5","frontstage","hardcoded","src/components/app-nav.tsx","54","1","unknown","","実行担当","","Hardcoded UI copy. Migrate to i18n before automatic replacement."
"hardcoded.6f44a45c92","frontstage","hardcoded","src/components/app-nav.tsx","54","1","unknown","","작업 계정","","Hardcoded UI copy. Migrate to i18n before automatic replacement."
"hardcoded.9f8949bec7","frontstage","hardcoded","src/components/app-nav.tsx","55","1","unknown","","担当/言語","","Hardcoded UI copy. Migrate to i18n before automatic replacement."
"hardcoded.f4c15d0e8c","frontstage","hardcoded","src/components/app-nav.tsx","55","1","unknown","","账号/语言","","Hardcoded UI copy. Migrate to i18n before automatic replacement."
"hardcoded.fc0ed86239","frontstage","hardcoded","src/components/app-nav.tsx","55","1","unknown","","계정/언어","","Hardcoded UI copy. Migrate to i18n before automatic replacement."
"hardcoded.1b82cf58cf","frontstage","hardcoded","src/components/app-nav.tsx","59","1","unknown","","资料管理 / 建档入口 / 整理 / 输出","","Hardcoded UI copy. Migrate to i18n before automatic replacement."
"hardcoded.d3ffcf3b8c","frontstage","hardcoded","src/components/app-nav.tsx","61","1","unknown","","자료관리 / 등록 입구 / 정리 / 출력","","Hardcoded UI copy. Migrate to i18n before automatic replacement."
"hardcoded.3c553862c6","frontstage","hardcoded","src/components/app-nav.tsx","62","1","unknown","","資料管理 / 作成・資料登録 / 整理 / 出力","","Hardcoded UI copy. Migrate to i18n before automatic replacement."
"hardcoded.0ea1bbb41a","frontstage","hardcoded","src/components/board-kanban.tsx","33","1","unknown","","顧客カードを別ステージへドラッグすると更新されます。","","Hardcoded UI copy. Migrate to i18n before automatic replacement."
"hardcoded.d70d425039","frontstage","hardcoded","src/components/board-kanban.tsx","34","2","unknown","","保存中...","","Hardcoded UI copy. Migrate to i18n before automatic replacement."
"hardcoded.48dbdd8e15","frontstage","hardcoded","src/components/board-kanban.tsx","35","1","unknown","","ステージ更新に失敗しました。","","Hardcoded UI copy. Migrate to i18n before automatic replacement."
"hardcoded.83d6a5c798","frontstage","hardcoded","src/components/board-kanban.tsx","37","1","unknown","","予算未設定","","Hardcoded UI copy. Migrate to i18n before automatic replacement."
"hardcoded.351ba363af","frontstage","hardcoded","src/components/board-kanban.tsx","40","1","unknown","","顧客なし","","Hardcoded UI copy. Migrate to i18n before automatic replacement."
"hardcoded.d959f45a8c","frontstage","hardcoded","src/components/board-kanban.tsx","41","1","unknown","","ボード操作","","Hardcoded UI copy. Migrate to i18n before automatic replacement."
"hardcoded.5a1572bf28","frontstage","hardcoded","src/components/board-kanban.tsx","44","1","unknown","","将客户卡片拖拽到其他阶段即可更新。","","Hardcoded UI copy. Migrate to i18n before automatic replacement."
"hardcoded.130e51afbd","frontstage","hardcoded","src/components/board-kanban.tsx","46","1","unknown","","阶段更新失败。","","Hardcoded UI copy. Migrate to i18n before automatic replacement."
"hardcoded.ac96efdce0","frontstage","hardcoded","src/components/board-kanban.tsx","48","1","unknown","","未设置预算","","Hardcoded UI copy. Migrate to i18n before automatic replacement."
"hardcoded.bfa0e67010","frontstage","hardcoded","src/components/board-kanban.tsx","51","1","unknown","","无客户","","Hardcoded UI copy. Migrate to i18n before automatic replacement."
"hardcoded.0030839e3b","frontstage","hardcoded","src/components/board-kanban.tsx","52","1","unknown","","看板操作","","Hardcoded UI copy. Migrate to i18n before automatic replacement."
"hardcoded.4c2188b95f","frontstage","hardcoded","src/components/board-kanban.tsx","55","1","unknown","","고객 카드를 다른 단계로 드래그하면 상태가 업데이트됩니다.","","Hardcoded UI copy. Migrate to i18n before automatic replacement."
"hardcoded.5d68706086","frontstage","hardcoded","src/components/board-kanban.tsx","56","1","unknown","","저장 중...","","Hardcoded UI copy. Migrate to i18n before automatic replacement."
"hardcoded.f0a2584dd4","frontstage","hardcoded","src/components/board-kanban.tsx","57","1","unknown","","단계 업데이트에 실패했습니다.","","Hardcoded UI copy. Migrate to i18n before automatic replacement."
"hardcoded.9dee3f2dd5","frontstage","hardcoded","src/components/board-kanban.tsx","59","1","unknown","","예산 미설정","","Hardcoded UI copy. Migrate to i18n before automatic replacement."
"hardcoded.e045e53825","frontstage","hardcoded","src/components/board-kanban.tsx","62","1","unknown","","고객 없음","","Hardcoded UI copy. Migrate to i18n before automatic replacement."
"hardcoded.b7b56c7f24","frontstage","hardcoded","src/components/board-kanban.tsx","63","1","unknown","","보드 조작","","Hardcoded UI copy. Migrate to i18n before automatic replacement."
"hardcoded.122b09757f","frontstage","hardcoded","src/components/client-form.tsx","51","1","unknown","","A. 基本情報","","Hardcoded UI copy. Migrate to i18n before automatic replacement."
"hardcoded.0c6cab2d09","frontstage","hardcoded","src/components/client-form.tsx","52","1","unknown","","B. 希望条件","","Hardcoded UI copy. Migrate to i18n before automatic replacement."
"hardcoded.996bc42dd0","frontstage","hardcoded","src/components/client-form.tsx","53","1","unknown","","C. 契約・法定対応","","Hardcoded UI copy. Migrate to i18n before automatic replacement."
"hardcoded.3ea9b1259d","frontstage","hardcoded","src/components/client-form.tsx","54","1","unknown","","D. フォロー設定","","Hardcoded UI copy. Migrate to i18n before automatic replacement."
"hardcoded.893793b5f9","frontstage","hardcoded","src/components/client-form.tsx","58","4","unknown","","メールアドレス","","Hardcoded UI copy. Migrate to i18n before automatic replacement."
"hardcoded.5177b4542f","frontstage","hardcoded","src/components/client-form.tsx","59","2","unknown","","予算下限","","Hardcoded UI copy. Migrate to i18n before automatic replacement."
"hardcoded.eff36568c6","frontstage","hardcoded","src/components/client-form.tsx","62","2","unknown","","第1希望エリア","","Hardcoded UI copy. Migrate to i18n before automatic replacement."
"hardcoded.f25a934b03","frontstage","hardcoded","src/components/client-form.tsx","63","2","unknown","","第2希望エリア","","Hardcoded UI copy. Migrate to i18n before automatic replacement."
"hardcoded.6b15fe27b6","frontstage","hardcoded","src/components/client-form.tsx","70","1","unknown","","重要事項説明日（35条）","","Hardcoded UI copy. Migrate to i18n before automatic replacement."
"hardcoded.f3c5889f06","frontstage","hardcoded","src/components/client-form.tsx","71","1","unknown","","契約書面交付日（37条）","","Hardcoded UI copy. Migrate to i18n before automatic replacement."
"hardcoded.2e71370827","frontstage","hardcoded","src/components/client-form.tsx","72","1","unknown","","個人情報利用目的同意確認日","","Hardcoded UI copy. Migrate to i18n before automatic replacement."
"hardcoded.809572b099","frontstage","hardcoded","src/components/client-form.tsx","73","1","unknown","","希望メモ / 初回ヒアリング要点","","Hardcoded UI copy. Migrate to i18n before automatic replacement."
"hardcoded.04d957115f","frontstage","hardcoded","src/components/client-form.tsx","74","1","unknown","","顧客を保存","","Hardcoded UI copy. Migrate to i18n before automatic replacement."
"hardcoded.10cb0a5beb","frontstage","hardcoded","src/components/client-form.tsx","75","1","unknown","","保存して提案作成","","Hardcoded UI copy. Migrate to i18n before automatic replacement."
"hardcoded.383b81a9d2","frontstage","hardcoded","src/components/client-form.tsx","76","1","unknown","","変更を保存","","Hardcoded UI copy. Migrate to i18n before automatic replacement."
"hardcoded.6ec8513054","frontstage","hardcoded","src/components/client-form.tsx","80","1","unknown","","A. 基本信息","","Hardcoded UI copy. Migrate to i18n before automatic replacement."
"hardcoded.ca8f9899ed","frontstage","hardcoded","src/components/client-form.tsx","81","1","unknown","","B. 需求条件","","Hardcoded UI copy. Migrate to i18n before automatic replacement."
"hardcoded.9ab748f880","frontstage","hardcoded","src/components/client-form.tsx","82","1","unknown","","C. 合同与法定应对","","Hardcoded UI copy. Migrate to i18n before automatic replacement."
"hardcoded.d5723b8bbc","frontstage","hardcoded","src/components/client-form.tsx","83","1","unknown","","D. 跟进设置","","Hardcoded UI copy. Migrate to i18n before automatic replacement."
"hardcoded.73248b0d70","frontstage","hardcoded","src/components/client-form.tsx","84","1","unknown","","客户姓名","","Hardcoded UI copy. Migrate to i18n before automatic replacement."
"hardcoded.b13ddae6cb","frontstage","hardcoded","src/components/client-form.tsx","87","2","unknown","","邮箱地址","","Hardcoded UI copy. Migrate to i18n before automatic replacement."
"hardcoded.da09fd04dc","frontstage","hardcoded","src/components/client-form.tsx","88","2","unknown","","预算下限","","Hardcoded UI copy. Migrate to i18n before automatic replacement."
"hardcoded.d968368489","frontstage","hardcoded","src/components/client-form.tsx","91","2","unknown","","第一意向区域","","Hardcoded UI copy. Migrate to i18n before automatic replacement."
"hardcoded.18d262a4d2","frontstage","hardcoded","src/components/client-form.tsx","92","2","unknown","","第二意向区域","","Hardcoded UI copy. Migrate to i18n before automatic replacement."
"hardcoded.3ef5bea9c8","frontstage","hardcoded","src/components/client-form.tsx","99","1","unknown","","重要事项说明日（35条）","","Hardcoded UI copy. Migrate to i18n before automatic replacement."
"hardcoded.fbb420aa53","frontstage","hardcoded","src/components/client-form.tsx","100","1","unknown","","合同书面交付日（37条）","","Hardcoded UI copy. Migrate to i18n before automatic replacement."
"hardcoded.53442c1c80","frontstage","hardcoded","src/components/client-form.tsx","101","1","unknown","","个人信息使用同意确认日","","Hardcoded UI copy. Migrate to i18n before automatic replacement."
"hardcoded.0d993a6f25","frontstage","hardcoded","src/components/client-form.tsx","102","1","unknown","","需求备注 / 首次访谈要点","","Hardcoded UI copy. Migrate to i18n before automatic replacement."
"hardcoded.c065ad7dff","frontstage","hardcoded","src/components/client-form.tsx","103","1","unknown","","保存客户","","Hardcoded UI copy. Migrate to i18n before automatic replacement."
"hardcoded.6e2fd63e16","frontstage","hardcoded","src/components/client-form.tsx","104","1","unknown","","保存并创建提案","","Hardcoded UI copy. Migrate to i18n before automatic replacement."
"hardcoded.60b4ae9082","frontstage","hardcoded","src/components/client-form.tsx","105","1","unknown","","保存修改","","Hardcoded UI copy. Migrate to i18n before automatic replacement."
"hardcoded.f88a19e661","frontstage","hardcoded","src/components/client-form.tsx","109","1","unknown","","A. 기본 정보","","Hardcoded UI copy. Migrate to i18n before automatic replacement."
"hardcoded.7234ca812a","frontstage","hardcoded","src/components/client-form.tsx","110","1","unknown","","B. 희망 조건","","Hardcoded UI copy. Migrate to i18n before automatic replacement."
"hardcoded.c1d77e59f5","frontstage","hardcoded","src/components/client-form.tsx","111","1","unknown","","C. 계약/법정 대응","","Hardcoded UI copy. Migrate to i18n before automatic replacement."
"hardcoded.39bcf04370","frontstage","hardcoded","src/components/client-form.tsx","112","1","unknown","","D. 후속 설정","","Hardcoded UI copy. Migrate to i18n before automatic replacement."
"hardcoded.a8f09a382c","frontstage","hardcoded","src/components/client-form.tsx","117","2","unknown","","예산 하한","","Hardcoded UI copy. Migrate to i18n before automatic replacement."
"hardcoded.b463c92766","frontstage","hardcoded","src/components/client-form.tsx","120","2","unknown","","1순위 희망 지역","","Hardcoded UI copy. Migrate to i18n before automatic replacement."
"hardcoded.f01737e15f","frontstage","hardcoded","src/components/client-form.tsx","121","2","unknown","","2순위 희망 지역","","Hardcoded UI copy. Migrate to i18n before automatic replacement."
"hardcoded.ff5d8a5f04","frontstage","hardcoded","src/components/client-form.tsx","128","1","unknown","","중요사항 설명일(35조)","","Hardcoded UI copy. Migrate to i18n before automatic replacement."
"hardcoded.e70a5cf48f","frontstage","hardcoded","src/components/client-form.tsx","129","1","unknown","","계약서 교부일(37조)","","Hardcoded UI copy. Migrate to i18n before automatic replacement."
"hardcoded.c2d50377d9","frontstage","hardcoded","src/components/client-form.tsx","130","1","unknown","","개인정보 이용 동의 확인일","","Hardcoded UI copy. Migrate to i18n before automatic replacement."
"hardcoded.49ce8bf852","frontstage","hardcoded","src/components/client-form.tsx","131","1","unknown","","요청 메모 / 초기 상담 요점","","Hardcoded UI copy. Migrate to i18n before automatic replacement."
"hardcoded.1b4677d409","frontstage","hardcoded","src/components/client-form.tsx","132","1","unknown","","고객 저장","","Hardcoded UI copy. Migrate to i18n before automatic replacement."
"hardcoded.b6b1e48f08","frontstage","hardcoded","src/components/client-form.tsx","133","1","unknown","","저장 후 제안 생성","","Hardcoded UI copy. Migrate to i18n before automatic replacement."
"hardcoded.ca06af1fe0","frontstage","hardcoded","src/components/client-form.tsx","134","1","unknown","","변경사항 저장","","Hardcoded UI copy. Migrate to i18n before automatic replacement."
"hardcoded.1e0eff1087","frontstage","hardcoded","src/components/copy-text-button.tsx","15","1","unknown","","コピー済み","","Hardcoded UI copy. Migrate to i18n before automatic replacement."
"hardcoded.88b5c4d652","frontstage","hardcoded","src/components/copy-text-button.tsx","15","1","unknown","","提案文をコピー","","Hardcoded UI copy. Migrate to i18n before automatic replacement."
"hardcoded.cafd96e3c3","frontstage","hardcoded","src/components/copy-text-button.tsx","16","1","unknown","","复制提案文","","Hardcoded UI copy. Migrate to i18n before automatic replacement."
"hardcoded.e381a5763d","frontstage","hardcoded","src/components/copy-text-button.tsx","16","1","unknown","","已复制","","Hardcoded UI copy. Migrate to i18n before automatic replacement."
"hardcoded.1fd305d32f","frontstage","hardcoded","src/components/copy-text-button.tsx","17","1","unknown","","제안 문구 복사","","Hardcoded UI copy. Migrate to i18n before automatic replacement."
"hardcoded.a1337d9608","frontstage","hardcoded","src/components/copy-text-button.tsx","17","1","unknown","","복사 완료","","Hardcoded UI copy. Migrate to i18n before automatic replacement."
"hardcoded.0b2e020717","frontstage","hardcoded","src/components/form-draft-assist.tsx","39","1","unknown","","下書きがあります","","Hardcoded UI copy. Migrate to i18n before automatic replacement."
"hardcoded.442ee7eb76","frontstage","hardcoded","src/components/form-draft-assist.tsx","40","1","unknown","","復元","","Hardcoded UI copy. Migrate to i18n before automatic replacement."
"hardcoded.a328a2d80d","frontstage","hardcoded","src/components/form-draft-assist.tsx","41","1","unknown","","破棄","","Hardcoded UI copy. Migrate to i18n before automatic replacement."
"hardcoded.869432aff1","frontstage","hardcoded","src/components/form-draft-assist.tsx","42","1","unknown","","前回入力があります","","Hardcoded UI copy. Migrate to i18n before automatic replacement."
"hardcoded.1d0909b81a","frontstage","hardcoded","src/components/form-draft-assist.tsx","44","1","unknown","","忘却","","Hardcoded UI copy. Migrate to i18n before automatic replacement."
"hardcoded.9142bf8813","frontstage","hardcoded","src/components/form-draft-assist.tsx","45","1","unknown","","自動保存","","Hardcoded UI copy. Migrate to i18n before automatic replacement."
"hardcoded.26600c9d5e","frontstage","hardcoded","src/components/form-draft-assist.tsx","49","1","unknown","","有草稿可恢复","","Hardcoded UI copy. Migrate to i18n before automatic replacement."
"hardcoded.4857c49b03","frontstage","hardcoded","src/components/form-draft-assist.tsx","52","1","unknown","","有上次输入","","Hardcoded UI copy. Migrate to i18n before automatic replacement."
"hardcoded.84fcd70d42","frontstage","hardcoded","src/components/form-draft-assist.tsx","54","1","unknown","","清空","","Hardcoded UI copy. Migrate to i18n before automatic replacement."
"hardcoded.48eafb29f0","frontstage","hardcoded","src/components/form-draft-assist.tsx","55","1","unknown","","自动保存","","Hardcoded UI copy. Migrate to i18n before automatic replacement."
"hardcoded.2609dfe954","frontstage","hardcoded","src/components/form-draft-assist.tsx","59","1","unknown","","복원 가능한 초안이 있습니다","","Hardcoded UI copy. Migrate to i18n before automatic replacement."
"hardcoded.cc598771f2","frontstage","hardcoded","src/components/form-draft-assist.tsx","60","1","unknown","","복원","","Hardcoded UI copy. Migrate to i18n before automatic replacement."
"hardcoded.b5e80bf1fe","frontstage","hardcoded","src/components/form-draft-assist.tsx","62","1","unknown","","최근 입력값이 있습니다","","Hardcoded UI copy. Migrate to i18n before automatic replacement."
"hardcoded.f79024b509","frontstage","hardcoded","src/components/form-draft-assist.tsx","65","1","unknown","","자동 저장","","Hardcoded UI copy. Migrate to i18n before automatic replacement."
"hardcoded.225147e538","frontstage","hardcoded","src/components/friends-guarantee-calibration-preview.tsx","116","1","unknown","","1 全保連","","Hardcoded UI copy. Migrate to i18n before automatic replacement."
"hardcoded.ccce3b9c23","frontstage","hardcoded","src/components/friends-guarantee-calibration-preview.tsx","119","1","unknown","","協定会社/仲介会社","","Hardcoded UI copy. Migrate to i18n before automatic replacement."
"hardcoded.1e3bb9dc84","frontstage","hardcoded","src/components/friends-guarantee-calibration-preview.tsx","120","1","unknown","","申込日/入居日","","Hardcoded UI copy. Migrate to i18n before automatic replacement."
"hardcoded.a446db8f67","frontstage","hardcoded","src/components/friends-guarantee-calibration-preview.tsx","121","1","unknown","","物件内容/代理店記入欄","","Hardcoded UI copy. Migrate to i18n before automatic replacement."
"hardcoded.759c07b3a6","frontstage","hardcoded","src/components/friends-guarantee-calibration-preview.tsx","122","6","unknown","","申込者・賃借人","","Hardcoded UI copy. Migrate to i18n before automatic replacement."
"hardcoded.7ffd6e7c6a","frontstage","hardcoded","src/components/friends-guarantee-calibration-preview.tsx","123","2","unknown","","同居者","","Hardcoded UI copy. Migrate to i18n before automatic replacement."
"hardcoded.3c4bab7e52","frontstage","hardcoded","src/components/friends-guarantee-calibration-preview.tsx","124","1","unknown","","連帯保証人/緊急連絡先","","Hardcoded UI copy. Migrate to i18n before automatic replacement."
"hardcoded.6de6ee498a","frontstage","hardcoded","src/components/friends-guarantee-calibration-preview.tsx","125","5","unknown","","この表の全項目","","Hardcoded UI copy. Migrate to i18n before automatic replacement."
"hardcoded.d67d4ee869","frontstage","hardcoded","src/components/friends-guarantee-calibration-preview.tsx","126","5","unknown","","その他/未分類","","Hardcoded UI copy. Migrate to i18n before automatic replacement."
"hardcoded.7c684b2b6f","frontstage","hardcoded","src/components/friends-guarantee-calibration-preview.tsx","131","1","unknown","","2 日本セーフティー","","Hardcoded UI copy. Migrate to i18n before automatic replacement."
"hardcoded.8895018654","frontstage","hardcoded","src/components/friends-guarantee-calibration-preview.tsx","134","1","unknown","","お申込者記入欄","","Hardcoded UI copy. Migrate to i18n before automatic replacement."
"hardcoded.a97a54cb30","frontstage","hardcoded","src/components/friends-guarantee-calibration-preview.tsx","135","1","unknown","","勤務先情報","","Hardcoded UI copy. Migrate to i18n before automatic replacement."
"hardcoded.6406c04a2d","frontstage","hardcoded","src/components/friends-guarantee-calibration-preview.tsx","136","1","unknown","","取扱店記入欄/物件","","Hardcoded UI copy. Migrate to i18n before automatic replacement."
"hardcoded.d9786d8441","frontstage","hardcoded","src/components/friends-guarantee-calibration-preview.tsx","137","4","unknown","","入居者","","Hardcoded UI copy. Migrate to i18n before automatic replacement."
"hardcoded.e0c3f3df7e","frontstage","hardcoded","src/components/friends-guarantee-calibration-preview.tsx","139","1","unknown","","商品/支払方法","","Hardcoded UI copy. Migrate to i18n before automatic replacement."
"hardcoded.cce3d654c5","frontstage","hardcoded","src/components/friends-guarantee-calibration-preview.tsx","146","1","unknown","","3 Jリース","","Hardcoded UI copy. Migrate to i18n before automatic replacement."
"hardcoded.80965793d4","frontstage","hardcoded","src/components/friends-guarantee-calibration-preview.tsx","150","3","unknown","","勤務先・収入","","Hardcoded UI copy. Migrate to i18n before automatic replacement."
"hardcoded.b4ae88cf32","frontstage","hardcoded","src/components/friends-guarantee-calibration-preview.tsx","151","1","unknown","","物件利用業態/事業内容","","Hardcoded UI copy. Migrate to i18n before automatic replacement."
"hardcoded.ee54e7df90","frontstage","hardcoded","src/components/friends-guarantee-calibration-preview.tsx","152","1","unknown","","事業用申込/同居人","","Hardcoded UI copy. Migrate to i18n before automatic replacement."
"hardcoded.381e51ecb5","frontstage","hardcoded","src/components/friends-guarantee-calibration-preview.tsx","154","1","unknown","","連帯保証人予定者","","Hardcoded UI copy. Migrate to i18n before automatic replacement."
"hardcoded.8e0371fe22","frontstage","hardcoded","src/components/friends-guarantee-calibration-preview.tsx","155","1","unknown","","申込日/入居予定日/物件・賃料","","Hardcoded UI copy. Migrate to i18n before automatic replacement."
"hardcoded.267b47e363","frontstage","hardcoded","src/components/friends-guarantee-calibration-preview.tsx","162","1","unknown","","4 インシュア","","Hardcoded UI copy. Migrate to i18n before automatic replacement."
"hardcoded.819f3ad087","frontstage","hardcoded","src/components/friends-guarantee-calibration-preview.tsx","165","5","unknown","","申込者","","Hardcoded UI copy. Migrate to i18n before automatic replacement."
"hardcoded.14e4e8a5ad","frontstage","hardcoded","src/components/friends-guarantee-calibration-preview.tsx","167","1","unknown","","物件/賃料","","Hardcoded UI copy. Migrate to i18n before automatic replacement."
"hardcoded.1c4591f8c7","frontstage","hardcoded","src/components/friends-guarantee-calibration-preview.tsx","169","1","unknown","","緊急連絡先/保証人","","Hardcoded UI copy. Migrate to i18n before automatic replacement."
"hardcoded.c9ec5ec6f8","frontstage","hardcoded","src/components/friends-guarantee-calibration-preview.tsx","170","1","unknown","","プラン/確認項目","","Hardcoded UI copy. Migrate to i18n before automatic replacement."
"hardcoded.8441ce3269","frontstage","hardcoded","src/components/friends-guarantee-calibration-preview.tsx","177","1","unknown","","5 ふれんず保証","","Hardcoded UI copy. Migrate to i18n before automatic replacement."
"hardcoded.adbf2abdc1","frontstage","hardcoded","src/components/friends-guarantee-calibration-preview.tsx","180","1","unknown","","物件内容","","Hardcoded UI copy. Migrate to i18n before automatic replacement."
"hardcoded.a9f631e2a8","frontstage","hardcoded","src/components/friends-guarantee-calibration-preview.tsx","183","5","unknown","","連帯保証人","","Hardcoded UI copy. Migrate to i18n before automatic replacement."
"hardcoded.ebac8410df","frontstage","hardcoded","src/components/friends-guarantee-calibration-preview.tsx","185","1","unknown","","仲介会社/管理会社","","Hardcoded UI copy. Migrate to i18n before automatic replacement."
"hardcoded.81c85ad25a","frontstage","hardcoded","src/components/friends-guarantee-calibration-preview.tsx","196","1","unknown","","そのまま","","Hardcoded UI copy. Migrate to i18n before automatic replacement."
"hardcoded.d9815df6f4","frontstage","hardcoded","src/components/friends-guarantee-calibration-preview.tsx","197","1","unknown","","日付 年 月 日","","Hardcoded UI copy. Migrate to i18n before automatic replacement."
"hardcoded.a835d084ee","frontstage","hardcoded","src/components/friends-guarantee-calibration-preview.tsx","198","1","unknown","","日付 YY M D","","Hardcoded UI copy. Migrate to i18n before automatic replacement."
"hardcoded.31e1e7334e","frontstage","hardcoded","src/components/friends-guarantee-calibration-preview.tsx","199","1","unknown","","日付 M月D日","","Hardcoded UI copy. Migrate to i18n before automatic replacement."
"hardcoded.9f6eb9ac38","frontstage","hardcoded","src/components/friends-guarantee-calibration-preview.tsx","200","1","unknown","","日付 M月D","","Hardcoded UI copy. Migrate to i18n before automatic replacement."
"hardcoded.cd54310975","frontstage","hardcoded","src/components/friends-guarantee-calibration-preview.tsx","201","1","unknown","","日付 8桁","","Hardcoded UI copy. Migrate to i18n before automatic replacement."
"hardcoded.85c0f6af0a","frontstage","hardcoded","src/components/friends-guarantee-calibration-preview.tsx","202","1","unknown","","日付 年だけ","","Hardcoded UI copy. Migrate to i18n before automatic replacement."
"hardcoded.28d36d1f91","frontstage","hardcoded","src/components/friends-guarantee-calibration-preview.tsx","203","1","unknown","","日付 年だけ(下2桁)","","Hardcoded UI copy. Migrate to i18n before automatic replacement."
"hardcoded.2abbf80471","frontstage","hardcoded","src/components/friends-guarantee-calibration-preview.tsx","204","1","unknown","","日付 月だけ","","Hardcoded UI copy. Migrate to i18n before automatic replacement."
"hardcoded.5bb7ef7e06","frontstage","hardcoded","src/components/friends-guarantee-calibration-preview.tsx","205","1","unknown","","日付 日だけ","","Hardcoded UI copy. Migrate to i18n before automatic replacement."
"hardcoded.9cc62e7a41","frontstage","hardcoded","src/components/friends-guarantee-calibration-preview.tsx","206","1","unknown","","電話 数字のみ","","Hardcoded UI copy. Migrate to i18n before automatic replacement."
"hardcoded.b7b26280c4","frontstage","hardcoded","src/components/friends-guarantee-calibration-preview.tsx","207","1","unknown","","電話 前段","","Hardcoded UI copy. Migrate to i18n before automatic replacement."
"hardcoded.4967054518","frontstage","hardcoded","src/components/friends-guarantee-calibration-preview.tsx","208","1","unknown","","電話 中段","","Hardcoded UI copy. Migrate to i18n before automatic replacement."
"hardcoded.2c4ec2b74b","frontstage","hardcoded","src/components/friends-guarantee-calibration-preview.tsx","209","1","unknown","","電話 後段","","Hardcoded UI copy. Migrate to i18n before automatic replacement."
"hardcoded.9c67c9572f","frontstage","hardcoded","src/components/friends-guarantee-calibration-preview.tsx","210","1","unknown","","年数だけ","","Hardcoded UI copy. Migrate to i18n before automatic replacement."
"hardcoded.98d4a12101","frontstage","hardcoded","src/components/friends-guarantee-calibration-preview.tsx","211","1","unknown","","住所 都道府県","","Hardcoded UI copy. Migrate to i18n before automatic replacement."
"hardcoded.7fc887147f","frontstage","hardcoded","src/components/friends-guarantee-calibration-preview.tsx","212","1","unknown","","住所 市区町村","","Hardcoded UI copy. Migrate to i18n before automatic replacement."
"hardcoded.e6c1c84f6a","frontstage","hardcoded","src/components/friends-guarantee-calibration-preview.tsx","213","1","unknown","","住所 町名番地（市区町村以降）","","Hardcoded UI copy. Migrate to i18n before automatic replacement."
"hardcoded.569a48b6bb","frontstage","hardcoded","src/components/friends-guarantee-calibration-preview.tsx","214","1","unknown","","住所 市区町村＋町名番地","","Hardcoded UI copy. Migrate to i18n before automatic replacement."
"hardcoded.9ef4fb9f5c","frontstage","hardcoded","src/components/friends-guarantee-calibration-preview.tsx","218","1","unknown","","全文","","Hardcoded UI copy. Migrate to i18n before automatic replacement."
"hardcoded.d2fa709d17","frontstage","hardcoded","src/components/friends-guarantee-calibration-preview.tsx","219","1","unknown","","前半だけ","","Hardcoded UI copy. Migrate to i18n before automatic replacement."
"hardcoded.8d8521d7fe","frontstage","hardcoded","src/components/friends-guarantee-calibration-preview.tsx","220","1","unknown","","後半だけ","","Hardcoded UI copy. Migrate to i18n before automatic replacement."
"hardcoded.ce79bdb2fe","frontstage","hardcoded","src/components/friends-guarantee-calibration-preview.tsx","264","1","unknown","","真偽","","Hardcoded UI copy. Migrate to i18n before automatic replacement."
"hardcoded.d2aee2e6d7","frontstage","hardcoded","src/components/friends-guarantee-calibration-preview.tsx","265","1","unknown","","日付","","Hardcoded UI copy. Migrate to i18n before automatic replacement."
"hardcoded.73db9b6dd9","frontstage","hardcoded","src/components/friends-guarantee-calibration-preview.tsx","266","2","unknown","","年数","","Hardcoded UI copy. Migrate to i18n before automatic replacement."
"hardcoded.dc33c23404","frontstage","hardcoded","src/components/friends-guarantee-calibration-preview.tsx","268","3","unknown","","番号","","Hardcoded UI copy. Migrate to i18n before automatic replacement."
"hardcoded.7675e5cac1","frontstage","hardcoded","src/components/friends-guarantee-calibration-preview.tsx","271","1","unknown","","数値","","Hardcoded UI copy. Migrate to i18n before automatic replacement."
"hardcoded.7177787c6e","frontstage","hardcoded","src/components/friends-guarantee-calibration-preview.tsx","272","7","unknown","","電話","","Hardcoded UI copy. Migrate to i18n before automatic replacement."
"hardcoded.b480095346","frontstage","hardcoded","src/components/friends-guarantee-calibration-preview.tsx","273","2","unknown","","郵便番号","","Hardcoded UI copy. Migrate to i18n before automatic replacement."
"hardcoded.f4d3dab8e0","frontstage","hardcoded","src/components/friends-guarantee-calibration-preview.tsx","275","1","unknown","","文字","","Hardcoded UI copy. Migrate to i18n before automatic replacement."
"hardcoded.00f309d8f2","frontstage","hardcoded","src/components/friends-guarantee-calibration-preview.tsx","276","1","unknown","","長文","","Hardcoded UI copy. Migrate to i18n before automatic replacement."
"hardcoded.aafb267554","frontstage","hardcoded","src/components/friends-guarantee-calibration-preview.tsx","280","1","unknown","","案件標準字段","","Hardcoded UI copy. Migrate to i18n before automatic replacement."
"hardcoded.136b77051d","frontstage","hardcoded","src/components/friends-guarantee-calibration-preview.tsx","281","1","unknown","","出力処理","","Hardcoded UI copy. Migrate to i18n before automatic replacement."
"hardcoded.8179653d54","frontstage","hardcoded","src/components/friends-guarantee-calibration-preview.tsx","332","1","unknown","","日付 全文","","Hardcoded UI copy. Migrate to i18n before automatic replacement."
"hardcoded.7eeedd910e","frontstage","hardcoded","src/components/friends-guarantee-calibration-preview.tsx","336","1","unknown","","住所 全文","","Hardcoded UI copy. Migrate to i18n before automatic replacement."
"hardcoded.0a16e72385","frontstage","hardcoded","src/components/friends-guarantee-calibration-preview.tsx","340","1","unknown","","電話 全文","","Hardcoded UI copy. Migrate to i18n before automatic replacement."
"hardcoded.9d0b9189c5","frontstage","hardcoded","src/components/friends-guarantee-calibration-preview.tsx","344","1","unknown","","年数 原文","","Hardcoded UI copy. Migrate to i18n before automatic replacement."
"hardcoded.0aeddc9947","frontstage","hardcoded","src/components/friends-guarantee-calibration-preview.tsx","348","1","unknown","","郵便番号 全文","","Hardcoded UI copy. Migrate to i18n before automatic replacement."
"hardcoded.73ba1ff1f3","frontstage","hardcoded","src/components/friends-guarantee-calibration-preview.tsx","529","1","unknown","","年2桁","","Hardcoded UI copy. Migrate to i18n before automatic replacement."
"hardcoded.d9b59879f3","frontstage","hardcoded","src/components/friends-guarantee-calibration-preview.tsx","530","1","unknown","","月","","Hardcoded UI copy. Migrate to i18n before automatic replacement."
"hardcoded.75898e1646","frontstage","hardcoded","src/components/friends-guarantee-calibration-preview.tsx","532","1","unknown","","電話1","","Hardcoded UI copy. Migrate to i18n before automatic replacement."
"hardcoded.82e3e3bfd6","frontstage","hardcoded","src/components/friends-guarantee-calibration-preview.tsx","533","1","unknown","","電話2","","Hardcoded UI copy. Migrate to i18n before automatic replacement."
"hardcoded.cd3f9c0e9c","frontstage","hardcoded","src/components/friends-guarantee-calibration-preview.tsx","534","1","unknown","","電話3","","Hardcoded UI copy. Migrate to i18n before automatic replacement."
"hardcoded.ad6cc8d716","frontstage","hardcoded","src/components/friends-guarantee-calibration-preview.tsx","536","1","unknown","","都道府県","","Hardcoded UI copy. Migrate to i18n before automatic replacement."
"hardcoded.3992a84c59","frontstage","hardcoded","src/components/friends-guarantee-calibration-preview.tsx","537","1","unknown","","市区町村","","Hardcoded UI copy. Migrate to i18n before automatic replacement."
"hardcoded.e68c3568f3","frontstage","hardcoded","src/components/friends-guarantee-calibration-preview.tsx","538","1","unknown","","町名番地","","Hardcoded UI copy. Migrate to i18n before automatic replacement."
"hardcoded.7e07ed56d6","frontstage","hardcoded","src/components/friends-guarantee-calibration-preview.tsx","539","1","unknown","","住所後半","","Hardcoded UI copy. Migrate to i18n before automatic replacement."
"hardcoded.daf84f7c7d","frontstage","hardcoded","src/components/friends-guarantee-calibration-preview.tsx","541","1","unknown","","前半","","Hardcoded UI copy. Migrate to i18n before automatic replacement."
"hardcoded.50a0ae0175","frontstage","hardcoded","src/components/friends-guarantee-calibration-preview.tsx","542","1","unknown","","後半","","Hardcoded UI copy. Migrate to i18n before automatic replacement."
"hardcoded.bdf20c76e8","frontstage","hardcoded","src/components/friends-guarantee-calibration-preview.tsx","585","2","unknown","","绑定済み","","Hardcoded UI copy. Migrate to i18n before automatic replacement."
"hardcoded.1e2f5b68ac","frontstage","hardcoded","src/components/friends-guarantee-calibration-preview.tsx","591","2","unknown","","値あり","","Hardcoded UI copy. Migrate to i18n before automatic replacement."
"hardcoded.f4d781035f","frontstage","hardcoded","src/components/friends-guarantee-calibration-preview.tsx","714","3","unknown","","未分類","","Hardcoded UI copy. Migrate to i18n before automatic replacement."
"hardcoded.b5d52d06fc","frontstage","hardcoded","src/components/friends-guarantee-calibration-preview.tsx","1039","1","unknown","","追加欄がありません。","","Hardcoded UI copy. Migrate to i18n before automatic replacement."
"hardcoded.a7988ccec1","frontstage","hardcoded","src/components/friends-guarantee-calibration-preview.tsx","1047","1","unknown","","未绑定の追加欄がありません。","","Hardcoded UI copy. Migrate to i18n before automatic replacement."
"hardcoded.8bb7c1d916","frontstage","hardcoded","src/components/friends-guarantee-calibration-preview.tsx","1052","1","unknown","","AIと位置情報から未绑定欄の字段候補を推定。空の全表框体にだけ使用できます。","","Hardcoded UI copy. Migrate to i18n before automatic replacement."
"hardcoded.df7530dd55","frontstage","hardcoded","src/components/friends-guarantee-calibration-preview.tsx","1251","4","unknown","","現住所 郵便番号","","Hardcoded UI copy. Migrate to i18n before automatic replacement."
"hardcoded.b5d7320447","frontstage","hardcoded","src/components/friends-guarantee-calibration-preview.tsx","1256","4","unknown","","勤務先 郵便番号","","Hardcoded UI copy. Migrate to i18n before automatic replacement."
"hardcoded.c5c09e2ebe","frontstage","hardcoded","src/components/friends-guarantee-calibration-preview.tsx","1261","2","unknown","","緊急連絡先 郵便番号","","Hardcoded UI copy. Migrate to i18n before automatic replacement."
"hardcoded.c87252db55","frontstage","hardcoded","src/components/friends-guarantee-calibration-preview.tsx","1266","1","unknown","","連帯保証人 郵便番号","","Hardcoded UI copy. Migrate to i18n before automatic replacement."
"hardcoded.fb224ae4f3","frontstage","hardcoded","src/components/friends-guarantee-calibration-preview.tsx","1271","1","unknown","","携帯電話 前段","","Hardcoded UI copy. Migrate to i18n before automatic replacement."
"hardcoded.d465cfca04","frontstage","hardcoded","src/components/friends-guarantee-calibration-preview.tsx","1276","1","unknown","","携帯電話 中段","","Hardcoded UI copy. Migrate to i18n before automatic replacement."
"hardcoded.88d7884568","frontstage","hardcoded","src/components/friends-guarantee-calibration-preview.tsx","1281","1","unknown","","携帯電話 後段","","Hardcoded UI copy. Migrate to i18n before automatic replacement."
"hardcoded.23bc4293c0","frontstage","hardcoded","src/components/friends-guarantee-calibration-preview.tsx","1286","2","unknown","","緊急連絡先 フリガナ","","Hardcoded UI copy. Migrate to i18n before automatic replacement."
"hardcoded.0104f03940","frontstage","hardcoded","src/components/friends-guarantee-calibration-preview.tsx","1289","2","unknown","","緊急連絡先 氏名","","Hardcoded UI copy. Migrate to i18n before automatic replacement."
"hardcoded.1b0a75f874","frontstage","hardcoded","src/components/friends-guarantee-calibration-preview.tsx","1292","2","unknown","","緊急連絡先 性別","","Hardcoded UI copy. Migrate to i18n before automatic replacement."
"hardcoded.abda36431e","frontstage","hardcoded","src/components/friends-guarantee-calibration-preview.tsx","1296","2","unknown","","緊急連絡先 続柄","","Hardcoded UI copy. Migrate to i18n before automatic replacement."
"hardcoded.f971f2ce83","frontstage","hardcoded","src/components/friends-guarantee-calibration-preview.tsx","1300","1","unknown","","緊急連絡先 生年月日 年","","Hardcoded UI copy. Migrate to i18n before automatic replacement."
"hardcoded.06eca6dd6e","frontstage","hardcoded","src/components/friends-guarantee-calibration-preview.tsx","1305","1","unknown","","緊急連絡先 生年月日 月","","Hardcoded UI copy. Migrate to i18n before automatic replacement."
"hardcoded.aabcf1678d","frontstage","hardcoded","src/components/friends-guarantee-calibration-preview.tsx","1310","1","unknown","","緊急連絡先 生年月日 日","","Hardcoded UI copy. Migrate to i18n before automatic replacement."
"hardcoded.90589602e0","frontstage","hardcoded","src/components/friends-guarantee-calibration-preview.tsx","1321","2","unknown","","緊急連絡先 都道府県","","Hardcoded UI copy. Migrate to i18n before automatic replacement."
"hardcoded.9a1ccd27fe","frontstage","hardcoded","src/components/friends-guarantee-calibration-preview.tsx","1325","1","unknown","","緊急連絡先 市区町村","","Hardcoded UI copy. Migrate to i18n before automatic replacement."
"hardcoded.8dc623f993","frontstage","hardcoded","src/components/friends-guarantee-calibration-preview.tsx","1329","1","unknown","","緊急連絡先 町名番地","","Hardcoded UI copy. Migrate to i18n before automatic replacement."
"hardcoded.d3648134d9","frontstage","hardcoded","src/components/friends-guarantee-calibration-preview.tsx","2084","1","unknown","","字段预匹配只能在全表空框体状态下执行。","","Hardcoded UI copy. Migrate to i18n before automatic replacement."
"hardcoded.e49fb66078","frontstage","hardcoded","src/components/friends-guarantee-calibration-preview.tsx","2104","1","unknown","","AI没有返回足够可信的候选","","Hardcoded UI copy. Migrate to i18n before automatic replacement."
"hardcoded.f110ce505a","frontstage","hardcoded","src/components/friends-guarantee-calibration-preview.tsx","2107","1","unknown","","AI暂不可用，已回退","","Hardcoded UI copy. Migrate to i18n before automatic replacement."
"hardcoded.f86d6b26b9","frontstage","hardcoded","src/components/friends-guarantee-calibration-preview.tsx","2135","1","unknown","","テンプレート編集","","JSX text node. Migrate to i18n before automatic replacement."
"hardcoded.9e48c1d0e1","frontstage","hardcoded","src/components/friends-guarantee-calibration-preview.tsx","2141","1","unknown","","未保存のテンプレート変更","","Hardcoded UI copy. Migrate to i18n before automatic replacement."
"hardcoded.7507104f04","frontstage","hardcoded","src/components/friends-guarantee-calibration-preview.tsx","2142","1","unknown","","選択中の枠なし","","Hardcoded UI copy. Migrate to i18n before automatic replacement."
"hardcoded.751d31e17f","frontstage","hardcoded","src/components/friends-guarantee-calibration-preview.tsx","2148","1","unknown","","この申込書テンプレートの標準位置として保存","","Hardcoded UI copy. Migrate to i18n before automatic replacement."
"hardcoded.9b90160e66","frontstage","hardcoded","src/components/friends-guarantee-calibration-preview.tsx","2152","1","unknown","","保存先: テンプレート","","JSX text node. Migrate to i18n before automatic replacement."
"hardcoded.a68a7f6ce3","frontstage","hardcoded","src/components/friends-guarantee-calibration-preview.tsx","2164","1","unknown","","字段预匹配停止：已有绑定或值","","JSX text node. Migrate to i18n before automatic replacement."
"hardcoded.fe8562f77e","frontstage","hardcoded","src/components/friends-guarantee-calibration-preview.tsx","2170","1","unknown","","位置手柄 ON / 吸着弱","","Hardcoded UI copy. Migrate to i18n before automatic replacement."
"hardcoded.1f4350c8d1","frontstage","hardcoded","src/components/friends-guarantee-calibration-preview.tsx","2171","1","unknown","","位置手柄 ON / 吸着 OFF","","Hardcoded UI copy. Migrate to i18n before automatic replacement."
"hardcoded.0da7fd702e","frontstage","hardcoded","src/components/friends-guarantee-calibration-preview.tsx","2172","1","unknown","","位置手柄 OFF","","Hardcoded UI copy. Migrate to i18n before automatic replacement."
"hardcoded.02621a2c44","frontstage","hardcoded","src/components/friends-guarantee-calibration-preview.tsx","2182","1","unknown","","テンプレート操作","","JSX text node. Migrate to i18n before automatic replacement."
"hardcoded.aa65cc48ca","frontstage","hardcoded","src/components/friends-guarantee-calibration-preview.tsx","2186","1","unknown","","PDF上に入力欄を追加","","Hardcoded UI copy. Migrate to i18n before automatic replacement."
"hardcoded.18b92f833c","frontstage","hardcoded","src/components/friends-guarantee-calibration-preview.tsx","2191","1","unknown","","入力欄","","JSX text node. Migrate to i18n before automatic replacement."
"hardcoded.06ab71bb92","frontstage","hardcoded","src/components/friends-guarantee-calibration-preview.tsx","2196","1","unknown","","追加する分格数を減らす","","Hardcoded UI copy. Migrate to i18n before automatic replacement."
"hardcoded.74c995a883","frontstage","hardcoded","src/components/friends-guarantee-calibration-preview.tsx","2204","1","unknown","","追加する分格数","","Hardcoded UI copy. Migrate to i18n before automatic replacement."
"hardcoded.452463f580","frontstage","hardcoded","src/components/friends-guarantee-calibration-preview.tsx","2212","1","unknown","","格","","JSX text node. Migrate to i18n before automatic replacement."
"hardcoded.d0f67c4494","frontstage","hardcoded","src/components/friends-guarantee-calibration-preview.tsx","2216","1","unknown","","追加する分格数を増やす","","Hardcoded UI copy. Migrate to i18n before automatic replacement."
"hardcoded.dfa3d39827","frontstage","hardcoded","src/components/friends-guarantee-calibration-preview.tsx","2230","1","unknown","","分格欄","","JSX text node. Migrate to i18n before automatic replacement."
"hardcoded.4223d13b5c","frontstage","hardcoded","src/components/friends-guarantee-calibration-preview.tsx","2240","1","unknown","","预匹配中","","Hardcoded UI copy. Migrate to i18n before automatic replacement."
"hardcoded.d27f695ec7","frontstage","hardcoded","src/components/friends-guarantee-calibration-preview.tsx","2240","1","unknown","","字段预匹配","","Hardcoded UI copy. Migrate to i18n before automatic replacement."
"hardcoded.e3043c4265","frontstage","hardcoded","src/components/friends-guarantee-calibration-preview.tsx","2244","1","unknown","","移動・拡大縮小用のハンドルを表示","","Hardcoded UI copy. Migrate to i18n before automatic replacement."
"hardcoded.d90aa8090a","frontstage","hardcoded","src/components/friends-guarantee-calibration-preview.tsx","2253","1","unknown","","位置手柄","","JSX text node. Migrate to i18n before automatic replacement."
"hardcoded.f11ba4ec56","frontstage","hardcoded","src/components/friends-guarantee-calibration-preview.tsx","2257","1","unknown","","近い罫線への吸着を切り替え","","Hardcoded UI copy. Migrate to i18n before automatic replacement."
"hardcoded.d47963399c","frontstage","hardcoded","src/components/friends-guarantee-calibration-preview.tsx","2269","1","unknown","","弱","","Hardcoded UI copy. Migrate to i18n before automatic replacement."
"hardcoded.db24537e2b","frontstage","hardcoded","src/components/friends-guarantee-calibration-preview.tsx","2269","2","unknown","","吸着","","JSX text node. Migrate to i18n before automatic replacement."
"hardcoded.de10c2ab03","frontstage","hardcoded","src/components/friends-guarantee-calibration-preview.tsx","2277","1","unknown","","框体整理","","JSX text node. Migrate to i18n before automatic replacement."
"hardcoded.4f3335405f","frontstage","hardcoded","src/components/friends-guarantee-calibration-preview.tsx","2295","1","unknown","","選択中の枠の文字を小さくする","","Hardcoded UI copy. Migrate to i18n before automatic replacement."
"hardcoded.576ccdb1f1","frontstage","hardcoded","src/components/friends-guarantee-calibration-preview.tsx","2302","1","unknown","","字号","","JSX text node. Migrate to i18n before automatic replacement."
"hardcoded.eb7493e493","frontstage","hardcoded","src/components/friends-guarantee-calibration-preview.tsx","2304","1","unknown","","選択中の枠の文字サイズ","","Hardcoded UI copy. Migrate to i18n before automatic replacement."
"hardcoded.50f4bf886e","frontstage","hardcoded","src/components/friends-guarantee-calibration-preview.tsx","2316","1","unknown","","選択中の枠の文字を大きくする","","Hardcoded UI copy. Migrate to i18n before automatic replacement."
"hardcoded.53eb1474dd","frontstage","hardcoded","src/components/friends-guarantee-calibration-preview.tsx","2326","1","unknown","","左へ0.5移動","","Hardcoded UI copy. Migrate to i18n before automatic replacement."
"hardcoded.6d9157fd78","frontstage","hardcoded","src/components/friends-guarantee-calibration-preview.tsx","2334","1","unknown","","右へ0.5移動","","Hardcoded UI copy. Migrate to i18n before automatic replacement."
"hardcoded.fdaa279cf3","frontstage","hardcoded","src/components/friends-guarantee-calibration-preview.tsx","2342","1","unknown","","上へ0.5移動","","Hardcoded UI copy. Migrate to i18n before automatic replacement."
"hardcoded.13603bac37","frontstage","hardcoded","src/components/friends-guarantee-calibration-preview.tsx","2350","1","unknown","","下へ0.5移動","","Hardcoded UI copy. Migrate to i18n before automatic replacement."
"hardcoded.26dd2d2e35","frontstage","hardcoded","src/components/friends-guarantee-calibration-preview.tsx","2359","1","unknown","","現在のX/Y/W/Hを整数に揃える","","Hardcoded UI copy. Migrate to i18n before automatic replacement."
"hardcoded.c6a2099b0f","frontstage","hardcoded","src/components/friends-guarantee-calibration-preview.tsx","2363","1","unknown","","数值取整","","JSX text node. Migrate to i18n before automatic replacement."
"hardcoded.4d60b60b73","frontstage","hardcoded","src/components/friends-guarantee-calibration-preview.tsx","2367","1","unknown","","桁数","","JSX text node. Migrate to i18n before automatic replacement."
"hardcoded.8cc8487917","frontstage","hardcoded","src/components/friends-guarantee-calibration-preview.tsx","2370","1","unknown","","桁数を減らす","","Hardcoded UI copy. Migrate to i18n before automatic replacement."
"hardcoded.d98e6f707c","frontstage","hardcoded","src/components/friends-guarantee-calibration-preview.tsx","2378","1","unknown","","桁数を増やす","","Hardcoded UI copy. Migrate to i18n before automatic replacement."
"hardcoded.0272b913ec","frontstage","hardcoded","src/components/friends-guarantee-calibration-preview.tsx","2389","1","unknown","","選択中の枠と同じ幅・高さ・水平位置で右側に1つコピー","","Hardcoded UI copy. Migrate to i18n before automatic replacement."
"hardcoded.76ea35e2b7","frontstage","hardcoded","src/components/friends-guarantee-calibration-preview.tsx","2393","1","unknown","","右复制","","JSX text node. Migrate to i18n before automatic replacement."
"hardcoded.fc7479af0b","frontstage","hardcoded","src/components/friends-guarantee-calibration-preview.tsx","2397","1","unknown","","選択中の枠を基準に、同じ幅・高さ・水平位置の3連枠を作る","","Hardcoded UI copy. Migrate to i18n before automatic replacement."
"hardcoded.6d96518bec","frontstage","hardcoded","src/components/friends-guarantee-calibration-preview.tsx","2401","1","unknown","","三联框","","JSX text node. Migrate to i18n before automatic replacement."
"hardcoded.726ff2fac5","frontstage","hardcoded","src/components/friends-guarantee-calibration-preview.tsx","2412","1","unknown","","组","","JSX text node. Migrate to i18n before automatic replacement."
"hardcoded.a8478c1e6c","frontstage","hardcoded","src/components/friends-guarantee-calibration-preview.tsx","2421","1","unknown","","复制到","","JSX text node. Migrate to i18n before automatic replacement."
"hardcoded.d514dc837c","frontstage","hardcoded","src/components/friends-guarantee-calibration-preview.tsx","2427","1","unknown","","组选中を解除","","Hardcoded UI copy. Migrate to i18n before automatic replacement."
"hardcoded.761e0e98b5","frontstage","hardcoded","src/components/friends-guarantee-calibration-preview.tsx","2437","1","unknown","","选中：","","JSX text node. Migrate to i18n before automatic replacement."
"hardcoded.9859fae28b","frontstage","hardcoded","src/components/friends-guarantee-calibration-preview.tsx","2444","1","unknown","","绑定字段","","JSX text node. Migrate to i18n before automatic replacement."
"hardcoded.1f515561b6","frontstage","hardcoded","src/components/friends-guarantee-calibration-preview.tsx","2447","1","unknown","","表单","","JSX text node. Migrate to i18n before automatic replacement."
"hardcoded.59a8ae7a24","frontstage","hardcoded","src/components/friends-guarantee-calibration-preview.tsx","2466","1","unknown","","表头/区域","","JSX text node. Migrate to i18n before automatic replacement."
"hardcoded.ba7a2c8492","frontstage","hardcoded","src/components/friends-guarantee-calibration-preview.tsx","2488","1","unknown","","字段名 / key / 当前值","","Hardcoded UI copy. Migrate to i18n before automatic replacement."
"hardcoded.74e680a79e","frontstage","hardcoded","src/components/friends-guarantee-calibration-preview.tsx","2499","1","unknown","","手入力 / 固定文字","","JSX text node. Migrate to i18n before automatic replacement."
"hardcoded.799e2cb348","frontstage","hardcoded","src/components/friends-guarantee-calibration-preview.tsx","2522","1","unknown","","显示格式","","JSX text node. Migrate to i18n before automatic replacement."
"hardcoded.f20b0fa54c","frontstage","hardcoded","src/components/friends-guarantee-calibration-preview.tsx","2560","1","unknown","","字段拆分","","JSX text node. Migrate to i18n before automatic replacement."
"hardcoded.938e25de49","frontstage","hardcoded","src/components/friends-guarantee-calibration-preview.tsx","2580","1","unknown","","郵便番号は前3桁 / 後4桁","","Hardcoded UI copy. Migrate to i18n before automatic replacement."
"hardcoded.5df394932d","frontstage","hardcoded","src/components/friends-guarantee-calibration-preview.tsx","2581","1","unknown","","只用于姓名等按空格拆开的字段","","Hardcoded UI copy. Migrate to i18n before automatic replacement."
"hardcoded.b836aba3d9","frontstage","hardcoded","src/components/friends-guarantee-calibration-preview.tsx","2582","1","unknown","","当前字段类型不使用拆分","","Hardcoded UI copy. Migrate to i18n before automatic replacement."
"hardcoded.6ff4e8934c","frontstage","hardcoded","src/components/friends-guarantee-calibration-preview.tsx","2587","1","unknown","","对齐","","JSX text node. Migrate to i18n before automatic replacement."
"hardcoded.60f411fee2","frontstage","hardcoded","src/components/friends-guarantee-calibration-preview.tsx","2598","1","unknown","","靠左","","JSX text node. Migrate to i18n before automatic replacement."
"hardcoded.5009324782","frontstage","hardcoded","src/components/friends-guarantee-calibration-preview.tsx","2599","1","unknown","","居中","","JSX text node. Migrate to i18n before automatic replacement."
"hardcoded.e97afe2bcd","frontstage","hardcoded","src/components/friends-guarantee-calibration-preview.tsx","2600","1","unknown","","靠右","","JSX text node. Migrate to i18n before automatic replacement."
"hardcoded.67befeb76f","frontstage","hardcoded","src/components/friends-guarantee-calibration-preview.tsx","2606","1","unknown","","分格规则","","JSX text node. Migrate to i18n before automatic replacement."
"hardcoded.7a4dc8253f","frontstage","hardcoded","src/components/friends-guarantee-calibration-preview.tsx","2626","1","unknown","","数字","","JSX text node. Migrate to i18n before automatic replacement."
"hardcoded.e65d243743","frontstage","hardcoded","src/components/friends-guarantee-calibration-preview.tsx","2666","1","unknown","","左詰","","JSX text node. Migrate to i18n before automatic replacement."
"hardcoded.b364170de7","frontstage","hardcoded","src/components/friends-guarantee-calibration-preview.tsx","2667","1","unknown","","右詰","","JSX text node. Migrate to i18n before automatic replacement."
"hardcoded.cc26173e2d","frontstage","hardcoded","src/components/friends-guarantee-calibration-preview.tsx","2680","1","unknown","","分格にする","","JSX text node. Migrate to i18n before automatic replacement."
"hardcoded.f40b75efba","frontstage","hardcoded","src/components/friends-guarantee-calibration-preview.tsx","2703","1","unknown","","AI字段预匹配中","","JSX text node. Migrate to i18n before automatic replacement."
"hardcoded.4f7d70acd6","frontstage","hardcoded","src/components/friends-guarantee-calibration-preview.tsx","2705","1","unknown","","个空框 /","","JSX text node. Migrate to i18n before automatic replacement."
"hardcoded.e4fad21faa","frontstage","hardcoded","src/components/friends-guarantee-calibration-preview.tsx","2705","1","unknown","","个候选字段，已等待","","JSX text node. Migrate to i18n before automatic replacement."
"hardcoded.21f6b7350e","frontstage","hardcoded","src/components/friends-guarantee-calibration-preview.tsx","2710","1","unknown","","结果返回前不要保存模板或刷新页面。返回后仍只是候选绑定，需要肉眼检查。","","JSX text node. Migrate to i18n before automatic replacement."
"hardcoded.b2006f5c9b","frontstage","hardcoded","src/components/friends-guarantee-calibration-preview.tsx","2822","1","unknown",""," / 要手動配置","","Hardcoded UI copy. Migrate to i18n before automatic replacement."
"hardcoded.e1cc23b270","frontstage","hardcoded","src/components/friends-guarantee-calibration-preview.tsx","2822","1","unknown",""," / 分格","","Hardcoded UI copy. Migrate to i18n before automatic replacement."
"hardcoded.ae5ceeefcd","frontstage","hardcoded","src/components/friends-guarantee-calibration-preview.tsx","2835","3","unknown","","入力","","Hardcoded UI copy. Migrate to i18n before automatic replacement."
"hardcoded.ab60822bda","frontstage","hardcoded","src/components/friends-guarantee-calibration-preview.tsx","2926","1","unknown","","このハンドルをドラッグして移動","","Hardcoded UI copy. Migrate to i18n before automatic replacement."
"hardcoded.c9c2038de3","frontstage","hardcoded","src/components/friends-guarantee-calibration-preview.tsx","2926","1","unknown","","组选中の枠をまとめて移動","","Hardcoded UI copy. Migrate to i18n before automatic replacement."
"hardcoded.64a3c1e198","frontstage","hardcoded","src/components/identity-document-upload-form.tsx","20","1","unknown","","処理方法","","Hardcoded UI copy. Migrate to i18n before automatic replacement."
"hardcoded.11cc128912","frontstage","hardcoded","src/components/identity-document-upload-form.tsx","21","1","unknown","","同一人物の複数資料","","Hardcoded UI copy. Migrate to i18n before automatic replacement."
"hardcoded.57bcab0345","frontstage","hardcoded","src/components/identity-document-upload-form.tsx","22","1","unknown","","複数人物の資料を個別確認","","Hardcoded UI copy. Migrate to i18n before automatic replacement."
"hardcoded.198c767a77","frontstage","hardcoded","src/components/identity-document-upload-form.tsx","23","1","unknown","","PDF または画像を選択、複数可","","Hardcoded UI copy. Migrate to i18n before automatic replacement."
"hardcoded.fa6a4b94af","frontstage","hardcoded","src/components/identity-document-upload-form.tsx","24","1","unknown","","本人資料を読み取る","","Hardcoded UI copy. Migrate to i18n before automatic replacement."
"hardcoded.15a618ba4b","frontstage","hardcoded","src/components/identity-document-upload-form.tsx","26","1","unknown","","本人確認資料ファイルを選択してください。","","Hardcoded UI copy. Migrate to i18n before automatic replacement."
"hardcoded.e3e62118f6","frontstage","hardcoded","src/components/identity-document-upload-form.tsx","29","1","unknown","","合計60MB以下にしてください。","","Hardcoded UI copy. Migrate to i18n before automatic replacement."
"hardcoded.8085ebce1a","frontstage","hardcoded","src/components/identity-document-upload-form.tsx","32","1","unknown","","处理方式","","Hardcoded UI copy. Migrate to i18n before automatic replacement."
"hardcoded.c79884aed7","frontstage","hardcoded","src/components/identity-document-upload-form.tsx","33","1","unknown","","同一人的多张证件","","Hardcoded UI copy. Migrate to i18n before automatic replacement."
"hardcoded.bb2040675e","frontstage","hardcoded","src/components/identity-document-upload-form.tsx","34","1","unknown","","多人资料，分别核对","","Hardcoded UI copy. Migrate to i18n before automatic replacement."
"hardcoded.ae3f3c60c7","frontstage","hardcoded","src/components/identity-document-upload-form.tsx","35","1","unknown","","选择 PDF 或图片，可多选","","Hardcoded UI copy. Migrate to i18n before automatic replacement."
"hardcoded.b7035a06e6","frontstage","hardcoded","src/components/identity-document-upload-form.tsx","36","1","unknown","","读取本人资料","","Hardcoded UI copy. Migrate to i18n before automatic replacement."
"hardcoded.4760a2fef7","frontstage","hardcoded","src/components/identity-document-upload-form.tsx","44","1","unknown","","처리 방식","","Hardcoded UI copy. Migrate to i18n before automatic replacement."
"hardcoded.c362e6daae","frontstage","hardcoded","src/components/identity-document-upload-form.tsx","45","1","unknown","","동일인의 여러 증명서","","Hardcoded UI copy. Migrate to i18n before automatic replacement."
"hardcoded.3a6799ffd1","frontstage","hardcoded","src/components/identity-document-upload-form.tsx","46","1","unknown","","여러 사람 자료, 개별 확인","","Hardcoded UI copy. Migrate to i18n before automatic replacement."
"hardcoded.aae985ca50","frontstage","hardcoded","src/components/identity-document-upload-form.tsx","47","1","unknown","","PDF 또는 이미지 선택, 여러 개 가능","","Hardcoded UI copy. Migrate to i18n before automatic replacement."
"hardcoded.15bb796114","frontstage","hardcoded","src/components/identity-document-upload-form.tsx","48","1","unknown","","본인 자료 읽기","","Hardcoded UI copy. Migrate to i18n before automatic replacement."
"hardcoded.64988c36a2","frontstage","hardcoded","src/components/identity-document-upload-form.tsx","50","1","unknown","","본인 확인 자료 파일을 선택해 주세요.","","Hardcoded UI copy. Migrate to i18n before automatic replacement."
"hardcoded.a1c9b3795e","frontstage","hardcoded","src/components/input-extraction-review.tsx","61","1","unknown","","客户 / 关系人","","Hardcoded UI copy. Migrate to i18n before automatic replacement."
"hardcoded.479ab3e8be","frontstage","hardcoded","src/components/input-extraction-review.tsx","62","1","unknown","","조건","","Hardcoded UI copy. Migrate to i18n before automatic replacement."
"hardcoded.72f1cf759c","frontstage","hardcoded","src/components/input-extraction-review.tsx","62","3","unknown","","条件","","Hardcoded UI copy. Migrate to i18n before automatic replacement."
"hardcoded.c052c0ef78","frontstage","hardcoded","src/components/input-extraction-review.tsx","63","1","unknown","","고지","","Hardcoded UI copy. Migrate to i18n before automatic replacement."
"hardcoded.d55a864f5c","frontstage","hardcoded","src/components/input-extraction-review.tsx","63","2","unknown","","告知","","Hardcoded UI copy. Migrate to i18n before automatic replacement."
"hardcoded.1a26edf94a","frontstage","hardcoded","src/components/input-extraction-review.tsx","64","2","unknown","","其他","","Hardcoded UI copy. Migrate to i18n before automatic replacement."
"hardcoded.44650a9694","frontstage","hardcoded","src/components/input-extraction-review.tsx","64","2","unknown","","기타","","Hardcoded UI copy. Migrate to i18n before automatic replacement."
"hardcoded.280de81cdb","frontstage","hardcoded","src/components/input-extraction-review.tsx","71","1","unknown","","待核对","","Hardcoded UI copy. Migrate to i18n before automatic replacement."
"hardcoded.0b145bf033","frontstage","hardcoded","src/components/input-extraction-review.tsx","72","1","unknown","","採用済み","","Hardcoded UI copy. Migrate to i18n before automatic replacement."
"hardcoded.4372ca9c00","frontstage","hardcoded","src/components/input-extraction-review.tsx","72","1","unknown","","채택됨","","Hardcoded UI copy. Migrate to i18n before automatic replacement."
"hardcoded.45dfaf3c6c","frontstage","hardcoded","src/components/input-extraction-review.tsx","72","1","unknown","","已采用","","Hardcoded UI copy. Migrate to i18n before automatic replacement."
"hardcoded.51272e3a3e","frontstage","hardcoded","src/components/input-extraction-review.tsx","74","1","unknown","","暂缓","","Hardcoded UI copy. Migrate to i18n before automatic replacement."
"hardcoded.67f8edf4a2","frontstage","hardcoded","src/components/input-extraction-review.tsx","74","1","unknown","","보류","","Hardcoded UI copy. Migrate to i18n before automatic replacement."
"hardcoded.43fe1999ec","frontstage","hardcoded","src/components/input-extraction-review.tsx","75","2","unknown","","保存しない","","Hardcoded UI copy. Migrate to i18n before automatic replacement."
"hardcoded.7edea375b0","frontstage","hardcoded","src/components/input-extraction-review.tsx","75","2","unknown","","저장 안 함","","Hardcoded UI copy. Migrate to i18n before automatic replacement."
"hardcoded.95a2fe4ab7","frontstage","hardcoded","src/components/input-extraction-review.tsx","75","2","unknown","","不保存","","Hardcoded UI copy. Migrate to i18n before automatic replacement."
"hardcoded.0d55c4d74f","frontstage","hardcoded","src/components/input-extraction-review.tsx","82","1","unknown","","읽은 내용 저장","","Hardcoded UI copy. Migrate to i18n before automatic replacement."
"hardcoded.0f6972afe1","frontstage","hardcoded","src/components/input-extraction-review.tsx","82","1","unknown","","読取内容を保存","","Hardcoded UI copy. Migrate to i18n before automatic replacement."
"hardcoded.f1383aa6a9","frontstage","hardcoded","src/components/input-extraction-review.tsx","82","1","unknown","","保存读取内容","","Hardcoded UI copy. Migrate to i18n before automatic replacement."
"hardcoded.a459c799d7","frontstage","hardcoded","src/components/input-extraction-review.tsx","83","1","unknown","","직접 입력 저장","","Hardcoded UI copy. Migrate to i18n before automatic replacement."
"hardcoded.b2f2c50545","frontstage","hardcoded","src/components/input-extraction-review.tsx","83","1","unknown","","手入力を保存","","Hardcoded UI copy. Migrate to i18n before automatic replacement."
"hardcoded.d8b58d9548","frontstage","hardcoded","src/components/input-extraction-review.tsx","83","1","unknown","","保存手动内容","","Hardcoded UI copy. Migrate to i18n before automatic replacement."
"hardcoded.4e9ce05e2d","frontstage","hardcoded","src/components/input-extraction-review.tsx","84","1","unknown","","後で確認","","Hardcoded UI copy. Migrate to i18n before automatic replacement."
"hardcoded.60cacfd636","frontstage","hardcoded","src/components/input-extraction-review.tsx","84","1","unknown","","나중에 확인","","Hardcoded UI copy. Migrate to i18n before automatic replacement."
"hardcoded.e3754ceb5c","frontstage","hardcoded","src/components/input-extraction-review.tsx","84","1","unknown","","稍后确认","","Hardcoded UI copy. Migrate to i18n before automatic replacement."
"hardcoded.6864afb63c","frontstage","hardcoded","src/components/input-extraction-review.tsx","100","1","unknown","","表の読取","","Hardcoded UI copy. Migrate to i18n before automatic replacement."
"hardcoded.9622fb0af9","frontstage","hardcoded","src/components/input-extraction-review.tsx","100","1","unknown","","표 읽기","","Hardcoded UI copy. Migrate to i18n before automatic replacement."
"hardcoded.d8442adb7e","frontstage","hardcoded","src/components/input-extraction-review.tsx","100","1","unknown","","表格读取","","Hardcoded UI copy. Migrate to i18n before automatic replacement."
"hardcoded.183f3353fd","frontstage","hardcoded","src/components/input-extraction-review.tsx","103","1","unknown","","이미지 읽기","","Hardcoded UI copy. Migrate to i18n before automatic replacement."
"hardcoded.4331258f38","frontstage","hardcoded","src/components/input-extraction-review.tsx","103","1","unknown","","图片读取","","Hardcoded UI copy. Migrate to i18n before automatic replacement."
"hardcoded.62a5d4832b","frontstage","hardcoded","src/components/input-extraction-review.tsx","103","1","unknown","","画像の読取","","Hardcoded UI copy. Migrate to i18n before automatic replacement."
"hardcoded.21565ab4d8","frontstage","hardcoded","src/components/input-extraction-review.tsx","216","1","unknown","","读取结果","","Hardcoded UI copy. Migrate to i18n before automatic replacement."
"hardcoded.ae9cec67ba","frontstage","hardcoded","src/components/input-extraction-review.tsx","216","1","unknown","","읽기 결과","","Hardcoded UI copy. Migrate to i18n before automatic replacement."
"hardcoded.be4f86a978","frontstage","hardcoded","src/components/input-extraction-review.tsx","223","1","unknown","","읽음","","Hardcoded UI copy. Migrate to i18n before automatic replacement."
"hardcoded.9a61f95db2","frontstage","hardcoded","src/components/input-extraction-review.tsx","227","1","unknown","","要補完","","Hardcoded UI copy. Migrate to i18n before automatic replacement."
"hardcoded.aa7f93f2c0","frontstage","hardcoded","src/components/input-extraction-review.tsx","227","1","unknown","","需补充","","Hardcoded UI copy. Migrate to i18n before automatic replacement."
"hardcoded.31046fec27","frontstage","hardcoded","src/components/input-extraction-review.tsx","231","1","unknown","","재확인","","Hardcoded UI copy. Migrate to i18n before automatic replacement."
"hardcoded.e4fdcbc9bc","frontstage","hardcoded","src/components/input-extraction-review.tsx","231","1","unknown","","再確認","","Hardcoded UI copy. Migrate to i18n before automatic replacement."
"hardcoded.eaae113258","frontstage","hardcoded","src/components/input-extraction-review.tsx","231","1","unknown","","需复核","","Hardcoded UI copy. Migrate to i18n before automatic replacement."
"hardcoded.4ea809c380","frontstage","hardcoded","src/components/input-extraction-review.tsx","240","1","unknown","","読取済みを採用","","Hardcoded UI copy. Migrate to i18n before automatic replacement."
"hardcoded.9210e54852","frontstage","hardcoded","src/components/input-extraction-review.tsx","240","1","unknown","","采用已读取项","","Hardcoded UI copy. Migrate to i18n before automatic replacement."
"hardcoded.c6573f211c","frontstage","hardcoded","src/components/input-extraction-review.tsx","240","1","unknown","","읽은 항목 채택","","Hardcoded UI copy. Migrate to i18n before automatic replacement."
"hardcoded.2fe4b9bb4d","frontstage","hardcoded","src/components/input-extraction-review.tsx","248","1","unknown","","현재 안건에 추가","","Hardcoded UI copy. Migrate to i18n before automatic replacement."
"hardcoded.71788c1e06","frontstage","hardcoded","src/components/input-extraction-review.tsx","248","1","unknown","","この案件へ追加","","Hardcoded UI copy. Migrate to i18n before automatic replacement."
"hardcoded.f3b760315a","frontstage","hardcoded","src/components/input-extraction-review.tsx","248","1","unknown","","追加到当前案件","","Hardcoded UI copy. Migrate to i18n before automatic replacement."
"hardcoded.e0151ce410","frontstage","hardcoded","src/components/input-extraction-review.tsx","252","1","unknown","","保存すると、採用・修正した項目だけを開いている案件へ反映します。","","Hardcoded UI copy. Migrate to i18n before automatic replacement."
"hardcoded.dcf7158114","frontstage","hardcoded","src/components/input-extraction-review.tsx","253","1","unknown","","保存后，只会把采用和修正后的项目写入当前案件。","","Hardcoded UI copy. Migrate to i18n before automatic replacement."
"hardcoded.e3cb48a7be","frontstage","hardcoded","src/components/input-extraction-review.tsx","254","1","unknown","","저장하면 채택/수정한 항목만 현재 안건에 반영합니다.","","Hardcoded UI copy. Migrate to i18n before automatic replacement."
"hardcoded.45561b8ad5","frontstage","hardcoded","src/components/input-extraction-review.tsx","263","1","unknown","","保存位置","","Hardcoded UI copy. Migrate to i18n before automatic replacement."
"hardcoded.ea12a94f80","frontstage","hardcoded","src/components/input-extraction-review.tsx","267","1","unknown","","同じ案件と思われるものがある場合は、保存前にここで選択します。","","Hardcoded UI copy. Migrate to i18n before automatic replacement."
"hardcoded.eb44660c23","frontstage","hardcoded","src/components/input-extraction-review.tsx","268","1","unknown","","如果可能属于已有案件，保存前在这里选择。","","Hardcoded UI copy. Migrate to i18n before automatic replacement."
"hardcoded.9e80284d28","frontstage","hardcoded","src/components/input-extraction-review.tsx","269","1","unknown","","기존 안건 후보가 있으면 저장 전에 여기서 선택합니다.","","Hardcoded UI copy. Migrate to i18n before automatic replacement."
"hardcoded.0edca6712d","frontstage","hardcoded","src/components/input-extraction-review.tsx","275","1","unknown","","기존 안건 가능성 있음","","Hardcoded UI copy. Migrate to i18n before automatic replacement."
"hardcoded.a90b33cc7c","frontstage","hardcoded","src/components/input-extraction-review.tsx","275","1","unknown","","可能属于已有案件","","Hardcoded UI copy. Migrate to i18n before automatic replacement."
"hardcoded.f4186f7e94","frontstage","hardcoded","src/components/input-extraction-review.tsx","275","1","unknown","","既存案件の可能性あり","","Hardcoded UI copy. Migrate to i18n before automatic replacement."
"hardcoded.5b71da3a08","frontstage","hardcoded","src/components/input-extraction-review.tsx","276","1","unknown","","新建保存","","Hardcoded UI copy. Migrate to i18n before automatic replacement."
"hardcoded.6f4e67ca9c","frontstage","hardcoded","src/components/input-extraction-review.tsx","276","1","unknown","","신규 저장","","Hardcoded UI copy. Migrate to i18n before automatic replacement."
"hardcoded.b477d9249f","frontstage","hardcoded","src/components/input-extraction-review.tsx","276","1","unknown","","新規保存","","Hardcoded UI copy. Migrate to i18n before automatic replacement."
"hardcoded.20490aff8c","frontstage","hardcoded","src/components/input-extraction-review.tsx","293","1","unknown","","새 안건으로 저장","","Hardcoded UI copy. Migrate to i18n before automatic replacement."
"hardcoded.758f508f8a","frontstage","hardcoded","src/components/input-extraction-review.tsx","293","1","unknown","","新しい案件として保存","","Hardcoded UI copy. Migrate to i18n before automatic replacement."
"hardcoded.c849ef10d2","frontstage","hardcoded","src/components/input-extraction-review.tsx","293","1","unknown","","保存为新案件","","Hardcoded UI copy. Migrate to i18n before automatic replacement."
"hardcoded.9f7f196106","frontstage","hardcoded","src/components/input-extraction-review.tsx","296","1","unknown","","不追加到已有案件时选择这里。","","Hardcoded UI copy. Migrate to i18n before automatic replacement."
"hardcoded.f5093af21a","frontstage","hardcoded","src/components/input-extraction-review.tsx","296","1","unknown","","既存案件に入れない資料はこちら。","","Hardcoded UI copy. Migrate to i18n before automatic replacement."
"hardcoded.fce5f95e67","frontstage","hardcoded","src/components/input-extraction-review.tsx","296","1","unknown","","기존 안건에 넣지 않을 때 선택합니다.","","Hardcoded UI copy. Migrate to i18n before automatic replacement."
"hardcoded.43409e7f91","frontstage","hardcoded","src/components/input-extraction-review.tsx","328","1","unknown","","相違","","Hardcoded UI copy. Migrate to i18n before automatic replacement."
"hardcoded.b3d980b349","frontstage","hardcoded","src/components/input-extraction-review.tsx","328","1","unknown","","不同","","Hardcoded UI copy. Migrate to i18n before automatic replacement."
"hardcoded.69ed6cc340","frontstage","hardcoded","src/components/input-extraction-review.tsx","332","1","unknown","","既存資料","","Hardcoded UI copy. Migrate to i18n before automatic replacement."
"hardcoded.8c9a070f73","frontstage","hardcoded","src/components/input-extraction-review.tsx","332","1","unknown","","已有资料","","Hardcoded UI copy. Migrate to i18n before automatic replacement."
"hardcoded.9d99381fa7","frontstage","hardcoded","src/components/input-extraction-review.tsx","332","1","unknown","","기존 자료","","Hardcoded UI copy. Migrate to i18n before automatic replacement."
"hardcoded.15b35313d7","frontstage","hardcoded","src/components/input-extraction-review.tsx","334","1","unknown","","一致した内容","","Hardcoded UI copy. Migrate to i18n before automatic replacement."
"hardcoded.3fd67eaaac","frontstage","hardcoded","src/components/input-extraction-review.tsx","334","1","unknown","","相同内容","","Hardcoded UI copy. Migrate to i18n before automatic replacement."
"hardcoded.f99f243e3f","frontstage","hardcoded","src/components/input-extraction-review.tsx","334","1","unknown","","일치한 내용","","Hardcoded UI copy. Migrate to i18n before automatic replacement."
"hardcoded.1e96e39fb4","frontstage","hardcoded","src/components/input-extraction-review.tsx","339","1","unknown","","異なる内容","","Hardcoded UI copy. Migrate to i18n before automatic replacement."
"hardcoded.6d7204bc11","frontstage","hardcoded","src/components/input-extraction-review.tsx","339","1","unknown","","不同之处","","Hardcoded UI copy. Migrate to i18n before automatic replacement."
"hardcoded.a82d9551f8","frontstage","hardcoded","src/components/input-extraction-review.tsx","339","1","unknown","","다른 내용","","Hardcoded UI copy. Migrate to i18n before automatic replacement."
"hardcoded.20ec9d872b","frontstage","hardcoded","src/components/input-extraction-review.tsx","359","1","unknown","","照合理由と差分を確認しました。この資料を選択した既存案件へ追加し、合併履歴を残します。","","Hardcoded UI copy. Migrate to i18n before automatic replacement."
"hardcoded.06bc0b1fdd","frontstage","hardcoded","src/components/input-extraction-review.tsx","360","1","unknown","","我已确认归属依据和差异；将这份资料追加到所选案件，并保留合并历史。","","Hardcoded UI copy. Migrate to i18n before automatic replacement."
"hardcoded.2f876e6621","frontstage","hardcoded","src/components/input-extraction-review.tsx","361","1","unknown","","대조 이유와 차이를 확인했습니다. 이 자료를 선택한 기존 안건에 추가하고 합병 이력을 남깁니다.","","Hardcoded UI copy. Migrate to i18n before automatic replacement."
"hardcoded.64728a7727","frontstage","hardcoded","src/components/input-extraction-review.tsx","374","1","unknown","","项","","Hardcoded UI copy. Migrate to i18n before automatic replacement."
"hardcoded.36ae353dae","frontstage","hardcoded","src/components/input-extraction-review.tsx","399","1","unknown","","읽기 참고","","Hardcoded UI copy. Migrate to i18n before automatic replacement."
"hardcoded.c84c2d1ac0","frontstage","hardcoded","src/components/input-extraction-review.tsx","399","1","unknown","","読取目安","","Hardcoded UI copy. Migrate to i18n before automatic replacement."
"hardcoded.e15522438f","frontstage","hardcoded","src/components/input-extraction-review.tsx","399","1","unknown","","读取参考","","Hardcoded UI copy. Migrate to i18n before automatic replacement."
"hardcoded.2151edbebc","frontstage","hardcoded","src/components/input-extraction-review.tsx","402","1","unknown","","출처","","Hardcoded UI copy. Migrate to i18n before automatic replacement."
"hardcoded.c63f79e636","frontstage","hardcoded","src/components/input-extraction-review.tsx","402","1","unknown","","来源","","Hardcoded UI copy. Migrate to i18n before automatic replacement."
"hardcoded.e49a6f1f34","frontstage","hardcoded","src/components/input-extraction-review.tsx","402","1","unknown","","確認元","","Hardcoded UI copy. Migrate to i18n before automatic replacement."
"hardcoded.5dea2cf72b","frontstage","hardcoded","src/components/input-extraction-review.tsx","410","1","unknown","","읽은 내용","","Hardcoded UI copy. Migrate to i18n before automatic replacement."
"hardcoded.90cf62b25e","frontstage","hardcoded","src/components/input-extraction-review.tsx","416","2","unknown","","这项没有读到","","Hardcoded UI copy. Migrate to i18n before automatic replacement."
"hardcoded.9aa6b943d3","frontstage","hardcoded","src/components/input-extraction-review.tsx","416","2","unknown","","읽지 못했습니다","","Hardcoded UI copy. Migrate to i18n before automatic replacement."
"hardcoded.dcdb0d8c34","frontstage","hardcoded","src/components/input-extraction-review.tsx","416","2","unknown","","読み取れませんでした","","Hardcoded UI copy. Migrate to i18n before automatic replacement."
"hardcoded.436d104ab4","frontstage","hardcoded","src/components/input-extraction-review.tsx","432","1","unknown","","정리된 표시","","Hardcoded UI copy. Migrate to i18n before automatic replacement."
"hardcoded.bfcbbce2cd","frontstage","hardcoded","src/components/input-extraction-review.tsx","432","1","unknown","","整えた表示","","Hardcoded UI copy. Migrate to i18n before automatic replacement."
"hardcoded.ec2b526c4f","frontstage","hardcoded","src/components/input-extraction-review.tsx","432","1","unknown","","整理后的显示","","Hardcoded UI copy. Migrate to i18n before automatic replacement."
"hardcoded.1dbfe73a28","frontstage","hardcoded","src/components/input-extraction-review.tsx","440","1","unknown","","저장할 내용","","Hardcoded UI copy. Migrate to i18n before automatic replacement."
"hardcoded.7ff6d8dc8d","frontstage","hardcoded","src/components/input-extraction-review.tsx","440","1","unknown","","保存する内容","","Hardcoded UI copy. Migrate to i18n before automatic replacement."
"hardcoded.995ccfa2b8","frontstage","hardcoded","src/components/input-extraction-review.tsx","440","1","unknown","","要保存的内容","","Hardcoded UI copy. Migrate to i18n before automatic replacement."
"hardcoded.3007c9630e","frontstage","hardcoded","src/components/input-extraction-review.tsx","444","1","unknown","","必要な場合だけここで補足・修正します。","","Hardcoded UI copy. Migrate to i18n before automatic replacement."
"hardcoded.2c4e0dbb1a","frontstage","hardcoded","src/components/input-extraction-review.tsx","445","1","unknown","","需要补充或修正时，直接在这里填写。","","Hardcoded UI copy. Migrate to i18n before automatic replacement."
"hardcoded.b67a738e53","frontstage","hardcoded","src/components/input-extraction-review.tsx","446","1","unknown","","필요할 때 여기서 보완하거나 수정합니다.","","Hardcoded UI copy. Migrate to i18n before automatic replacement."
"hardcoded.18bdd6128d","frontstage","hardcoded","src/components/input-extraction-review.tsx","455","2","unknown","","手入力する内容","","Hardcoded UI copy. Migrate to i18n before automatic replacement."
"hardcoded.55115094ce","frontstage","hardcoded","src/components/input-extraction-review.tsx","455","2","unknown","","직접 입력할 내용","","Hardcoded UI copy. Migrate to i18n before automatic replacement."
"hardcoded.69fe3abdb0","frontstage","hardcoded","src/components/input-extraction-review.tsx","455","2","unknown","","手动填写内容","","Hardcoded UI copy. Migrate to i18n before automatic replacement."
"hardcoded.b616ba8f48","frontstage","hardcoded","src/components/input-extraction-review.tsx","499","1","unknown","","保存すると、採用・修正した内容を案件に反映します。","","Hardcoded UI copy. Migrate to i18n before automatic replacement."
"hardcoded.449b6b483b","frontstage","hardcoded","src/components/input-extraction-review.tsx","500","1","unknown","","保存后，采用和修正后的内容会写入案件。","","Hardcoded UI copy. Migrate to i18n before automatic replacement."
"hardcoded.1770401914","frontstage","hardcoded","src/components/input-extraction-review.tsx","501","1","unknown","","저장하면 채택/수정한 내용이 안건에 반영됩니다.","","Hardcoded UI copy. Migrate to i18n before automatic replacement."
"hardcoded.263270926b","frontstage","hardcoded","src/components/input-extraction-review.tsx","509","1","unknown","","将核对结果追加到案件","","Hardcoded UI copy. Migrate to i18n before automatic replacement."
"hardcoded.95805f5918","frontstage","hardcoded","src/components/input-extraction-review.tsx","509","1","unknown","","確認結果を案件へ追加保存","","Hardcoded UI copy. Migrate to i18n before automatic replacement."
"hardcoded.c3da7e8aa6","frontstage","hardcoded","src/components/input-extraction-review.tsx","509","1","unknown","","확인 결과를 안건에 추가 저장","","Hardcoded UI copy. Migrate to i18n before automatic replacement."
"hardcoded.62ef08eda1","frontstage","hardcoded","src/components/input-extraction-review.tsx","510","1","unknown","","保存核对结果为案件","","Hardcoded UI copy. Migrate to i18n before automatic replacement."
"hardcoded.83c93c5f05","frontstage","hardcoded","src/components/input-extraction-review.tsx","510","1","unknown","","確認結果を案件として保存","","Hardcoded UI copy. Migrate to i18n before automatic replacement."
"hardcoded.b30c92a020","frontstage","hardcoded","src/components/input-extraction-review.tsx","510","1","unknown","","확인 결과를 안건으로 저장","","Hardcoded UI copy. Migrate to i18n before automatic replacement."
"hardcoded.98f7db8bee","frontstage","hardcoded","src/components/party-profile-form.tsx","33","1","unknown","","基本情報","","Hardcoded UI copy. Migrate to i18n before automatic replacement."
"hardcoded.2bb5dd6e7d","frontstage","hardcoded","src/components/party-profile-form.tsx","35","1","unknown","","関連情報","","Hardcoded UI copy. Migrate to i18n before automatic replacement."
"hardcoded.99dcac334a","frontstage","hardcoded","src/components/party-profile-form.tsx","36","1","unknown","","氏名 / 会社名","","Hardcoded UI copy. Migrate to i18n before automatic replacement."
"hardcoded.76bd6964f2","frontstage","hardcoded","src/components/party-profile-form.tsx","42","1","unknown","","関連物件・案件メモ","","Hardcoded UI copy. Migrate to i18n before automatic replacement."
"hardcoded.ae0b2216bd","frontstage","hardcoded","src/components/party-profile-form.tsx","44","1","unknown","","関係者を保存","","Hardcoded UI copy. Migrate to i18n before automatic replacement."
"hardcoded.0c447b5ed3","frontstage","hardcoded","src/components/party-profile-form.tsx","45","1","unknown","","保存して一覧へ","","Hardcoded UI copy. Migrate to i18n before automatic replacement."
"hardcoded.b122f813d5","frontstage","hardcoded","src/components/party-profile-form.tsx","48","1","unknown","","基本信息","","Hardcoded UI copy. Migrate to i18n before automatic replacement."
"hardcoded.4872a8fa2a","frontstage","hardcoded","src/components/party-profile-form.tsx","50","1","unknown","","关联信息","","Hardcoded UI copy. Migrate to i18n before automatic replacement."
"hardcoded.b49dae661c","frontstage","hardcoded","src/components/party-profile-form.tsx","51","1","unknown","","姓名 / 公司名","","Hardcoded UI copy. Migrate to i18n before automatic replacement."
"hardcoded.32e32cd3d0","frontstage","hardcoded","src/components/party-profile-form.tsx","52","4","unknown","","主体类型","","Hardcoded UI copy. Migrate to i18n before automatic replacement."
"hardcoded.ec8beafc3c","frontstage","hardcoded","src/components/party-profile-form.tsx","53","2","unknown","","主体角色","","Hardcoded UI copy. Migrate to i18n before automatic replacement."
"hardcoded.02a5a4d133","frontstage","hardcoded","src/components/party-profile-form.tsx","57","1","unknown","","关联物件 / 案件备注","","Hardcoded UI copy. Migrate to i18n before automatic replacement."
"hardcoded.281b20927d","frontstage","hardcoded","src/components/party-profile-form.tsx","59","1","unknown","","保存主体","","Hardcoded UI copy. Migrate to i18n before automatic replacement."
"hardcoded.3aa3b040a6","frontstage","hardcoded","src/components/party-profile-form.tsx","60","1","unknown","","保存并返回列表","","Hardcoded UI copy. Migrate to i18n before automatic replacement."
"hardcoded.eb7f501b0e","frontstage","hardcoded","src/components/party-profile-form.tsx","63","1","unknown","","기본 정보","","Hardcoded UI copy. Migrate to i18n before automatic replacement."
"hardcoded.d65947b4a0","frontstage","hardcoded","src/components/party-profile-form.tsx","65","1","unknown","","연결 정보","","Hardcoded UI copy. Migrate to i18n before automatic replacement."
"hardcoded.5db1b1bdaa","frontstage","hardcoded","src/components/party-profile-form.tsx","66","1","unknown","","이름 / 회사명","","Hardcoded UI copy. Migrate to i18n before automatic replacement."
"hardcoded.769626bb03","frontstage","hardcoded","src/components/party-profile-form.tsx","67","3","unknown","","관계자 유형","","Hardcoded UI copy. Migrate to i18n before automatic replacement."
"hardcoded.b0344cff88","frontstage","hardcoded","src/components/party-profile-form.tsx","72","1","unknown","","연결 매물 / 안건 메모","","Hardcoded UI copy. Migrate to i18n before automatic replacement."
"hardcoded.d7e510b5cd","frontstage","hardcoded","src/components/party-profile-form.tsx","74","1","unknown","","관계자 저장","","Hardcoded UI copy. Migrate to i18n before automatic replacement."
"hardcoded.25883cac0a","frontstage","hardcoded","src/components/party-profile-form.tsx","75","1","unknown","","저장 후 목록으로","","Hardcoded UI copy. Migrate to i18n before automatic replacement."
"hardcoded.a44cdaadc9","frontstage","hardcoded","src/components/pdfme-official-template-designer.tsx","247","1","unknown","","公式PDF精校モード","","JSX text node. Migrate to i18n before automatic replacement."
"hardcoded.c42b3728b2","frontstage","hardcoded","src/components/pdfme-official-template-designer.tsx","251","1","unknown","","公式PDF底版を読み込んでいます。","","Hardcoded UI copy. Migrate to i18n before automatic replacement."
"hardcoded.356a86608f","frontstage","hardcoded","src/components/pdfme-official-template-designer.tsx","257","1","unknown","","この案件","","Hardcoded UI copy. Migrate to i18n before automatic replacement."
"hardcoded.c9a0b4be06","frontstage","hardcoded","src/components/pdfme-official-template-designer.tsx","287","1","unknown","","現在位置を保存対象にする","","JSX text node. Migrate to i18n before automatic replacement."
"hardcoded.04b03fae9c","frontstage","hardcoded","src/components/pdfme-official-template-designer.tsx","290","1","unknown","","未変更","","Hardcoded UI copy. Migrate to i18n before automatic replacement."
"hardcoded.4734e05a02","frontstage","hardcoded","src/components/pdfme-official-template-designer.tsx","290","1","unknown","","位置変更あり","","Hardcoded UI copy. Migrate to i18n before automatic replacement."
"hardcoded.8c81856f0d","frontstage","hardcoded","src/components/pdfme-official-template-designer.tsx","297","1","unknown","","pdfme の読み込みに失敗しました:","","JSX text node. Migrate to i18n before automatic replacement."
"hardcoded.f216ecb886","frontstage","hardcoded","src/components/print-toolbar.tsx","10","1","unknown","","印刷 / PDF保存","","Hardcoded UI copy. Migrate to i18n before automatic replacement."
"hardcoded.f0ce9ee7b1","frontstage","hardcoded","src/components/print-toolbar.tsx","11","1","unknown","","打印 / 保存 PDF","","Hardcoded UI copy. Migrate to i18n before automatic replacement."
"hardcoded.f7e2adc9b7","frontstage","hardcoded","src/components/print-toolbar.tsx","12","1","unknown","","인쇄 / PDF 저장","","Hardcoded UI copy. Migrate to i18n before automatic replacement."
"hardcoded.53ccbb0d37","frontstage","hardcoded","src/components/quote-form.tsx","36","1","unknown","","顧客を選択","","Hardcoded UI copy. Migrate to i18n before automatic replacement."
"hardcoded.38e535b4f3","frontstage","hardcoded","src/components/quote-form.tsx","37","1","unknown","","提案タイトル","","Hardcoded UI copy. Migrate to i18n before automatic replacement."
"hardcoded.456f691576","frontstage","hardcoded","src/components/quote-form.tsx","38","1","unknown","","例：プランA","","Hardcoded UI copy. Migrate to i18n before automatic replacement."
"hardcoded.559d323bb6","frontstage","hardcoded","src/components/quote-form.tsx","40","1","unknown","","物件を連携しない","","Hardcoded UI copy. Migrate to i18n before automatic replacement."
"hardcoded.7be6d8f0ec","frontstage","hardcoded","src/components/quote-form.tsx","43","1","unknown","","税金","","Hardcoded UI copy. Migrate to i18n before automatic replacement."
"hardcoded.4769b65836","frontstage","hardcoded","src/components/quote-form.tsx","45","1","unknown","","管理費（月額）","","Hardcoded UI copy. Migrate to i18n before automatic replacement."
"hardcoded.c579d7c412","frontstage","hardcoded","src/components/quote-form.tsx","46","1","unknown","","修繕積立金（月額）","","Hardcoded UI copy. Migrate to i18n before automatic replacement."
"hardcoded.5f6e173e33","frontstage","hardcoded","src/components/quote-form.tsx","47","1","unknown","","頭金","","Hardcoded UI copy. Migrate to i18n before automatic replacement."
"hardcoded.03b47e5fa5","frontstage","hardcoded","src/components/quote-form.tsx","48","1","unknown","","金利（%）","","Hardcoded UI copy. Migrate to i18n before automatic replacement."
"hardcoded.5cd13f1559","frontstage","hardcoded","src/components/quote-form.tsx","49","1","unknown","","返済年数","","Hardcoded UI copy. Migrate to i18n before automatic replacement."
"hardcoded.017d56782a","frontstage","hardcoded","src/components/quote-form.tsx","50","1","unknown","","顧客向け提案サマリー","","Hardcoded UI copy. Migrate to i18n before automatic replacement."
"hardcoded.fb56590f2e","frontstage","hardcoded","src/components/quote-form.tsx","51","1","unknown","","簡潔版","","Hardcoded UI copy. Migrate to i18n before automatic replacement."
"hardcoded.5daa0e66e0","frontstage","hardcoded","src/components/quote-form.tsx","52","1","unknown","","詳細版","","Hardcoded UI copy. Migrate to i18n before automatic replacement."
"hardcoded.07fee61084","frontstage","hardcoded","src/components/quote-form.tsx","53","1","unknown","","簡潔版をコピー","","Hardcoded UI copy. Migrate to i18n before automatic replacement."
"hardcoded.28692308d8","frontstage","hardcoded","src/components/quote-form.tsx","54","1","unknown","","詳細版をコピー","","Hardcoded UI copy. Migrate to i18n before automatic replacement."
"hardcoded.c3aac141a8","frontstage","hardcoded","src/components/quote-form.tsx","55","1","unknown","","担当者メモ（任意）","","Hardcoded UI copy. Migrate to i18n before automatic replacement."
"hardcoded.3a4c932b9f","frontstage","hardcoded","src/components/quote-form.tsx","56","1","unknown","","試算結果","","Hardcoded UI copy. Migrate to i18n before automatic replacement."
"hardcoded.a79829fe95","frontstage","hardcoded","src/components/quote-form.tsx","61","1","unknown","","入力内容の変更は即時に反映されます。","","Hardcoded UI copy. Migrate to i18n before automatic replacement."
"hardcoded.70db7e8909","frontstage","hardcoded","src/components/quote-form.tsx","62","1","unknown","","注意ポイント","","Hardcoded UI copy. Migrate to i18n before automatic replacement."
"hardcoded.db503283b9","frontstage","hardcoded","src/components/quote-form.tsx","63","1","unknown","","現在、注意すべき項目はありません。","","Hardcoded UI copy. Migrate to i18n before automatic replacement."
"hardcoded.865b49c87d","frontstage","hardcoded","src/components/quote-form.tsx","64","1","unknown","","選択中サマリーをコピー","","Hardcoded UI copy. Migrate to i18n before automatic replacement."
"hardcoded.9256fcb9a8","frontstage","hardcoded","src/components/quote-form.tsx","65","1","unknown","","提案を保存して顧客に紐づけ","","Hardcoded UI copy. Migrate to i18n before automatic replacement."
"hardcoded.e8850440f2","frontstage","hardcoded","src/components/quote-form.tsx","68","1","unknown","","输入","","Hardcoded UI copy. Migrate to i18n before automatic replacement."
"hardcoded.3022162888","frontstage","hardcoded","src/components/quote-form.tsx","70","1","unknown","","选择客户","","Hardcoded UI copy. Migrate to i18n before automatic replacement."
"hardcoded.79cdef8099","frontstage","hardcoded","src/components/quote-form.tsx","71","1","unknown","","提案标题","","Hardcoded UI copy. Migrate to i18n before automatic replacement."
"hardcoded.f40c04bab5","frontstage","hardcoded","src/components/quote-form.tsx","72","1","unknown","","例：方案A","","Hardcoded UI copy. Migrate to i18n before automatic replacement."
"hardcoded.3f6237f243","frontstage","hardcoded","src/components/quote-form.tsx","74","1","unknown","","不关联物件","","Hardcoded UI copy. Migrate to i18n before automatic replacement."
"hardcoded.d23dc537d5","frontstage","hardcoded","src/components/quote-form.tsx","79","1","unknown","","管理费（月）","","Hardcoded UI copy. Migrate to i18n before automatic replacement."
"hardcoded.9fab0d9e0f","frontstage","hardcoded","src/components/quote-form.tsx","80","1","unknown","","修缮基金（月）","","Hardcoded UI copy. Migrate to i18n before automatic replacement."
"hardcoded.23839ee5d5","frontstage","hardcoded","src/components/quote-form.tsx","81","1","unknown","","首付款","","Hardcoded UI copy. Migrate to i18n before automatic replacement."
"hardcoded.439d9e83ff","frontstage","hardcoded","src/components/quote-form.tsx","82","1","unknown","","利率（%）","","Hardcoded UI copy. Migrate to i18n before automatic replacement."
"hardcoded.6e9db3327e","frontstage","hardcoded","src/components/quote-form.tsx","83","1","unknown","","还款年限","","Hardcoded UI copy. Migrate to i18n before automatic replacement."
"hardcoded.995558417e","frontstage","hardcoded","src/components/quote-form.tsx","84","1","unknown","","面向客户的提案摘要","","Hardcoded UI copy. Migrate to i18n before automatic replacement."
"hardcoded.9fd0dc2398","frontstage","hardcoded","src/components/quote-form.tsx","85","1","unknown","","简版","","Hardcoded UI copy. Migrate to i18n before automatic replacement."
"hardcoded.4bcb030a3f","frontstage","hardcoded","src/components/quote-form.tsx","86","1","unknown","","详版","","Hardcoded UI copy. Migrate to i18n before automatic replacement."
"hardcoded.d1716b9964","frontstage","hardcoded","src/components/quote-form.tsx","87","1","unknown","","复制简版","","Hardcoded UI copy. Migrate to i18n before automatic replacement."
"hardcoded.828f318b7b","frontstage","hardcoded","src/components/quote-form.tsx","88","1","unknown","","复制详版","","Hardcoded UI copy. Migrate to i18n before automatic replacement."
"hardcoded.9494367c75","frontstage","hardcoded","src/components/quote-form.tsx","89","1","unknown","","担当备注（可选）","","Hardcoded UI copy. Migrate to i18n before automatic replacement."
"hardcoded.5fa4f09758","frontstage","hardcoded","src/components/quote-form.tsx","90","1","unknown","","试算结果","","Hardcoded UI copy. Migrate to i18n before automatic replacement."
"hardcoded.d40280d941","frontstage","hardcoded","src/components/quote-form.tsx","95","1","unknown","","输入变更会实时反映。","","Hardcoded UI copy. Migrate to i18n before automatic replacement."
"hardcoded.ab3656a956","frontstage","hardcoded","src/components/quote-form.tsx","96","1","unknown","","提示","","Hardcoded UI copy. Migrate to i18n before automatic replacement."
"hardcoded.1276d49e70","frontstage","hardcoded","src/components/quote-form.tsx","97","1","unknown","","当前没有需要注意的项目。","","Hardcoded UI copy. Migrate to i18n before automatic replacement."
"hardcoded.12fc342a4b","frontstage","hardcoded","src/components/quote-form.tsx","98","1","unknown","","复制当前摘要","","Hardcoded UI copy. Migrate to i18n before automatic replacement."
"hardcoded.8998edb2e4","frontstage","hardcoded","src/components/quote-form.tsx","99","1","unknown","","保存提案并关联客户","","Hardcoded UI copy. Migrate to i18n before automatic replacement."
"hardcoded.f390b3311c","frontstage","hardcoded","src/components/quote-form.tsx","102","1","unknown","","입력","","Hardcoded UI copy. Migrate to i18n before automatic replacement."
"hardcoded.96f5b585d0","frontstage","hardcoded","src/components/quote-form.tsx","104","1","unknown","","고객 선택","","Hardcoded UI copy. Migrate to i18n before automatic replacement."
"hardcoded.3627054298","frontstage","hardcoded","src/components/quote-form.tsx","105","1","unknown","","제안 제목","","Hardcoded UI copy. Migrate to i18n before automatic replacement."
"hardcoded.f448e4b5a1","frontstage","hardcoded","src/components/quote-form.tsx","106","1","unknown","","예: 플랜 A","","Hardcoded UI copy. Migrate to i18n before automatic replacement."
"hardcoded.042c891457","frontstage","hardcoded","src/components/quote-form.tsx","108","1","unknown","","매물 미연결","","Hardcoded UI copy. Migrate to i18n before automatic replacement."
"hardcoded.a66ab01e05","frontstage","hardcoded","src/components/quote-form.tsx","110","1","unknown","","중개 수수료","","Hardcoded UI copy. Migrate to i18n before automatic replacement."
"hardcoded.8f266fdcd9","frontstage","hardcoded","src/components/quote-form.tsx","111","1","unknown","","세금","","Hardcoded UI copy. Migrate to i18n before automatic replacement."
"hardcoded.16d07c741c","frontstage","hardcoded","src/components/quote-form.tsx","113","1","unknown","","관리비(월)","","Hardcoded UI copy. Migrate to i18n before automatic replacement."
"hardcoded.682b85ecf7","frontstage","hardcoded","src/components/quote-form.tsx","114","1","unknown","","수선적립금(월)","","Hardcoded UI copy. Migrate to i18n before automatic replacement."
"hardcoded.ab7692c347","frontstage","hardcoded","src/components/quote-form.tsx","115","1","unknown","","계약금","","Hardcoded UI copy. Migrate to i18n before automatic replacement."
"hardcoded.258b475a7d","frontstage","hardcoded","src/components/quote-form.tsx","116","1","unknown","","금리(%)","","Hardcoded UI copy. Migrate to i18n before automatic replacement."
"hardcoded.70543c4ed6","frontstage","hardcoded","src/components/quote-form.tsx","117","1","unknown","","상환 연수","","Hardcoded UI copy. Migrate to i18n before automatic replacement."
"hardcoded.0d32d74f80","frontstage","hardcoded","src/components/quote-form.tsx","118","1","unknown","","고객용 제안 요약","","Hardcoded UI copy. Migrate to i18n before automatic replacement."
"hardcoded.2e2c3ee7b5","frontstage","hardcoded","src/components/quote-form.tsx","119","1","unknown","","간단형","","Hardcoded UI copy. Migrate to i18n before automatic replacement."
"hardcoded.cee5dd8ace","frontstage","hardcoded","src/components/quote-form.tsx","120","1","unknown","","상세형","","Hardcoded UI copy. Migrate to i18n before automatic replacement."
"hardcoded.99efc2de3c","frontstage","hardcoded","src/components/quote-form.tsx","121","1","unknown","","간단형 복사","","Hardcoded UI copy. Migrate to i18n before automatic replacement."
"hardcoded.a59dedb771","frontstage","hardcoded","src/components/quote-form.tsx","122","1","unknown","","상세형 복사","","Hardcoded UI copy. Migrate to i18n before automatic replacement."
"hardcoded.604f72a131","frontstage","hardcoded","src/components/quote-form.tsx","123","1","unknown","","담당자 메모(선택)","","Hardcoded UI copy. Migrate to i18n before automatic replacement."
"hardcoded.8403bb2a7f","frontstage","hardcoded","src/components/quote-form.tsx","124","1","unknown","","시뮬레이션 결과","","Hardcoded UI copy. Migrate to i18n before automatic replacement."
"hardcoded.a1cf412146","frontstage","hardcoded","src/components/quote-form.tsx","129","1","unknown","","입력 변경 사항은 즉시 반영됩니다.","","Hardcoded UI copy. Migrate to i18n before automatic replacement."
"hardcoded.938a3ff878","frontstage","hardcoded","src/components/quote-form.tsx","130","1","unknown","","주의 포인트","","Hardcoded UI copy. Migrate to i18n before automatic replacement."
"hardcoded.93fa734712","frontstage","hardcoded","src/components/quote-form.tsx","131","1","unknown","","현재 주의가 필요한 항목이 없습니다.","","Hardcoded UI copy. Migrate to i18n before automatic replacement."
"hardcoded.df564e6e0a","frontstage","hardcoded","src/components/quote-form.tsx","132","1","unknown","","선택한 요약 복사","","Hardcoded UI copy. Migrate to i18n before automatic replacement."
"hardcoded.fd3fb34f08","frontstage","hardcoded","src/components/quote-form.tsx","133","1","unknown","","제안 저장 후 고객에 연결","","Hardcoded UI copy. Migrate to i18n before automatic replacement."
"i18n.ja.app.title","frontstage","i18n","src/lib/i18n.ts","7","1","ja","app.title","ブローカーデスク","","Can be edited in CSV and migrated back to i18n source."
"i18n.ja.app.description","frontstage","i18n","src/lib/i18n.ts","8","1","ja","app.description","不動産業務の資料入力・整理・出力センター","","Can be edited in CSV and migrated back to i18n source."
"i18n.ja.nav.searchPlaceholder","frontstage","i18n","src/lib/i18n.ts","9","1","ja","nav.searchPlaceholder","物件・関係者・出力履歴を検索","","Can be edited in CSV and migrated back to i18n source."
"i18n.ja.nav.importButton","frontstage","i18n","src/lib/i18n.ts","10","1","ja","nav.importButton","作成・資料登録","","Can be edited in CSV and migrated back to i18n source."
"i18n.ja.nav.outputButton","frontstage","i18n","src/lib/i18n.ts","11","1","ja","nav.outputButton","書類を出力","","Can be edited in CSV and migrated back to i18n source."
"i18n.ja.nav.ownerBadge","frontstage","i18n","src/lib/i18n.ts","12","1","ja","nav.ownerBadge","担当","","Can be edited in CSV and migrated back to i18n source."
"i18n.ja.nav.tagline","frontstage","i18n","src/lib/i18n.ts","13","1","ja","nav.tagline","入力・整理・出力","","Can be edited in CSV and migrated back to i18n source."
"i18n.ja.nav.link.dashboard","frontstage","i18n","src/lib/i18n.ts","14","1","ja","nav.link.dashboard","資料管理センター","","Can be edited in CSV and migrated back to i18n source."
"i18n.ja.nav.link.clients","frontstage","i18n","src/lib/i18n.ts","15","1","ja","nav.link.clients","顧客","","Can be edited in CSV and migrated back to i18n source."
"i18n.ja.nav.link.importCenter","frontstage","i18n","src/lib/i18n.ts","16","1","ja","nav.link.importCenter","作成・資料登録","","Can be edited in CSV and migrated back to i18n source."
"i18n.ja.nav.link.properties","frontstage","i18n","src/lib/i18n.ts","17","1","ja","nav.link.properties","物件台帳","","Can be edited in CSV and migrated back to i18n source."
"i18n.ja.nav.link.parties","frontstage","i18n","src/lib/i18n.ts","18","1","ja","nav.link.parties","関係者","","Can be edited in CSV and migrated back to i18n source."
"i18n.ja.nav.link.quotes","frontstage","i18n","src/lib/i18n.ts","19","1","ja","nav.link.quotes","提案・試算","","Can be edited in CSV and migrated back to i18n source."
"i18n.ja.nav.link.contracts","frontstage","i18n","src/lib/i18n.ts","20","1","ja","nav.link.contracts","契約・法定","","Can be edited in CSV and migrated back to i18n source."
"i18n.ja.nav.link.serviceRequests","frontstage","i18n","src/lib/i18n.ts","21","1","ja","nav.link.serviceRequests","対応履歴","","Can be edited in CSV and migrated back to i18n source."
"i18n.ja.nav.link.outputCenter","frontstage","i18n","src/lib/i18n.ts","22","1","ja","nav.link.outputCenter","書類を出力","","Can be edited in CSV and migrated back to i18n source."
"i18n.ja.nav.link.templates","frontstage","i18n","src/lib/i18n.ts","23","1","ja","nav.link.templates","テンプレート","","Can be edited in CSV and migrated back to i18n source."
"i18n.ja.locale.ja","frontstage","i18n","src/lib/i18n.ts","24","1","ja","locale.ja","日本語","","Can be edited in CSV and migrated back to i18n source."
"i18n.ja.locale.zh","frontstage","i18n","src/lib/i18n.ts","25","1","ja","locale.zh","中文","","Can be edited in CSV and migrated back to i18n source."
"i18n.ja.locale.ko","frontstage","i18n","src/lib/i18n.ts","26","1","ja","locale.ko","한국어","","Can be edited in CSV and migrated back to i18n source."
"i18n.ja.locale.label","frontstage","i18n","src/lib/i18n.ts","27","1","ja","locale.label","言語","","Can be edited in CSV and migrated back to i18n source."
"i18n.ja.dashboard.title","frontstage","i18n","src/lib/i18n.ts","29","1","ja","dashboard.title","業務資料ハブ","","Can be edited in CSV and migrated back to i18n source."
"i18n.ja.dashboard.description","frontstage","i18n","src/lib/i18n.ts","30","1","ja","dashboard.description","物件・関係者・契約・対応履歴・出力書類を1か所で管理します。","","Can be edited in CSV and migrated back to i18n source."
"i18n.ja.dashboard.kpi.properties","frontstage","i18n","src/lib/i18n.ts","31","1","ja","dashboard.kpi.properties","登録物件","","Can be edited in CSV and migrated back to i18n source."
"i18n.ja.dashboard.kpi.parties","frontstage","i18n","src/lib/i18n.ts","32","1","ja","dashboard.kpi.parties","登録関係者","","Can be edited in CSV and migrated back to i18n source."
"i18n.ja.dashboard.kpi.contracts","frontstage","i18n","src/lib/i18n.ts","33","1","ja","dashboard.kpi.contracts","契約レコード","","Can be edited in CSV and migrated back to i18n source."
"i18n.ja.dashboard.kpi.pendingRequests","frontstage","i18n","src/lib/i18n.ts","34","1","ja","dashboard.kpi.pendingRequests","未完了対応履歴","","Can be edited in CSV and migrated back to i18n source."
"i18n.ja.dashboard.flow.title","frontstage","i18n","src/lib/i18n.ts","35","1","ja","dashboard.flow.title","資料フロー","","Can be edited in CSV and migrated back to i18n source."
"i18n.ja.dashboard.flow.subtitle","frontstage","i18n","src/lib/i18n.ts","36","1","ja","dashboard.flow.subtitle","入力、整理、出力の状態を確認","","Can be edited in CSV and migrated back to i18n source."
"i18n.ja.dashboard.flow.stepPrefix","frontstage","i18n","src/lib/i18n.ts","37","1","ja","dashboard.flow.stepPrefix","手順","","Can be edited in CSV and migrated back to i18n source."
"i18n.ja.dashboard.flow.step1.title","frontstage","i18n","src/lib/i18n.ts","38","1","ja","dashboard.flow.step1.title","作成・資料登録","","Can be edited in CSV and migrated back to i18n source."
"i18n.ja.dashboard.flow.step1.desc","frontstage","i18n","src/lib/i18n.ts","39","1","ja","dashboard.flow.step1.desc","案件・関係者・物件と資料を登録","","Can be edited in CSV and migrated back to i18n source."
"i18n.ja.dashboard.flow.step2.title","frontstage","i18n","src/lib/i18n.ts","40","1","ja","dashboard.flow.step2.title","物件と関係者を紐づけ","","Can be edited in CSV and migrated back to i18n source."
"i18n.ja.dashboard.flow.step2.desc","frontstage","i18n","src/lib/i18n.ts","41","1","ja","dashboard.flow.step2.desc","関係情報を統合して確認","","Can be edited in CSV and migrated back to i18n source."
"i18n.ja.dashboard.flow.step3.title","frontstage","i18n","src/lib/i18n.ts","42","1","ja","dashboard.flow.step3.title","契約を整理する","","Can be edited in CSV and migrated back to i18n source."
"i18n.ja.dashboard.flow.step3.desc","frontstage","i18n","src/lib/i18n.ts","43","1","ja","dashboard.flow.step3.desc","契約タイプ別に履歴を管理","","Can be edited in CSV and migrated back to i18n source."
"i18n.ja.dashboard.flow.step4.title","frontstage","i18n","src/lib/i18n.ts","44","1","ja","dashboard.flow.step4.title","標準帳票を出力","","Can be edited in CSV and migrated back to i18n source."
"i18n.ja.dashboard.flow.step4.desc","frontstage","i18n","src/lib/i18n.ts","45","1","ja","dashboard.flow.step4.desc","提案書・明細・受領書を出力","","Can be edited in CSV and migrated back to i18n source."
"i18n.ja.dashboard.importJobs.title","frontstage","i18n","src/lib/i18n.ts","46","1","ja","dashboard.importJobs.title","資料読取状況","","Can be edited in CSV and migrated back to i18n source."
"i18n.ja.dashboard.importJobs.subtitle","frontstage","i18n","src/lib/i18n.ts","47","1","ja","dashboard.importJobs.subtitle","未整理の資料を優先対応","","Can be edited in CSV and migrated back to i18n source."
"i18n.ja.dashboard.importJobs.empty","frontstage","i18n","src/lib/i18n.ts","48","1","ja","dashboard.importJobs.empty","未整理の資料はありません。","","Can be edited in CSV and migrated back to i18n source."
"i18n.ja.dashboard.importJobs.target","frontstage","i18n","src/lib/i18n.ts","49","1","ja","dashboard.importJobs.target","対象","","Can be edited in CSV and migrated back to i18n source."
"i18n.ja.dashboard.requests.title","frontstage","i18n","src/lib/i18n.ts","50","1","ja","dashboard.requests.title","対応履歴","","Can be edited in CSV and migrated back to i18n source."
"i18n.ja.dashboard.requests.subtitle","frontstage","i18n","src/lib/i18n.ts","51","1","ja","dashboard.requests.subtitle","未完了の修繕・点検・後続対応","","Can be edited in CSV and migrated back to i18n source."
"i18n.ja.dashboard.requests.empty","frontstage","i18n","src/lib/i18n.ts","52","1","ja","dashboard.requests.empty","未完了の対応履歴はありません。","","Can be edited in CSV and migrated back to i18n source."
"i18n.ja.dashboard.requests.unlinkedProperty","frontstage","i18n","src/lib/i18n.ts","53","1","ja","dashboard.requests.unlinkedProperty","物件未紐付","","Can be edited in CSV and migrated back to i18n source."
"i18n.ja.dashboard.requests.unlinkedParty","frontstage","i18n","src/lib/i18n.ts","54","1","ja","dashboard.requests.unlinkedParty","関係者未紐付","","Can be edited in CSV and migrated back to i18n source."
"i18n.ja.dashboard.requests.occurredAt","frontstage","i18n","src/lib/i18n.ts","55","1","ja","dashboard.requests.occurredAt","発生日","","Can be edited in CSV and migrated back to i18n source."
"i18n.ja.dashboard.contracts.title","frontstage","i18n","src/lib/i18n.ts","56","1","ja","dashboard.contracts.title","最新契約レコード","","Can be edited in CSV and migrated back to i18n source."
"i18n.ja.dashboard.contracts.subtitle","frontstage","i18n","src/lib/i18n.ts","57","1","ja","dashboard.contracts.subtitle","契約タイプ別の最新6件","","Can be edited in CSV and migrated back to i18n source."
"i18n.ja.dashboard.contracts.empty","frontstage","i18n","src/lib/i18n.ts","58","1","ja","dashboard.contracts.empty","契約レコードはまだありません。","","Can be edited in CSV and migrated back to i18n source."
"i18n.ja.dashboard.contracts.signedAt","frontstage","i18n","src/lib/i18n.ts","59","1","ja","dashboard.contracts.signedAt","署名日","","Can be edited in CSV and migrated back to i18n source."
"i18n.ja.dashboard.contracts.status","frontstage","i18n","src/lib/i18n.ts","60","1","ja","dashboard.contracts.status","状態","","Can be edited in CSV and migrated back to i18n source."
"i18n.ja.dashboard.outputs.title","frontstage","i18n","src/lib/i18n.ts","61","1","ja","dashboard.outputs.title","最近の出力物","","Can be edited in CSV and migrated back to i18n source."
"i18n.ja.dashboard.outputs.subtitle","frontstage","i18n","src/lib/i18n.ts","62","1","ja","dashboard.outputs.subtitle","テンプレート出力の履歴","","Can be edited in CSV and migrated back to i18n source."
"i18n.ja.dashboard.outputs.empty","frontstage","i18n","src/lib/i18n.ts","63","1","ja","dashboard.outputs.empty","出力履歴はまだありません。","","Can be edited in CSV and migrated back to i18n source."
"i18n.ja.dashboard.outputs.relatedContract","frontstage","i18n","src/lib/i18n.ts","64","1","ja","dashboard.outputs.relatedContract","関連契約","","Can be edited in CSV and migrated back to i18n source."
"i18n.ja.dashboard.outputs.generatedAt","frontstage","i18n","src/lib/i18n.ts","65","1","ja","dashboard.outputs.generatedAt","出力日時","","Can be edited in CSV and migrated back to i18n source."
"i18n.ja.dashboard.coverage.title","frontstage","i18n","src/lib/i18n.ts","66","1","ja","dashboard.coverage.title","データ整備対象","","Can be edited in CSV and migrated back to i18n source."
"i18n.ja.dashboard.coverage.subtitle","frontstage","i18n","src/lib/i18n.ts","67","1","ja","dashboard.coverage.subtitle","契約未連携の関係者を優先整備","","Can be edited in CSV and migrated back to i18n source."
"i18n.ja.dashboard.coverage.empty","frontstage","i18n","src/lib/i18n.ts","68","1","ja","dashboard.coverage.empty","未整備の関係者はありません。","","Can be edited in CSV and migrated back to i18n source."
"i18n.ja.dashboard.coverage.role","frontstage","i18n","src/lib/i18n.ts","69","1","ja","dashboard.coverage.role","役割","","Can be edited in CSV and migrated back to i18n source."
"i18n.ja.dashboard.coverage.contractCount","frontstage","i18n","src/lib/i18n.ts","70","1","ja","dashboard.coverage.contractCount","契約連携","","Can be edited in CSV and migrated back to i18n source."
"i18n.ja.import.status.queued","frontstage","i18n","src/lib/i18n.ts","72","1","ja","import.status.queued","受付","","Can be edited in CSV and migrated back to i18n source."
"i18n.ja.import.status.mapped","frontstage","i18n","src/lib/i18n.ts","73","1","ja","import.status.mapped","確認待ち","","Can be edited in CSV and migrated back to i18n source."
"i18n.ja.import.status.completed","frontstage","i18n","src/lib/i18n.ts","74","1","ja","import.status.completed","完了","","Can be edited in CSV and migrated back to i18n source."
"i18n.ja.import.source.scan","frontstage","i18n","src/lib/i18n.ts","77","1","ja","import.source.scan","スキャン","","Can be edited in CSV and migrated back to i18n source."
"i18n.ja.import.source.manual","frontstage","i18n","src/lib/i18n.ts","78","1","ja","import.source.manual","手入力","","Can be edited in CSV and migrated back to i18n source."
"i18n.ja.request.status.open","frontstage","i18n","src/lib/i18n.ts","79","1","ja","request.status.open","対応中","","Can be edited in CSV and migrated back to i18n source."
"i18n.ja.request.status.done","frontstage","i18n","src/lib/i18n.ts","80","1","ja","request.status.done","完了","","Can be edited in CSV and migrated back to i18n source."
"i18n.ja.request.status.canceled","frontstage","i18n","src/lib/i18n.ts","81","1","ja","request.status.canceled","取消","","Can be edited in CSV and migrated back to i18n source."
"i18n.ja.contract.type.sell","frontstage","i18n","src/lib/i18n.ts","82","1","ja","contract.type.sell","売買","","Can be edited in CSV and migrated back to i18n source."
"i18n.ja.contract.type.rent","frontstage","i18n","src/lib/i18n.ts","83","1","ja","contract.type.rent","賃貸","","Can be edited in CSV and migrated back to i18n source."
"i18n.ja.contract.type.pm","frontstage","i18n","src/lib/i18n.ts","84","1","ja","contract.type.pm","管理","","Can be edited in CSV and migrated back to i18n source."
"i18n.ja.contract.type.agent","frontstage","i18n","src/lib/i18n.ts","85","1","ja","contract.type.agent","代理","","Can be edited in CSV and migrated back to i18n source."
"i18n.ja.contract.status.draft","frontstage","i18n","src/lib/i18n.ts","86","1","ja","contract.status.draft","下書き","","Can be edited in CSV and migrated back to i18n source."
"i18n.ja.contract.status.active","frontstage","i18n","src/lib/i18n.ts","87","1","ja","contract.status.active","有効","","Can be edited in CSV and migrated back to i18n source."
"i18n.ja.contract.status.closed","frontstage","i18n","src/lib/i18n.ts","88","1","ja","contract.status.closed","完了","","Can be edited in CSV and migrated back to i18n source."
"i18n.ja.common.notSet","frontstage","i18n","src/lib/i18n.ts","89","1","ja","common.notSet","未設定","","Can be edited in CSV and migrated back to i18n source."
"i18n.ja.common.countSuffix","frontstage","i18n","src/lib/i18n.ts","90","1","ja","common.countSuffix","件","","Can be edited in CSV and migrated back to i18n source."
"i18n.ja.common.latest","frontstage","i18n","src/lib/i18n.ts","91","1","ja","common.latest","最新","","Can be edited in CSV and migrated back to i18n source."
"i18n.ja.common.totalCount","frontstage","i18n","src/lib/i18n.ts","92","1","ja","common.totalCount","全 {{count}} {{suffix}}","","Can be edited in CSV and migrated back to i18n source."
"i18n.ja.import.target.properties","frontstage","i18n","src/lib/i18n.ts","93","1","ja","import.target.properties","物件","","Can be edited in CSV and migrated back to i18n source."
"i18n.ja.import.target.parties","frontstage","i18n","src/lib/i18n.ts","94","1","ja","import.target.parties","関係者","","Can be edited in CSV and migrated back to i18n source."
"i18n.ja.import.target.contracts","frontstage","i18n","src/lib/i18n.ts","95","1","ja","import.target.contracts","契約","","Can be edited in CSV and migrated back to i18n source."
"i18n.ja.import.target.service_requests","frontstage","i18n","src/lib/i18n.ts","96","1","ja","import.target.service_requests","対応履歴","","Can be edited in CSV and migrated back to i18n source."
"i18n.ja.properties.title","frontstage","i18n","src/lib/i18n.ts","98","1","ja","properties.title","物件データ台帳","","Can be edited in CSV and migrated back to i18n source."
"i18n.ja.properties.desc","frontstage","i18n","src/lib/i18n.ts","99","1","ja","properties.desc","Excelから読み取った物件情報を確認し、後続の書類出力に使える状態にします。","","Can be edited in CSV and migrated back to i18n source."
"i18n.ja.properties.table.title","frontstage","i18n","src/lib/i18n.ts","100","1","ja","properties.table.title","物件一覧","","Can be edited in CSV and migrated back to i18n source."
"i18n.ja.properties.table.name","frontstage","i18n","src/lib/i18n.ts","101","1","ja","properties.table.name","物件名","","Can be edited in CSV and migrated back to i18n source."
"i18n.ja.properties.table.area","frontstage","i18n","src/lib/i18n.ts","102","1","ja","properties.table.area","エリア","","Can be edited in CSV and migrated back to i18n source."
"i18n.ja.properties.table.price","frontstage","i18n","src/lib/i18n.ts","103","1","ja","properties.table.price","価格","","Can be edited in CSV and migrated back to i18n source."
"i18n.ja.properties.table.managementFee","frontstage","i18n","src/lib/i18n.ts","104","1","ja","properties.table.managementFee","管理費","","Can be edited in CSV and migrated back to i18n source."
"i18n.ja.properties.table.repairFee","frontstage","i18n","src/lib/i18n.ts","105","1","ja","properties.table.repairFee","修繕積立金","","Can be edited in CSV and migrated back to i18n source."
"i18n.ja.properties.table.attachments","frontstage","i18n","src/lib/i18n.ts","106","1","ja","properties.table.attachments","添付","","Can be edited in CSV and migrated back to i18n source."
"i18n.ja.properties.table.status","frontstage","i18n","src/lib/i18n.ts","107","1","ja","properties.table.status","状態","","Can be edited in CSV and migrated back to i18n source."
"i18n.ja.properties.state.active","frontstage","i18n","src/lib/i18n.ts","108","1","ja","properties.state.active","運用中","","Can be edited in CSV and migrated back to i18n source."
"i18n.ja.properties.state.archived","frontstage","i18n","src/lib/i18n.ts","109","1","ja","properties.state.archived","保管","","Can be edited in CSV and migrated back to i18n source."
"i18n.ja.properties.next.title","frontstage","i18n","src/lib/i18n.ts","110","1","ja","properties.next.title","次の推奨アクション","","Can be edited in CSV and migrated back to i18n source."
"i18n.ja.properties.next.subtitle","frontstage","i18n","src/lib/i18n.ts","111","1","ja","properties.next.subtitle","資料中枢としての整備手順","","Can be edited in CSV and migrated back to i18n source."
"i18n.ja.properties.next.1","frontstage","i18n","src/lib/i18n.ts","112","1","ja","properties.next.1","物件ごとに関係者（売主・買主・賃借人候補）を紐づける","","Can be edited in CSV and migrated back to i18n source."
"i18n.ja.properties.next.2","frontstage","i18n","src/lib/i18n.ts","113","1","ja","properties.next.2","契約ページで対象物件を指定して契約レコードを作成する","","Can be edited in CSV and migrated back to i18n source."
"i18n.ja.properties.next.3","frontstage","i18n","src/lib/i18n.ts","114","1","ja","properties.next.3","対応履歴で修繕履歴を物件単位で追跡する","","Can be edited in CSV and migrated back to i18n source."
"i18n.ja.properties.next.toParties","frontstage","i18n","src/lib/i18n.ts","115","1","ja","properties.next.toParties","関係者を管理","","Can be edited in CSV and migrated back to i18n source."
"i18n.ja.properties.next.toContracts","frontstage","i18n","src/lib/i18n.ts","116","1","ja","properties.next.toContracts","契約を管理","","Can be edited in CSV and migrated back to i18n source."
"i18n.ja.properties.next.toRequests","frontstage","i18n","src/lib/i18n.ts","117","1","ja","properties.next.toRequests","対応履歴を確認","","Can be edited in CSV and migrated back to i18n source."
"i18n.ja.parties.title","frontstage","i18n","src/lib/i18n.ts","119","1","ja","parties.title","関係者管理","","Can be edited in CSV and migrated back to i18n source."
"i18n.ja.parties.desc","frontstage","i18n","src/lib/i18n.ts","120","1","ja","parties.desc","買主・売主・貸主・借主・管理委託者などの関係者情報を一元管理し、契約との関係を可視化します。","","Can be edited in CSV and migrated back to i18n source."
"i18n.ja.parties.table.title","frontstage","i18n","src/lib/i18n.ts","121","1","ja","parties.table.title","関係者一覧","","Can be edited in CSV and migrated back to i18n source."
"i18n.ja.parties.table.resultCount","frontstage","i18n","src/lib/i18n.ts","122","1","ja","parties.table.resultCount","検索結果 {{count}} 件","","Can be edited in CSV and migrated back to i18n source."
"i18n.ja.parties.table.name","frontstage","i18n","src/lib/i18n.ts","123","1","ja","parties.table.name","関係者名","","Can be edited in CSV and migrated back to i18n source."
"i18n.ja.parties.table.type","frontstage","i18n","src/lib/i18n.ts","124","1","ja","parties.table.type","種別","","Can be edited in CSV and migrated back to i18n source."
"i18n.ja.parties.table.contact","frontstage","i18n","src/lib/i18n.ts","125","1","ja","parties.table.contact","連絡先","","Can be edited in CSV and migrated back to i18n source."
"i18n.ja.parties.table.roles","frontstage","i18n","src/lib/i18n.ts","126","1","ja","parties.table.roles","役割タグ","","Can be edited in CSV and migrated back to i18n source."
"i18n.ja.parties.table.relatedProperty","frontstage","i18n","src/lib/i18n.ts","127","1","ja","parties.table.relatedProperty","関連物件ヒント","","Can be edited in CSV and migrated back to i18n source."
"i18n.ja.parties.table.contractCount","frontstage","i18n","src/lib/i18n.ts","128","1","ja","parties.table.contractCount","契約数","","Can be edited in CSV and migrated back to i18n source."
"i18n.ja.parties.type.individual","frontstage","i18n","src/lib/i18n.ts","129","1","ja","parties.type.individual","個人","","Can be edited in CSV and migrated back to i18n source."
"i18n.ja.parties.type.corporate","frontstage","i18n","src/lib/i18n.ts","130","1","ja","parties.type.corporate","法人","","Can be edited in CSV and migrated back to i18n source."
"i18n.ja.contracts.title","frontstage","i18n","src/lib/i18n.ts","132","1","ja","contracts.title","契約管理","","Can be edited in CSV and migrated back to i18n source."
"i18n.ja.contracts.desc","frontstage","i18n","src/lib/i18n.ts","133","1","ja","contracts.desc","賃貸・売買・管理委託・媒介の4類型を統一管理し、物件と関係者に紐づく契約履歴を残します。","","Can be edited in CSV and migrated back to i18n source."
"i18n.ja.contracts.table.title","frontstage","i18n","src/lib/i18n.ts","134","1","ja","contracts.table.title","契約一覧","","Can be edited in CSV and migrated back to i18n source."
"i18n.ja.contracts.table.number","frontstage","i18n","src/lib/i18n.ts","135","1","ja","contracts.table.number","契約番号","","Can be edited in CSV and migrated back to i18n source."
"i18n.ja.contracts.table.type","frontstage","i18n","src/lib/i18n.ts","136","1","ja","contracts.table.type","契約種別","","Can be edited in CSV and migrated back to i18n source."
"i18n.ja.contracts.table.property","frontstage","i18n","src/lib/i18n.ts","137","1","ja","contracts.table.property","関連物件","","Can be edited in CSV and migrated back to i18n source."
"i18n.ja.contracts.table.party","frontstage","i18n","src/lib/i18n.ts","138","1","ja","contracts.table.party","関係者","","Can be edited in CSV and migrated back to i18n source."
"i18n.ja.contracts.table.signedAt","frontstage","i18n","src/lib/i18n.ts","139","1","ja","contracts.table.signedAt","署名日","","Can be edited in CSV and migrated back to i18n source."
"i18n.ja.contracts.table.effectiveUntil","frontstage","i18n","src/lib/i18n.ts","140","1","ja","contracts.table.effectiveUntil","有効期限","","Can be edited in CSV and migrated back to i18n source."
"i18n.ja.contracts.table.status","frontstage","i18n","src/lib/i18n.ts","141","1","ja","contracts.table.status","状態","","Can be edited in CSV and migrated back to i18n source."
"i18n.ja.contracts.type.sell","frontstage","i18n","src/lib/i18n.ts","142","1","ja","contracts.type.sell","売買契約","","Can be edited in CSV and migrated back to i18n source."
"i18n.ja.contracts.type.rent","frontstage","i18n","src/lib/i18n.ts","143","1","ja","contracts.type.rent","賃貸借契約","","Can be edited in CSV and migrated back to i18n source."
"i18n.ja.contracts.type.pm","frontstage","i18n","src/lib/i18n.ts","144","1","ja","contracts.type.pm","管理委託契約","","Can be edited in CSV and migrated back to i18n source."
"i18n.ja.contracts.type.agent","frontstage","i18n","src/lib/i18n.ts","145","1","ja","contracts.type.agent","媒介契約","","Can be edited in CSV and migrated back to i18n source."
"i18n.ja.service.title","frontstage","i18n","src/lib/i18n.ts","147","1","ja","service.title","対応履歴","","Can be edited in CSV and migrated back to i18n source."
"i18n.ja.service.desc","frontstage","i18n","src/lib/i18n.ts","148","1","ja","service.desc","修繕、点検、相談、後続対応を記録し、物件と顧客の履歴を残します。","","Can be edited in CSV and migrated back to i18n source."
"i18n.ja.service.table.title","frontstage","i18n","src/lib/i18n.ts","149","1","ja","service.table.title","履歴一覧","","Can be edited in CSV and migrated back to i18n source."
"i18n.ja.service.table.requestTitle","frontstage","i18n","src/lib/i18n.ts","150","1","ja","service.table.requestTitle","タイトル","","Can be edited in CSV and migrated back to i18n source."
"i18n.ja.service.table.property","frontstage","i18n","src/lib/i18n.ts","151","1","ja","service.table.property","関連物件","","Can be edited in CSV and migrated back to i18n source."
"i18n.ja.service.table.party","frontstage","i18n","src/lib/i18n.ts","152","1","ja","service.table.party","関係者","","Can be edited in CSV and migrated back to i18n source."
"i18n.ja.service.table.occurredAt","frontstage","i18n","src/lib/i18n.ts","153","1","ja","service.table.occurredAt","発生日","","Can be edited in CSV and migrated back to i18n source."
"i18n.ja.service.table.completedAt","frontstage","i18n","src/lib/i18n.ts","154","1","ja","service.table.completedAt","完了日","","Can be edited in CSV and migrated back to i18n source."
"i18n.ja.service.table.cost","frontstage","i18n","src/lib/i18n.ts","155","1","ja","service.table.cost","費用","","Can be edited in CSV and migrated back to i18n source."
"i18n.ja.service.table.status","frontstage","i18n","src/lib/i18n.ts","156","1","ja","service.table.status","状態","","Can be edited in CSV and migrated back to i18n source."
"i18n.ja.output.title","frontstage","i18n","src/lib/i18n.ts","158","1","ja","output.title","申込書出力","","Can be edited in CSV and migrated back to i18n source."
"i18n.ja.output.desc","frontstage","i18n","src/lib/i18n.ts","159","1","ja","output.desc","整理済みの物件・関係者・提案情報からテンプレートを選び、生成チェック後にPDFをダウンロードします。","","Can be edited in CSV and migrated back to i18n source."
"i18n.ja.output.card.standard","frontstage","i18n","src/lib/i18n.ts","160","1","ja","output.card.standard","標準テンプレート","","Can be edited in CSV and migrated back to i18n source."
"i18n.ja.output.card.adjust","frontstage","i18n","src/lib/i18n.ts","161","1","ja","output.card.adjust","テンプレートは「テンプレート」画面で調整できます。","","Can be edited in CSV and migrated back to i18n source."
"i18n.ja.output.history.title","frontstage","i18n","src/lib/i18n.ts","162","1","ja","output.history.title","出力履歴","","Can be edited in CSV and migrated back to i18n source."
"i18n.ja.output.history.sheetType","frontstage","i18n","src/lib/i18n.ts","163","1","ja","output.history.sheetType","帳票種別","","Can be edited in CSV and migrated back to i18n source."
"i18n.ja.output.history.relatedContract","frontstage","i18n","src/lib/i18n.ts","164","1","ja","output.history.relatedContract","関連契約","","Can be edited in CSV and migrated back to i18n source."
"i18n.ja.output.history.generatedAt","frontstage","i18n","src/lib/i18n.ts","165","1","ja","output.history.generatedAt","出力日時","","Can be edited in CSV and migrated back to i18n source."
"i18n.ja.output.history.action","frontstage","i18n","src/lib/i18n.ts","166","1","ja","output.history.action","操作","","Can be edited in CSV and migrated back to i18n source."
"i18n.ja.output.history.preview","frontstage","i18n","src/lib/i18n.ts","167","1","ja","output.history.preview","プレビュー","","Can be edited in CSV and migrated back to i18n source."
"i18n.ja.output.history.titleCol","frontstage","i18n","src/lib/i18n.ts","168","1","ja","output.history.titleCol","タイトル","","Can be edited in CSV and migrated back to i18n source."
"i18n.ja.templates.title","frontstage","i18n","src/lib/i18n.ts","170","1","ja","templates.title","テンプレート / 形式設定","","Can be edited in CSV and migrated back to i18n source."
"i18n.ja.templates.desc","frontstage","i18n","src/lib/i18n.ts","171","1","ja","templates.desc","法令改定・社内運用変更に合わせて、出力物の文言・会社情報・表示項目を標準管理します。","","Can be edited in CSV and migrated back to i18n source."
"i18n.ja.templates.sheet.title","frontstage","i18n","src/lib/i18n.ts","172","1","ja","templates.sheet.title","帳票テンプレート","","Can be edited in CSV and migrated back to i18n source."
"i18n.ja.templates.sheet.subtitle","frontstage","i18n","src/lib/i18n.ts","173","1","ja","templates.sheet.subtitle","提案書・見積・資金計画・前提条件","","Can be edited in CSV and migrated back to i18n source."
"i18n.ja.templates.sheet.desc","frontstage","i18n","src/lib/i18n.ts","174","1","ja","templates.sheet.desc","帳票タイトル、免責文、会社情報、承認欄表示などを統一設定します。","","Can be edited in CSV and migrated back to i18n source."
"i18n.ja.templates.sheet.edit","frontstage","i18n","src/lib/i18n.ts","175","1","ja","templates.sheet.edit","帳票テンプレートを編集","","Can be edited in CSV and migrated back to i18n source."
"i18n.ja.templates.contract.title","frontstage","i18n","src/lib/i18n.ts","176","1","ja","templates.contract.title","契約テンプレート（拡張予定）","","Can be edited in CSV and migrated back to i18n source."
"i18n.ja.templates.contract.subtitle","frontstage","i18n","src/lib/i18n.ts","177","1","ja","templates.contract.subtitle","賃貸・売買・管理委託・媒介","","Can be edited in CSV and migrated back to i18n source."
"i18n.ja.templates.contract.1","frontstage","i18n","src/lib/i18n.ts","178","1","ja","templates.contract.1","・契約条項の可変ブロック化","","Can be edited in CSV and migrated back to i18n source."
"i18n.ja.templates.contract.2","frontstage","i18n","src/lib/i18n.ts","179","1","ja","templates.contract.2","・会社別フォーマット差分管理","","Can be edited in CSV and migrated back to i18n source."
"i18n.ja.templates.contract.3","frontstage","i18n","src/lib/i18n.ts","180","1","ja","templates.contract.3","・改訂履歴と版管理","","Can be edited in CSV and migrated back to i18n source."
"i18n.ja.templates.contract.note","frontstage","i18n","src/lib/i18n.ts","181","1","ja","templates.contract.note","次フェーズで契約書式の設定 UI を追加予定です。","","Can be edited in CSV and migrated back to i18n source."
"i18n.ja.templates.rules.title","frontstage","i18n","src/lib/i18n.ts","182","1","ja","templates.rules.title","運用ルール","","Can be edited in CSV and migrated back to i18n source."
"i18n.ja.templates.rules.subtitle","frontstage","i18n","src/lib/i18n.ts","183","1","ja","templates.rules.subtitle","日本市場向け標準化方針","","Can be edited in CSV and migrated back to i18n source."
"i18n.ja.templates.rules.1","frontstage","i18n","src/lib/i18n.ts","184","1","ja","templates.rules.1","利用開始前にテンプレート適用日を確認する","","Can be edited in CSV and migrated back to i18n source."
"i18n.ja.templates.rules.2","frontstage","i18n","src/lib/i18n.ts","185","1","ja","templates.rules.2","法定文言を変更した場合は更新理由を残す","","Can be edited in CSV and migrated back to i18n source."
"i18n.ja.templates.rules.3","frontstage","i18n","src/lib/i18n.ts","186","1","ja","templates.rules.3","顧客向け出力は必ず最新テンプレートを利用する","","Can be edited in CSV and migrated back to i18n source."
"i18n.ja.templates.latest.title","frontstage","i18n","src/lib/i18n.ts","187","1","ja","templates.latest.title","最新テンプレート記録","","Can be edited in CSV and migrated back to i18n source."
"i18n.ja.templates.latest.subtitle","frontstage","i18n","src/lib/i18n.ts","188","1","ja","templates.latest.subtitle","直近5件","","Can be edited in CSV and migrated back to i18n source."
"i18n.ja.templates.latest.empty","frontstage","i18n","src/lib/i18n.ts","189","1","ja","templates.latest.empty","テンプレート更新履歴はまだありません。","","Can be edited in CSV and migrated back to i18n source."
"i18n.zh.app.description","frontstage","i18n","src/lib/i18n.ts","195","1","zh","app.description","面向日本不动产经纪的资料录入、整理、输出中心","","Can be edited in CSV and migrated back to i18n source."
"i18n.zh.nav.searchPlaceholder","frontstage","i18n","src/lib/i18n.ts","196","1","zh","nav.searchPlaceholder","搜索物件、主体或输出历史","","Can be edited in CSV and migrated back to i18n source."
"i18n.zh.nav.importButton","frontstage","i18n","src/lib/i18n.ts","197","1","zh","nav.importButton","建档入口","","Can be edited in CSV and migrated back to i18n source."
"i18n.zh.nav.outputButton","frontstage","i18n","src/lib/i18n.ts","198","1","zh","nav.outputButton","输出文件","","Can be edited in CSV and migrated back to i18n source."
"i18n.zh.nav.ownerBadge","frontstage","i18n","src/lib/i18n.ts","199","1","zh","nav.ownerBadge","负责人","","Can be edited in CSV and migrated back to i18n source."
"i18n.zh.nav.tagline","frontstage","i18n","src/lib/i18n.ts","200","1","zh","nav.tagline","录入・整理・输出","","Can be edited in CSV and migrated back to i18n source."
"i18n.zh.nav.link.dashboard","frontstage","i18n","src/lib/i18n.ts","201","1","zh","nav.link.dashboard","资料管理中心","","Can be edited in CSV and migrated back to i18n source."
"i18n.zh.nav.link.clients","frontstage","i18n","src/lib/i18n.ts","202","1","zh","nav.link.clients","客户","","Can be edited in CSV and migrated back to i18n source."
"i18n.zh.nav.link.importCenter","frontstage","i18n","src/lib/i18n.ts","203","1","zh","nav.link.importCenter","建档入口","","Can be edited in CSV and migrated back to i18n source."
"i18n.zh.nav.link.properties","frontstage","i18n","src/lib/i18n.ts","204","1","zh","nav.link.properties","物件台账","","Can be edited in CSV and migrated back to i18n source."
"i18n.zh.nav.link.parties","frontstage","i18n","src/lib/i18n.ts","205","1","zh","nav.link.parties","主体","","Can be edited in CSV and migrated back to i18n source."
"i18n.zh.nav.link.quotes","frontstage","i18n","src/lib/i18n.ts","206","1","zh","nav.link.quotes","报价/试算","","Can be edited in CSV and migrated back to i18n source."
"i18n.zh.nav.link.contracts","frontstage","i18n","src/lib/i18n.ts","207","1","zh","nav.link.contracts","合同/法定","","Can be edited in CSV and migrated back to i18n source."
"i18n.zh.nav.link.serviceRequests","frontstage","i18n","src/lib/i18n.ts","208","1","zh","nav.link.serviceRequests","跟进记录","","Can be edited in CSV and migrated back to i18n source."
"i18n.zh.nav.link.outputCenter","frontstage","i18n","src/lib/i18n.ts","209","1","zh","nav.link.outputCenter","输出文件","","Can be edited in CSV and migrated back to i18n source."
"i18n.zh.nav.link.templates","frontstage","i18n","src/lib/i18n.ts","210","1","zh","nav.link.templates","模板","","Can be edited in CSV and migrated back to i18n source."
"i18n.zh.locale.label","frontstage","i18n","src/lib/i18n.ts","211","1","zh","locale.label","语言","","Can be edited in CSV and migrated back to i18n source."
"i18n.zh.dashboard.title","frontstage","i18n","src/lib/i18n.ts","213","1","zh","dashboard.title","业务资料中枢","","Can be edited in CSV and migrated back to i18n source."
"i18n.zh.dashboard.description","frontstage","i18n","src/lib/i18n.ts","214","1","zh","dashboard.description","将物件、主体、合同、跟进记录与输出文件统一管理。","","Can be edited in CSV and migrated back to i18n source."
"i18n.zh.dashboard.kpi.properties","frontstage","i18n","src/lib/i18n.ts","215","1","zh","dashboard.kpi.properties","已登记物件","","Can be edited in CSV and migrated back to i18n source."
"i18n.zh.dashboard.kpi.parties","frontstage","i18n","src/lib/i18n.ts","216","1","zh","dashboard.kpi.parties","关联主体","","Can be edited in CSV and migrated back to i18n source."
"i18n.zh.dashboard.kpi.contracts","frontstage","i18n","src/lib/i18n.ts","217","1","zh","dashboard.kpi.contracts","合同记录","","Can be edited in CSV and migrated back to i18n source."
"i18n.zh.dashboard.kpi.pendingRequests","frontstage","i18n","src/lib/i18n.ts","218","1","zh","dashboard.kpi.pendingRequests","待处理跟进","","Can be edited in CSV and migrated back to i18n source."
"i18n.zh.dashboard.flow.title","frontstage","i18n","src/lib/i18n.ts","219","1","zh","dashboard.flow.title","资料流转","","Can be edited in CSV and migrated back to i18n source."
"i18n.zh.dashboard.flow.subtitle","frontstage","i18n","src/lib/i18n.ts","220","1","zh","dashboard.flow.subtitle","查看录入、整理、输出状态","","Can be edited in CSV and migrated back to i18n source."
"i18n.zh.dashboard.flow.stepPrefix","frontstage","i18n","src/lib/i18n.ts","221","1","zh","dashboard.flow.stepPrefix","步骤","","Can be edited in CSV and migrated back to i18n source."
"i18n.zh.dashboard.flow.step1.title","frontstage","i18n","src/lib/i18n.ts","222","1","zh","dashboard.flow.step1.title","建档入口","","Can be edited in CSV and migrated back to i18n source."
"i18n.zh.dashboard.flow.step1.desc","frontstage","i18n","src/lib/i18n.ts","223","1","zh","dashboard.flow.step1.desc","新建案件、主体、物件并读取资料","","Can be edited in CSV and migrated back to i18n source."
"i18n.zh.dashboard.flow.step2.title","frontstage","i18n","src/lib/i18n.ts","224","1","zh","dashboard.flow.step2.title","关联物件与主体","","Can be edited in CSV and migrated back to i18n source."
"i18n.zh.dashboard.flow.step2.desc","frontstage","i18n","src/lib/i18n.ts","225","1","zh","dashboard.flow.step2.desc","统一核对关联信息","","Can be edited in CSV and migrated back to i18n source."
"i18n.zh.dashboard.flow.step3.title","frontstage","i18n","src/lib/i18n.ts","226","1","zh","dashboard.flow.step3.title","整理合同","","Can be edited in CSV and migrated back to i18n source."
"i18n.zh.dashboard.flow.step3.desc","frontstage","i18n","src/lib/i18n.ts","227","1","zh","dashboard.flow.step3.desc","按合同类型维护履历","","Can be edited in CSV and migrated back to i18n source."
"i18n.zh.dashboard.flow.step4.title","frontstage","i18n","src/lib/i18n.ts","228","1","zh","dashboard.flow.step4.title","输出标准文书","","Can be edited in CSV and migrated back to i18n source."
"i18n.zh.dashboard.flow.step4.desc","frontstage","i18n","src/lib/i18n.ts","229","1","zh","dashboard.flow.step4.desc","输出提案、明细和收据","","Can be edited in CSV and migrated back to i18n source."
"i18n.zh.dashboard.importJobs.title","frontstage","i18n","src/lib/i18n.ts","230","1","zh","dashboard.importJobs.title","资料读取状态","","Can be edited in CSV and migrated back to i18n source."
"i18n.zh.dashboard.importJobs.subtitle","frontstage","i18n","src/lib/i18n.ts","231","1","zh","dashboard.importJobs.subtitle","优先处理未整理资料","","Can be edited in CSV and migrated back to i18n source."
"i18n.zh.dashboard.importJobs.empty","frontstage","i18n","src/lib/i18n.ts","232","1","zh","dashboard.importJobs.empty","暂无待整理资料。","","Can be edited in CSV and migrated back to i18n source."
"i18n.zh.dashboard.importJobs.target","frontstage","i18n","src/lib/i18n.ts","233","1","zh","dashboard.importJobs.target","目标","","Can be edited in CSV and migrated back to i18n source."
"i18n.zh.dashboard.requests.title","frontstage","i18n","src/lib/i18n.ts","234","1","zh","dashboard.requests.title","跟进记录","","Can be edited in CSV and migrated back to i18n source."
"i18n.zh.dashboard.requests.subtitle","frontstage","i18n","src/lib/i18n.ts","235","1","zh","dashboard.requests.subtitle","未完成的维修、点检与后续处理","","Can be edited in CSV and migrated back to i18n source."
"i18n.zh.dashboard.requests.empty","frontstage","i18n","src/lib/i18n.ts","236","1","zh","dashboard.requests.empty","暂无未完成跟进记录。","","Can be edited in CSV and migrated back to i18n source."
"i18n.zh.dashboard.requests.unlinkedProperty","frontstage","i18n","src/lib/i18n.ts","237","1","zh","dashboard.requests.unlinkedProperty","未关联物件","","Can be edited in CSV and migrated back to i18n source."
"i18n.zh.dashboard.requests.unlinkedParty","frontstage","i18n","src/lib/i18n.ts","238","1","zh","dashboard.requests.unlinkedParty","未关联主体","","Can be edited in CSV and migrated back to i18n source."
"i18n.zh.dashboard.requests.occurredAt","frontstage","i18n","src/lib/i18n.ts","239","1","zh","dashboard.requests.occurredAt","发生日","","Can be edited in CSV and migrated back to i18n source."
"i18n.zh.dashboard.contracts.title","frontstage","i18n","src/lib/i18n.ts","240","1","zh","dashboard.contracts.title","最新合同记录","","Can be edited in CSV and migrated back to i18n source."
"i18n.zh.dashboard.contracts.subtitle","frontstage","i18n","src/lib/i18n.ts","241","1","zh","dashboard.contracts.subtitle","按合同类型展示最近6条","","Can be edited in CSV and migrated back to i18n source."
"i18n.zh.dashboard.contracts.empty","frontstage","i18n","src/lib/i18n.ts","242","1","zh","dashboard.contracts.empty","暂无合同记录。","","Can be edited in CSV and migrated back to i18n source."
"i18n.zh.dashboard.contracts.signedAt","frontstage","i18n","src/lib/i18n.ts","243","1","zh","dashboard.contracts.signedAt","签署日","","Can be edited in CSV and migrated back to i18n source."
"i18n.zh.dashboard.contracts.status","frontstage","i18n","src/lib/i18n.ts","244","1","zh","dashboard.contracts.status","状态","","Can be edited in CSV and migrated back to i18n source."
"i18n.zh.dashboard.outputs.title","frontstage","i18n","src/lib/i18n.ts","245","1","zh","dashboard.outputs.title","最近输出物","","Can be edited in CSV and migrated back to i18n source."
"i18n.zh.dashboard.outputs.subtitle","frontstage","i18n","src/lib/i18n.ts","246","1","zh","dashboard.outputs.subtitle","模板输出历史","","Can be edited in CSV and migrated back to i18n source."
"i18n.zh.dashboard.outputs.empty","frontstage","i18n","src/lib/i18n.ts","247","1","zh","dashboard.outputs.empty","暂无输出历史。","","Can be edited in CSV and migrated back to i18n source."
"i18n.zh.dashboard.outputs.relatedContract","frontstage","i18n","src/lib/i18n.ts","248","1","zh","dashboard.outputs.relatedContract","关联合同","","Can be edited in CSV and migrated back to i18n source."
"i18n.zh.dashboard.outputs.generatedAt","frontstage","i18n","src/lib/i18n.ts","249","1","zh","dashboard.outputs.generatedAt","输出时间","","Can be edited in CSV and migrated back to i18n source."
"i18n.zh.dashboard.coverage.title","frontstage","i18n","src/lib/i18n.ts","250","1","zh","dashboard.coverage.title","数据完善对象","","Can be edited in CSV and migrated back to i18n source."
"i18n.zh.dashboard.coverage.subtitle","frontstage","i18n","src/lib/i18n.ts","251","1","zh","dashboard.coverage.subtitle","优先完善未关联合同主体","","Can be edited in CSV and migrated back to i18n source."
"i18n.zh.dashboard.coverage.empty","frontstage","i18n","src/lib/i18n.ts","252","1","zh","dashboard.coverage.empty","暂无待完善主体。","","Can be edited in CSV and migrated back to i18n source."
"i18n.zh.dashboard.coverage.role","frontstage","i18n","src/lib/i18n.ts","253","1","zh","dashboard.coverage.role","角色","","Can be edited in CSV and migrated back to i18n source."
"i18n.zh.dashboard.coverage.contractCount","frontstage","i18n","src/lib/i18n.ts","254","1","zh","dashboard.coverage.contractCount","合同关联","","Can be edited in CSV and migrated back to i18n source."
"i18n.zh.import.status.queued","frontstage","i18n","src/lib/i18n.ts","256","1","zh","import.status.queued","已受理","","Can be edited in CSV and migrated back to i18n source."
"i18n.zh.import.status.mapped","frontstage","i18n","src/lib/i18n.ts","257","1","zh","import.status.mapped","待确认","","Can be edited in CSV and migrated back to i18n source."
"i18n.zh.import.status.completed","frontstage","i18n","src/lib/i18n.ts","258","1","zh","import.status.completed","完成","","Can be edited in CSV and migrated back to i18n source."
"i18n.zh.import.source.scan","frontstage","i18n","src/lib/i18n.ts","259","1","zh","import.source.scan","扫描","","Can be edited in CSV and migrated back to i18n source."
"i18n.zh.import.source.manual","frontstage","i18n","src/lib/i18n.ts","260","1","zh","import.source.manual","手动输入","","Can be edited in CSV and migrated back to i18n source."
"i18n.zh.request.status.open","frontstage","i18n","src/lib/i18n.ts","261","1","zh","request.status.open","处理中","","Can be edited in CSV and migrated back to i18n source."
"i18n.zh.request.status.done","frontstage","i18n","src/lib/i18n.ts","262","1","zh","request.status.done","完成","","Can be edited in CSV and migrated back to i18n source."
"i18n.zh.request.status.canceled","frontstage","i18n","src/lib/i18n.ts","263","1","zh","request.status.canceled","取消","","Can be edited in CSV and migrated back to i18n source."
"i18n.zh.contract.type.sell","frontstage","i18n","src/lib/i18n.ts","264","1","zh","contract.type.sell","买卖","","Can be edited in CSV and migrated back to i18n source."
"i18n.zh.contract.type.rent","frontstage","i18n","src/lib/i18n.ts","265","1","zh","contract.type.rent","租赁","","Can be edited in CSV and migrated back to i18n source."
"i18n.zh.contract.type.pm","frontstage","i18n","src/lib/i18n.ts","266","1","zh","contract.type.pm","管理","","Can be edited in CSV and migrated back to i18n source."
"i18n.zh.contract.type.agent","frontstage","i18n","src/lib/i18n.ts","267","1","zh","contract.type.agent","代理","","Can be edited in CSV and migrated back to i18n source."
"i18n.zh.contract.status.draft","frontstage","i18n","src/lib/i18n.ts","268","1","zh","contract.status.draft","草稿","","Can be edited in CSV and migrated back to i18n source."
"i18n.zh.contract.status.active","frontstage","i18n","src/lib/i18n.ts","269","1","zh","contract.status.active","有效","","Can be edited in CSV and migrated back to i18n source."
"i18n.zh.common.notSet","frontstage","i18n","src/lib/i18n.ts","270","1","zh","common.notSet","未设置","","Can be edited in CSV and migrated back to i18n source."
"i18n.zh.common.countSuffix","frontstage","i18n","src/lib/i18n.ts","271","1","zh","common.countSuffix","条","","Can be edited in CSV and migrated back to i18n source."
"i18n.zh.common.latest","frontstage","i18n","src/lib/i18n.ts","272","1","zh","common.latest","最近","","Can be edited in CSV and migrated back to i18n source."
"i18n.zh.common.totalCount","frontstage","i18n","src/lib/i18n.ts","273","1","zh","common.totalCount","共 {{count}} {{suffix}}","","Can be edited in CSV and migrated back to i18n source."
"i18n.zh.import.target.properties","frontstage","i18n","src/lib/i18n.ts","274","1","zh","import.target.properties","物件","","Can be edited in CSV and migrated back to i18n source."
"i18n.zh.import.target.parties","frontstage","i18n","src/lib/i18n.ts","275","1","zh","import.target.parties","相关主体","","Can be edited in CSV and migrated back to i18n source."
"i18n.zh.import.target.contracts","frontstage","i18n","src/lib/i18n.ts","276","1","zh","import.target.contracts","合同","","Can be edited in CSV and migrated back to i18n source."
"i18n.zh.import.target.service_requests","frontstage","i18n","src/lib/i18n.ts","277","1","zh","import.target.service_requests","跟进记录","","Can be edited in CSV and migrated back to i18n source."
"i18n.zh.properties.title","frontstage","i18n","src/lib/i18n.ts","279","1","zh","properties.title","物件数据台账","","Can be edited in CSV and migrated back to i18n source."
"i18n.zh.properties.desc","frontstage","i18n","src/lib/i18n.ts","280","1","zh","properties.desc","确认从 Excel 读取的物件信息，并复用于后续文书输出。","","Can be edited in CSV and migrated back to i18n source."
"i18n.zh.properties.table.title","frontstage","i18n","src/lib/i18n.ts","281","1","zh","properties.table.title","物件列表","","Can be edited in CSV and migrated back to i18n source."
"i18n.zh.properties.table.name","frontstage","i18n","src/lib/i18n.ts","282","1","zh","properties.table.name","物件名","","Can be edited in CSV and migrated back to i18n source."
"i18n.zh.properties.table.area","frontstage","i18n","src/lib/i18n.ts","283","1","zh","properties.table.area","区域","","Can be edited in CSV and migrated back to i18n source."
"i18n.zh.properties.table.price","frontstage","i18n","src/lib/i18n.ts","284","1","zh","properties.table.price","价格","","Can be edited in CSV and migrated back to i18n source."
"i18n.zh.properties.table.managementFee","frontstage","i18n","src/lib/i18n.ts","285","1","zh","properties.table.managementFee","管理费","","Can be edited in CSV and migrated back to i18n source."
"i18n.zh.properties.table.repairFee","frontstage","i18n","src/lib/i18n.ts","286","1","zh","properties.table.repairFee","修缮基金","","Can be edited in CSV and migrated back to i18n source."
"i18n.zh.properties.table.attachments","frontstage","i18n","src/lib/i18n.ts","287","1","zh","properties.table.attachments","附件","","Can be edited in CSV and migrated back to i18n source."
"i18n.zh.properties.table.status","frontstage","i18n","src/lib/i18n.ts","288","1","zh","properties.table.status","状态","","Can be edited in CSV and migrated back to i18n source."
"i18n.zh.properties.state.active","frontstage","i18n","src/lib/i18n.ts","289","1","zh","properties.state.active","运营中","","Can be edited in CSV and migrated back to i18n source."
"i18n.zh.properties.state.archived","frontstage","i18n","src/lib/i18n.ts","290","1","zh","properties.state.archived","归档","","Can be edited in CSV and migrated back to i18n source."
"i18n.zh.properties.next.title","frontstage","i18n","src/lib/i18n.ts","291","1","zh","properties.next.title","下一步建议","","Can be edited in CSV and migrated back to i18n source."
"i18n.zh.properties.next.subtitle","frontstage","i18n","src/lib/i18n.ts","292","1","zh","properties.next.subtitle","资料中枢的整备流程","","Can be edited in CSV and migrated back to i18n source."
"i18n.zh.properties.next.1","frontstage","i18n","src/lib/i18n.ts","293","1","zh","properties.next.1","为每个物件关联相关主体（卖方、买方、租客候选）","","Can be edited in CSV and migrated back to i18n source."
"i18n.zh.properties.next.2","frontstage","i18n","src/lib/i18n.ts","294","1","zh","properties.next.2","在合同页面指定目标物件并创建合同记录","","Can be edited in CSV and migrated back to i18n source."
"i18n.zh.properties.next.3","frontstage","i18n","src/lib/i18n.ts","295","1","zh","properties.next.3","在跟进记录中按物件追踪修缮履历","","Can be edited in CSV and migrated back to i18n source."
"i18n.zh.properties.next.toParties","frontstage","i18n","src/lib/i18n.ts","296","1","zh","properties.next.toParties","管理相关主体","","Can be edited in CSV and migrated back to i18n source."
"i18n.zh.properties.next.toContracts","frontstage","i18n","src/lib/i18n.ts","297","1","zh","properties.next.toContracts","管理合同","","Can be edited in CSV and migrated back to i18n source."
"i18n.zh.properties.next.toRequests","frontstage","i18n","src/lib/i18n.ts","298","1","zh","properties.next.toRequests","查看跟进记录","","Can be edited in CSV and migrated back to i18n source."
"i18n.zh.parties.title","frontstage","i18n","src/lib/i18n.ts","300","1","zh","parties.title","相关主体管理","","Can be edited in CSV and migrated back to i18n source."
"i18n.zh.parties.desc","frontstage","i18n","src/lib/i18n.ts","301","1","zh","parties.desc","统一管理买方、卖方、房东、租客、管理委托方等主体，并可视化其合同关系。","","Can be edited in CSV and migrated back to i18n source."
"i18n.zh.parties.table.title","frontstage","i18n","src/lib/i18n.ts","302","1","zh","parties.table.title","主体列表","","Can be edited in CSV and migrated back to i18n source."
"i18n.zh.parties.table.resultCount","frontstage","i18n","src/lib/i18n.ts","303","1","zh","parties.table.resultCount","搜索结果 {{count}} 条","","Can be edited in CSV and migrated back to i18n source."
"i18n.zh.parties.table.name","frontstage","i18n","src/lib/i18n.ts","304","1","zh","parties.table.name","主体名","","Can be edited in CSV and migrated back to i18n source."
"i18n.zh.parties.table.type","frontstage","i18n","src/lib/i18n.ts","305","1","zh","parties.table.type","类型","","Can be edited in CSV and migrated back to i18n source."
"i18n.zh.parties.table.contact","frontstage","i18n","src/lib/i18n.ts","306","1","zh","parties.table.contact","联系方式","","Can be edited in CSV and migrated back to i18n source."
"i18n.zh.parties.table.roles","frontstage","i18n","src/lib/i18n.ts","307","1","zh","parties.table.roles","角色标签","","Can be edited in CSV and migrated back to i18n source."
"i18n.zh.parties.table.relatedProperty","frontstage","i18n","src/lib/i18n.ts","308","1","zh","parties.table.relatedProperty","关联物件提示","","Can be edited in CSV and migrated back to i18n source."
"i18n.zh.parties.table.contractCount","frontstage","i18n","src/lib/i18n.ts","309","1","zh","parties.table.contractCount","合同数","","Can be edited in CSV and migrated back to i18n source."
"i18n.zh.parties.type.individual","frontstage","i18n","src/lib/i18n.ts","310","1","zh","parties.type.individual","个人","","Can be edited in CSV and migrated back to i18n source."
"i18n.zh.parties.type.corporate","frontstage","i18n","src/lib/i18n.ts","311","1","zh","parties.type.corporate","法人","","Can be edited in CSV and migrated back to i18n source."
"i18n.zh.contracts.title","frontstage","i18n","src/lib/i18n.ts","313","1","zh","contracts.title","合同管理","","Can be edited in CSV and migrated back to i18n source."
"i18n.zh.contracts.desc","frontstage","i18n","src/lib/i18n.ts","314","1","zh","contracts.desc","统一管理租赁、买卖、管理委托、媒介四类合同，并保留可追溯的合同履历。","","Can be edited in CSV and migrated back to i18n source."
"i18n.zh.contracts.table.title","frontstage","i18n","src/lib/i18n.ts","315","1","zh","contracts.table.title","合同列表","","Can be edited in CSV and migrated back to i18n source."
"i18n.zh.contracts.table.number","frontstage","i18n","src/lib/i18n.ts","316","1","zh","contracts.table.number","合同编号","","Can be edited in CSV and migrated back to i18n source."
"i18n.zh.contracts.table.type","frontstage","i18n","src/lib/i18n.ts","317","1","zh","contracts.table.type","合同类型","","Can be edited in CSV and migrated back to i18n source."
"i18n.zh.contracts.table.property","frontstage","i18n","src/lib/i18n.ts","318","1","zh","contracts.table.property","关联物件","","Can be edited in CSV and migrated back to i18n source."
"i18n.zh.contracts.table.party","frontstage","i18n","src/lib/i18n.ts","319","1","zh","contracts.table.party","关联主体","","Can be edited in CSV and migrated back to i18n source."
"i18n.zh.contracts.table.signedAt","frontstage","i18n","src/lib/i18n.ts","320","1","zh","contracts.table.signedAt","签署日","","Can be edited in CSV and migrated back to i18n source."
"i18n.zh.contracts.table.effectiveUntil","frontstage","i18n","src/lib/i18n.ts","321","1","zh","contracts.table.effectiveUntil","有效期","","Can be edited in CSV and migrated back to i18n source."
"i18n.zh.contracts.table.status","frontstage","i18n","src/lib/i18n.ts","322","1","zh","contracts.table.status","状态","","Can be edited in CSV and migrated back to i18n source."
"i18n.zh.contracts.type.sell","frontstage","i18n","src/lib/i18n.ts","323","1","zh","contracts.type.sell","买卖合同","","Can be edited in CSV and migrated back to i18n source."
"i18n.zh.contracts.type.rent","frontstage","i18n","src/lib/i18n.ts","324","1","zh","contracts.type.rent","租赁合同","","Can be edited in CSV and migrated back to i18n source."
"i18n.zh.contracts.type.pm","frontstage","i18n","src/lib/i18n.ts","325","1","zh","contracts.type.pm","管理委托合同","","Can be edited in CSV and migrated back to i18n source."
"i18n.zh.contracts.type.agent","frontstage","i18n","src/lib/i18n.ts","326","1","zh","contracts.type.agent","媒介合同","","Can be edited in CSV and migrated back to i18n source."
"i18n.zh.service.title","frontstage","i18n","src/lib/i18n.ts","328","1","zh","service.title","跟进记录","","Can be edited in CSV and migrated back to i18n source."
"i18n.zh.service.desc","frontstage","i18n","src/lib/i18n.ts","329","1","zh","service.desc","记录维修、点检、咨询和后续处理，保留物件与客户的处理履历。","","Can be edited in CSV and migrated back to i18n source."
"i18n.zh.service.table.title","frontstage","i18n","src/lib/i18n.ts","330","1","zh","service.table.title","记录列表","","Can be edited in CSV and migrated back to i18n source."
"i18n.zh.service.table.requestTitle","frontstage","i18n","src/lib/i18n.ts","331","1","zh","service.table.requestTitle","标题","","Can be edited in CSV and migrated back to i18n source."
"i18n.zh.service.table.property","frontstage","i18n","src/lib/i18n.ts","332","1","zh","service.table.property","关联物件","","Can be edited in CSV and migrated back to i18n source."
"i18n.zh.service.table.party","frontstage","i18n","src/lib/i18n.ts","333","1","zh","service.table.party","关联主体","","Can be edited in CSV and migrated back to i18n source."
"i18n.zh.service.table.occurredAt","frontstage","i18n","src/lib/i18n.ts","334","1","zh","service.table.occurredAt","发生日","","Can be edited in CSV and migrated back to i18n source."
"i18n.zh.service.table.completedAt","frontstage","i18n","src/lib/i18n.ts","335","1","zh","service.table.completedAt","完成日","","Can be edited in CSV and migrated back to i18n source."
"i18n.zh.service.table.cost","frontstage","i18n","src/lib/i18n.ts","336","1","zh","service.table.cost","费用","","Can be edited in CSV and migrated back to i18n source."
"i18n.zh.service.table.status","frontstage","i18n","src/lib/i18n.ts","337","1","zh","service.table.status","状态","","Can be edited in CSV and migrated back to i18n source."
"i18n.zh.output.title","frontstage","i18n","src/lib/i18n.ts","339","1","zh","output.title","PDF 输出中心","","Can be edited in CSV and migrated back to i18n source."
"i18n.zh.output.desc","frontstage","i18n","src/lib/i18n.ts","340","1","zh","output.desc","从已整理的物件、主体和提案资料中选择模板，完成生成检查后下载 PDF。","","Can be edited in CSV and migrated back to i18n source."
"i18n.zh.output.card.standard","frontstage","i18n","src/lib/i18n.ts","341","1","zh","output.card.standard","标准模板","","Can be edited in CSV and migrated back to i18n source."
"i18n.zh.output.card.adjust","frontstage","i18n","src/lib/i18n.ts","342","1","zh","output.card.adjust","模板可在“模板”页面统一调整。","","Can be edited in CSV and migrated back to i18n source."
"i18n.zh.output.history.title","frontstage","i18n","src/lib/i18n.ts","343","1","zh","output.history.title","输出历史","","Can be edited in CSV and migrated back to i18n source."
"i18n.zh.output.history.sheetType","frontstage","i18n","src/lib/i18n.ts","344","1","zh","output.history.sheetType","文书类型","","Can be edited in CSV and migrated back to i18n source."
"i18n.zh.output.history.relatedContract","frontstage","i18n","src/lib/i18n.ts","345","1","zh","output.history.relatedContract","关联合同","","Can be edited in CSV and migrated back to i18n source."
"i18n.zh.output.history.generatedAt","frontstage","i18n","src/lib/i18n.ts","346","1","zh","output.history.generatedAt","输出时间","","Can be edited in CSV and migrated back to i18n source."
"i18n.zh.output.history.action","frontstage","i18n","src/lib/i18n.ts","347","1","zh","output.history.action","操作","","Can be edited in CSV and migrated back to i18n source."
"i18n.zh.output.history.preview","frontstage","i18n","src/lib/i18n.ts","348","1","zh","output.history.preview","预览","","Can be edited in CSV and migrated back to i18n source."
"i18n.zh.output.history.titleCol","frontstage","i18n","src/lib/i18n.ts","349","1","zh","output.history.titleCol","标题","","Can be edited in CSV and migrated back to i18n source."
"i18n.zh.templates.title","frontstage","i18n","src/lib/i18n.ts","351","1","zh","templates.title","模板 / 格式设置","","Can be edited in CSV and migrated back to i18n source."
"i18n.zh.templates.desc","frontstage","i18n","src/lib/i18n.ts","352","1","zh","templates.desc","可根据法规更新和内部流程变化统一维护输出文书的文案、公司信息和显示项。","","Can be edited in CSV and migrated back to i18n source."
"i18n.zh.templates.sheet.title","frontstage","i18n","src/lib/i18n.ts","353","1","zh","templates.sheet.title","文书模板","","Can be edited in CSV and migrated back to i18n source."
"i18n.zh.templates.sheet.subtitle","frontstage","i18n","src/lib/i18n.ts","354","1","zh","templates.sheet.subtitle","提案书・明细・资金计划・前提条件","","Can be edited in CSV and migrated back to i18n source."
"i18n.zh.templates.sheet.desc","frontstage","i18n","src/lib/i18n.ts","355","1","zh","templates.sheet.desc","统一设置标题、免责说明、公司信息和审批栏显示规则。","","Can be edited in CSV and migrated back to i18n source."
"i18n.zh.templates.sheet.edit","frontstage","i18n","src/lib/i18n.ts","356","1","zh","templates.sheet.edit","编辑文书模板","","Can be edited in CSV and migrated back to i18n source."
"i18n.zh.templates.contract.title","frontstage","i18n","src/lib/i18n.ts","357","1","zh","templates.contract.title","合同模板（扩展预定）","","Can be edited in CSV and migrated back to i18n source."
"i18n.zh.templates.contract.subtitle","frontstage","i18n","src/lib/i18n.ts","358","1","zh","templates.contract.subtitle","租赁・买卖・管理委托・媒介","","Can be edited in CSV and migrated back to i18n source."
"i18n.zh.templates.contract.1","frontstage","i18n","src/lib/i18n.ts","359","1","zh","templates.contract.1","・合同条款可变块化","","Can be edited in CSV and migrated back to i18n source."
"i18n.zh.templates.contract.2","frontstage","i18n","src/lib/i18n.ts","360","1","zh","templates.contract.2","・按公司管理格式差异","","Can be edited in CSV and migrated back to i18n source."
"i18n.zh.templates.contract.3","frontstage","i18n","src/lib/i18n.ts","361","1","zh","templates.contract.3","・修订记录与格式管理","","Can be edited in CSV and migrated back to i18n source."
"i18n.zh.templates.contract.note","frontstage","i18n","src/lib/i18n.ts","362","1","zh","templates.contract.note","下一阶段将追加合同模板设置 UI。","","Can be edited in CSV and migrated back to i18n source."
"i18n.zh.templates.rules.title","frontstage","i18n","src/lib/i18n.ts","363","1","zh","templates.rules.title","运用规则","","Can be edited in CSV and migrated back to i18n source."
"i18n.zh.templates.rules.subtitle","frontstage","i18n","src/lib/i18n.ts","364","1","zh","templates.rules.subtitle","日本市场标准化方针","","Can be edited in CSV and migrated back to i18n source."
"i18n.zh.templates.rules.1","frontstage","i18n","src/lib/i18n.ts","365","1","zh","templates.rules.1","启用前确认范本适用日","","Can be edited in CSV and migrated back to i18n source."
"i18n.zh.templates.rules.2","frontstage","i18n","src/lib/i18n.ts","366","1","zh","templates.rules.2","修改法定文案时必须记录更新原因","","Can be edited in CSV and migrated back to i18n source."
"i18n.zh.templates.rules.3","frontstage","i18n","src/lib/i18n.ts","367","1","zh","templates.rules.3","面向客户输出时必须使用最新模板","","Can be edited in CSV and migrated back to i18n source."
"i18n.zh.templates.latest.title","frontstage","i18n","src/lib/i18n.ts","368","1","zh","templates.latest.title","最新范本记录","","Can be edited in CSV and migrated back to i18n source."
"i18n.zh.templates.latest.subtitle","frontstage","i18n","src/lib/i18n.ts","369","1","zh","templates.latest.subtitle","最近5条","","Can be edited in CSV and migrated back to i18n source."
"i18n.zh.templates.latest.empty","frontstage","i18n","src/lib/i18n.ts","370","1","zh","templates.latest.empty","暂无范本更新历史。","","Can be edited in CSV and migrated back to i18n source."
"i18n.ko.app.title","frontstage","i18n","src/lib/i18n.ts","375","1","ko","app.title","브로커 데스크","","Can be edited in CSV and migrated back to i18n source."
"i18n.ko.app.description","frontstage","i18n","src/lib/i18n.ts","376","1","ko","app.description","일본 부동산 중개 업무의 자료 입력・정리・출력 센터","","Can be edited in CSV and migrated back to i18n source."
"i18n.ko.nav.searchPlaceholder","frontstage","i18n","src/lib/i18n.ts","377","1","ko","nav.searchPlaceholder","매물, 관계자, 출력 이력 검색","","Can be edited in CSV and migrated back to i18n source."
"i18n.ko.nav.importButton","frontstage","i18n","src/lib/i18n.ts","378","1","ko","nav.importButton","등록 입구","","Can be edited in CSV and migrated back to i18n source."
"i18n.ko.nav.outputButton","frontstage","i18n","src/lib/i18n.ts","379","1","ko","nav.outputButton","문서 출력","","Can be edited in CSV and migrated back to i18n source."
"i18n.ko.nav.ownerBadge","frontstage","i18n","src/lib/i18n.ts","380","1","ko","nav.ownerBadge","담당","","Can be edited in CSV and migrated back to i18n source."
"i18n.ko.nav.tagline","frontstage","i18n","src/lib/i18n.ts","381","1","ko","nav.tagline","자료 입력・정리・출력","","Can be edited in CSV and migrated back to i18n source."
"i18n.ko.nav.link.dashboard","frontstage","i18n","src/lib/i18n.ts","382","1","ko","nav.link.dashboard","자료 관리 센터","","Can be edited in CSV and migrated back to i18n source."
"i18n.ko.nav.link.clients","frontstage","i18n","src/lib/i18n.ts","383","1","ko","nav.link.clients","고객","","Can be edited in CSV and migrated back to i18n source."
"i18n.ko.nav.link.importCenter","frontstage","i18n","src/lib/i18n.ts","384","1","ko","nav.link.importCenter","등록 입구","","Can be edited in CSV and migrated back to i18n source."
"i18n.ko.nav.link.properties","frontstage","i18n","src/lib/i18n.ts","385","1","ko","nav.link.properties","매물 대장","","Can be edited in CSV and migrated back to i18n source."
"i18n.ko.nav.link.parties","frontstage","i18n","src/lib/i18n.ts","386","1","ko","nav.link.parties","관계자","","Can be edited in CSV and migrated back to i18n source."
"i18n.ko.nav.link.quotes","frontstage","i18n","src/lib/i18n.ts","387","1","ko","nav.link.quotes","제안/시산","","Can be edited in CSV and migrated back to i18n source."
"i18n.ko.nav.link.contracts","frontstage","i18n","src/lib/i18n.ts","388","1","ko","nav.link.contracts","계약/법정","","Can be edited in CSV and migrated back to i18n source."
"i18n.ko.nav.link.serviceRequests","frontstage","i18n","src/lib/i18n.ts","389","1","ko","nav.link.serviceRequests","후속 기록","","Can be edited in CSV and migrated back to i18n source."
"i18n.ko.nav.link.outputCenter","frontstage","i18n","src/lib/i18n.ts","390","1","ko","nav.link.outputCenter","문서 출력","","Can be edited in CSV and migrated back to i18n source."
"i18n.ko.nav.link.templates","frontstage","i18n","src/lib/i18n.ts","391","1","ko","nav.link.templates","템플릿","","Can be edited in CSV and migrated back to i18n source."
"i18n.ko.locale.label","frontstage","i18n","src/lib/i18n.ts","392","1","ko","locale.label","언어","","Can be edited in CSV and migrated back to i18n source."
"i18n.ko.dashboard.title","frontstage","i18n","src/lib/i18n.ts","394","1","ko","dashboard.title","업무 자료 허브","","Can be edited in CSV and migrated back to i18n source."
"i18n.ko.dashboard.description","frontstage","i18n","src/lib/i18n.ts","395","1","ko","dashboard.description","매물, 관계자, 계약, 후속 기록, 출력 문서를 한곳에서 관리합니다.","","Can be edited in CSV and migrated back to i18n source."
"i18n.ko.dashboard.kpi.properties","frontstage","i18n","src/lib/i18n.ts","396","1","ko","dashboard.kpi.properties","등록 매물","","Can be edited in CSV and migrated back to i18n source."
"i18n.ko.dashboard.kpi.parties","frontstage","i18n","src/lib/i18n.ts","397","1","ko","dashboard.kpi.parties","등록 관계자","","Can be edited in CSV and migrated back to i18n source."
"i18n.ko.dashboard.kpi.contracts","frontstage","i18n","src/lib/i18n.ts","398","1","ko","dashboard.kpi.contracts","계약 레코드","","Can be edited in CSV and migrated back to i18n source."
"i18n.ko.dashboard.kpi.pendingRequests","frontstage","i18n","src/lib/i18n.ts","399","1","ko","dashboard.kpi.pendingRequests","미완료 후속 기록","","Can be edited in CSV and migrated back to i18n source."
"i18n.ko.dashboard.flow.title","frontstage","i18n","src/lib/i18n.ts","400","1","ko","dashboard.flow.title","자료 흐름","","Can be edited in CSV and migrated back to i18n source."
"i18n.ko.dashboard.flow.subtitle","frontstage","i18n","src/lib/i18n.ts","401","1","ko","dashboard.flow.subtitle","입력, 정리, 출력 상태 확인","","Can be edited in CSV and migrated back to i18n source."
"i18n.ko.dashboard.flow.stepPrefix","frontstage","i18n","src/lib/i18n.ts","402","1","ko","dashboard.flow.stepPrefix","단계","","Can be edited in CSV and migrated back to i18n source."
"i18n.ko.dashboard.flow.step1.title","frontstage","i18n","src/lib/i18n.ts","403","1","ko","dashboard.flow.step1.title","등록 입구","","Can be edited in CSV and migrated back to i18n source."
"i18n.ko.dashboard.flow.step1.desc","frontstage","i18n","src/lib/i18n.ts","404","1","ko","dashboard.flow.step1.desc","안건, 관계자, 매물과 자료 등록","","Can be edited in CSV and migrated back to i18n source."
"i18n.ko.dashboard.flow.step2.title","frontstage","i18n","src/lib/i18n.ts","405","1","ko","dashboard.flow.step2.title","매물과 관계자 연결","","Can be edited in CSV and migrated back to i18n source."
"i18n.ko.dashboard.flow.step2.desc","frontstage","i18n","src/lib/i18n.ts","406","1","ko","dashboard.flow.step2.desc","연관 정보를 통합 확인","","Can be edited in CSV and migrated back to i18n source."
"i18n.ko.dashboard.flow.step3.title","frontstage","i18n","src/lib/i18n.ts","407","1","ko","dashboard.flow.step3.title","계약 정리","","Can be edited in CSV and migrated back to i18n source."
"i18n.ko.dashboard.flow.step3.desc","frontstage","i18n","src/lib/i18n.ts","408","1","ko","dashboard.flow.step3.desc","계약 유형별 이력 관리","","Can be edited in CSV and migrated back to i18n source."
"i18n.ko.dashboard.flow.step4.title","frontstage","i18n","src/lib/i18n.ts","409","1","ko","dashboard.flow.step4.title","표준 문서 출력","","Can be edited in CSV and migrated back to i18n source."
"i18n.ko.dashboard.flow.step4.desc","frontstage","i18n","src/lib/i18n.ts","410","1","ko","dashboard.flow.step4.desc","제안서, 명세서, 영수증 출력","","Can be edited in CSV and migrated back to i18n source."
"i18n.ko.dashboard.importJobs.title","frontstage","i18n","src/lib/i18n.ts","411","1","ko","dashboard.importJobs.title","자료 읽기 현황","","Can be edited in CSV and migrated back to i18n source."
"i18n.ko.dashboard.importJobs.subtitle","frontstage","i18n","src/lib/i18n.ts","412","1","ko","dashboard.importJobs.subtitle","정리되지 않은 자료 우선 처리","","Can be edited in CSV and migrated back to i18n source."
"i18n.ko.dashboard.importJobs.empty","frontstage","i18n","src/lib/i18n.ts","413","1","ko","dashboard.importJobs.empty","정리 대기 자료가 없습니다.","","Can be edited in CSV and migrated back to i18n source."
"i18n.ko.dashboard.importJobs.target","frontstage","i18n","src/lib/i18n.ts","414","1","ko","dashboard.importJobs.target","대상","","Can be edited in CSV and migrated back to i18n source."
"i18n.ko.dashboard.requests.title","frontstage","i18n","src/lib/i18n.ts","415","1","ko","dashboard.requests.title","후속 기록","","Can be edited in CSV and migrated back to i18n source."
"i18n.ko.dashboard.requests.subtitle","frontstage","i18n","src/lib/i18n.ts","416","1","ko","dashboard.requests.subtitle","미완료 수리, 점검, 후속 처리","","Can be edited in CSV and migrated back to i18n source."
"i18n.ko.dashboard.requests.empty","frontstage","i18n","src/lib/i18n.ts","417","1","ko","dashboard.requests.empty","미완료 후속 기록이 없습니다.","","Can be edited in CSV and migrated back to i18n source."
"i18n.ko.dashboard.requests.unlinkedProperty","frontstage","i18n","src/lib/i18n.ts","418","1","ko","dashboard.requests.unlinkedProperty","매물 미연결","","Can be edited in CSV and migrated back to i18n source."
"i18n.ko.dashboard.requests.unlinkedParty","frontstage","i18n","src/lib/i18n.ts","419","1","ko","dashboard.requests.unlinkedParty","관계자 미연결","","Can be edited in CSV and migrated back to i18n source."
"i18n.ko.dashboard.requests.occurredAt","frontstage","i18n","src/lib/i18n.ts","420","1","ko","dashboard.requests.occurredAt","발생일","","Can be edited in CSV and migrated back to i18n source."
"i18n.ko.dashboard.contracts.title","frontstage","i18n","src/lib/i18n.ts","421","1","ko","dashboard.contracts.title","최신 계약 레코드","","Can be edited in CSV and migrated back to i18n source."
"i18n.ko.dashboard.contracts.subtitle","frontstage","i18n","src/lib/i18n.ts","422","1","ko","dashboard.contracts.subtitle","계약 유형별 최근 6건","","Can be edited in CSV and migrated back to i18n source."
"i18n.ko.dashboard.contracts.empty","frontstage","i18n","src/lib/i18n.ts","423","1","ko","dashboard.contracts.empty","계약 레코드가 없습니다.","","Can be edited in CSV and migrated back to i18n source."
"i18n.ko.dashboard.contracts.signedAt","frontstage","i18n","src/lib/i18n.ts","424","1","ko","dashboard.contracts.signedAt","서명일","","Can be edited in CSV and migrated back to i18n source."
"i18n.ko.dashboard.contracts.status","frontstage","i18n","src/lib/i18n.ts","425","1","ko","dashboard.contracts.status","상태","","Can be edited in CSV and migrated back to i18n source."
"i18n.ko.dashboard.outputs.title","frontstage","i18n","src/lib/i18n.ts","426","1","ko","dashboard.outputs.title","최근 출력물","","Can be edited in CSV and migrated back to i18n source."
"i18n.ko.dashboard.outputs.subtitle","frontstage","i18n","src/lib/i18n.ts","427","1","ko","dashboard.outputs.subtitle","템플릿 출력 이력","","Can be edited in CSV and migrated back to i18n source."
"i18n.ko.dashboard.outputs.empty","frontstage","i18n","src/lib/i18n.ts","428","1","ko","dashboard.outputs.empty","출력 이력이 없습니다.","","Can be edited in CSV and migrated back to i18n source."
"i18n.ko.dashboard.outputs.relatedContract","frontstage","i18n","src/lib/i18n.ts","429","1","ko","dashboard.outputs.relatedContract","연관 계약","","Can be edited in CSV and migrated back to i18n source."
"i18n.ko.dashboard.outputs.generatedAt","frontstage","i18n","src/lib/i18n.ts","430","1","ko","dashboard.outputs.generatedAt","출력 일시","","Can be edited in CSV and migrated back to i18n source."
"i18n.ko.dashboard.coverage.title","frontstage","i18n","src/lib/i18n.ts","431","1","ko","dashboard.coverage.title","데이터 정비 대상","","Can be edited in CSV and migrated back to i18n source."
"i18n.ko.dashboard.coverage.subtitle","frontstage","i18n","src/lib/i18n.ts","432","1","ko","dashboard.coverage.subtitle","계약 미연결 관계자를 우선 정비","","Can be edited in CSV and migrated back to i18n source."
"i18n.ko.dashboard.coverage.empty","frontstage","i18n","src/lib/i18n.ts","433","1","ko","dashboard.coverage.empty","미정비 관계자가 없습니다.","","Can be edited in CSV and migrated back to i18n source."
"i18n.ko.dashboard.coverage.role","frontstage","i18n","src/lib/i18n.ts","434","1","ko","dashboard.coverage.role","역할","","Can be edited in CSV and migrated back to i18n source."
"i18n.ko.dashboard.coverage.contractCount","frontstage","i18n","src/lib/i18n.ts","435","1","ko","dashboard.coverage.contractCount","계약 연결","","Can be edited in CSV and migrated back to i18n source."
"i18n.ko.import.status.queued","frontstage","i18n","src/lib/i18n.ts","437","1","ko","import.status.queued","접수","","Can be edited in CSV and migrated back to i18n source."
"i18n.ko.import.status.mapped","frontstage","i18n","src/lib/i18n.ts","438","1","ko","import.status.mapped","확인 대기","","Can be edited in CSV and migrated back to i18n source."
"i18n.ko.import.status.completed","frontstage","i18n","src/lib/i18n.ts","439","1","ko","import.status.completed","완료","","Can be edited in CSV and migrated back to i18n source."
"i18n.ko.import.source.scan","frontstage","i18n","src/lib/i18n.ts","440","1","ko","import.source.scan","스캔","","Can be edited in CSV and migrated back to i18n source."
"i18n.ko.import.source.manual","frontstage","i18n","src/lib/i18n.ts","441","1","ko","import.source.manual","수기 입력","","Can be edited in CSV and migrated back to i18n source."
"i18n.ko.request.status.open","frontstage","i18n","src/lib/i18n.ts","442","1","ko","request.status.open","처리 중","","Can be edited in CSV and migrated back to i18n source."
"i18n.ko.request.status.done","frontstage","i18n","src/lib/i18n.ts","443","1","ko","request.status.done","완료","","Can be edited in CSV and migrated back to i18n source."
"i18n.ko.request.status.canceled","frontstage","i18n","src/lib/i18n.ts","444","1","ko","request.status.canceled","취소","","Can be edited in CSV and migrated back to i18n source."
"i18n.ko.contract.type.sell","frontstage","i18n","src/lib/i18n.ts","445","1","ko","contract.type.sell","매매","","Can be edited in CSV and migrated back to i18n source."
"i18n.ko.contract.type.rent","frontstage","i18n","src/lib/i18n.ts","446","1","ko","contract.type.rent","임대","","Can be edited in CSV and migrated back to i18n source."
"i18n.ko.contract.type.pm","frontstage","i18n","src/lib/i18n.ts","447","1","ko","contract.type.pm","관리","","Can be edited in CSV and migrated back to i18n source."
"i18n.ko.contract.type.agent","frontstage","i18n","src/lib/i18n.ts","448","1","ko","contract.type.agent","중개","","Can be edited in CSV and migrated back to i18n source."
"i18n.ko.contract.status.draft","frontstage","i18n","src/lib/i18n.ts","449","1","ko","contract.status.draft","초안","","Can be edited in CSV and migrated back to i18n source."
"i18n.ko.contract.status.active","frontstage","i18n","src/lib/i18n.ts","450","1","ko","contract.status.active","유효","","Can be edited in CSV and migrated back to i18n source."
"i18n.ko.common.notSet","frontstage","i18n","src/lib/i18n.ts","451","1","ko","common.notSet","미설정","","Can be edited in CSV and migrated back to i18n source."
"i18n.ko.common.countSuffix","frontstage","i18n","src/lib/i18n.ts","452","1","ko","common.countSuffix","건","","Can be edited in CSV and migrated back to i18n source."
"i18n.ko.common.latest","frontstage","i18n","src/lib/i18n.ts","453","1","ko","common.latest","최신","","Can be edited in CSV and migrated back to i18n source."
"i18n.ko.common.totalCount","frontstage","i18n","src/lib/i18n.ts","454","1","ko","common.totalCount","총 {{count}} {{suffix}}","","Can be edited in CSV and migrated back to i18n source."
"i18n.ko.import.target.properties","frontstage","i18n","src/lib/i18n.ts","455","1","ko","import.target.properties","매물","","Can be edited in CSV and migrated back to i18n source."
"i18n.ko.import.target.parties","frontstage","i18n","src/lib/i18n.ts","456","1","ko","import.target.parties","관계자","","Can be edited in CSV and migrated back to i18n source."
"i18n.ko.import.target.contracts","frontstage","i18n","src/lib/i18n.ts","457","1","ko","import.target.contracts","계약","","Can be edited in CSV and migrated back to i18n source."
"i18n.ko.import.target.service_requests","frontstage","i18n","src/lib/i18n.ts","458","1","ko","import.target.service_requests","후속 기록","","Can be edited in CSV and migrated back to i18n source."
"i18n.ko.properties.title","frontstage","i18n","src/lib/i18n.ts","460","1","ko","properties.title","매물 데이터 대장","","Can be edited in CSV and migrated back to i18n source."
"i18n.ko.properties.desc","frontstage","i18n","src/lib/i18n.ts","461","1","ko","properties.desc","Excel에서 읽은 매물 정보를 확인하고 후속 문서 출력에 재사용합니다.","","Can be edited in CSV and migrated back to i18n source."
"i18n.ko.properties.table.title","frontstage","i18n","src/lib/i18n.ts","462","1","ko","properties.table.title","매물 목록","","Can be edited in CSV and migrated back to i18n source."
"i18n.ko.properties.table.name","frontstage","i18n","src/lib/i18n.ts","463","1","ko","properties.table.name","매물명","","Can be edited in CSV and migrated back to i18n source."
"i18n.ko.properties.table.area","frontstage","i18n","src/lib/i18n.ts","464","1","ko","properties.table.area","지역","","Can be edited in CSV and migrated back to i18n source."
"i18n.ko.properties.table.price","frontstage","i18n","src/lib/i18n.ts","465","1","ko","properties.table.price","가격","","Can be edited in CSV and migrated back to i18n source."
"i18n.ko.properties.table.managementFee","frontstage","i18n","src/lib/i18n.ts","466","1","ko","properties.table.managementFee","관리비","","Can be edited in CSV and migrated back to i18n source."
"i18n.ko.properties.table.repairFee","frontstage","i18n","src/lib/i18n.ts","467","1","ko","properties.table.repairFee","수선적립금","","Can be edited in CSV and migrated back to i18n source."
"i18n.ko.properties.table.attachments","frontstage","i18n","src/lib/i18n.ts","468","1","ko","properties.table.attachments","첨부","","Can be edited in CSV and migrated back to i18n source."
"i18n.ko.properties.table.status","frontstage","i18n","src/lib/i18n.ts","469","1","ko","properties.table.status","상태","","Can be edited in CSV and migrated back to i18n source."
"i18n.ko.properties.state.active","frontstage","i18n","src/lib/i18n.ts","470","1","ko","properties.state.active","운영 중","","Can be edited in CSV and migrated back to i18n source."
"i18n.ko.properties.state.archived","frontstage","i18n","src/lib/i18n.ts","471","1","ko","properties.state.archived","보관","","Can be edited in CSV and migrated back to i18n source."
"i18n.ko.properties.next.title","frontstage","i18n","src/lib/i18n.ts","472","1","ko","properties.next.title","다음 권장 액션","","Can be edited in CSV and migrated back to i18n source."
"i18n.ko.properties.next.subtitle","frontstage","i18n","src/lib/i18n.ts","473","1","ko","properties.next.subtitle","자료 허브 정비 절차","","Can be edited in CSV and migrated back to i18n source."
"i18n.ko.properties.next.1","frontstage","i18n","src/lib/i18n.ts","474","1","ko","properties.next.1","매물별 관계자(매도인, 매수인, 임차 후보)를 연결","","Can be edited in CSV and migrated back to i18n source."
"i18n.ko.properties.next.2","frontstage","i18n","src/lib/i18n.ts","475","1","ko","properties.next.2","계약 페이지에서 대상 매물을 지정해 계약 레코드 작성","","Can be edited in CSV and migrated back to i18n source."
"i18n.ko.properties.next.3","frontstage","i18n","src/lib/i18n.ts","476","1","ko","properties.next.3","후속 기록에서 수선 이력을 매물 단위로 추적","","Can be edited in CSV and migrated back to i18n source."
"i18n.ko.properties.next.toParties","frontstage","i18n","src/lib/i18n.ts","477","1","ko","properties.next.toParties","관계자 관리","","Can be edited in CSV and migrated back to i18n source."
"i18n.ko.properties.next.toContracts","frontstage","i18n","src/lib/i18n.ts","478","1","ko","properties.next.toContracts","계약 관리","","Can be edited in CSV and migrated back to i18n source."
"i18n.ko.properties.next.toRequests","frontstage","i18n","src/lib/i18n.ts","479","1","ko","properties.next.toRequests","후속 기록 확인","","Can be edited in CSV and migrated back to i18n source."
"i18n.ko.parties.title","frontstage","i18n","src/lib/i18n.ts","481","1","ko","parties.title","관계자 관리","","Can be edited in CSV and migrated back to i18n source."
"i18n.ko.parties.desc","frontstage","i18n","src/lib/i18n.ts","482","1","ko","parties.desc","매수인, 매도인, 임대인, 임차인, 관리 위탁자 등 관계자 정보를 일원화하고 계약 관계를 시각화합니다.","","Can be edited in CSV and migrated back to i18n source."
"i18n.ko.parties.table.title","frontstage","i18n","src/lib/i18n.ts","483","1","ko","parties.table.title","관계자 목록","","Can be edited in CSV and migrated back to i18n source."
"i18n.ko.parties.table.resultCount","frontstage","i18n","src/lib/i18n.ts","484","1","ko","parties.table.resultCount","검색 결과 {{count}}건","","Can be edited in CSV and migrated back to i18n source."
"i18n.ko.parties.table.name","frontstage","i18n","src/lib/i18n.ts","485","1","ko","parties.table.name","관계자명","","Can be edited in CSV and migrated back to i18n source."
"i18n.ko.parties.table.type","frontstage","i18n","src/lib/i18n.ts","486","1","ko","parties.table.type","유형","","Can be edited in CSV and migrated back to i18n source."
"i18n.ko.parties.table.contact","frontstage","i18n","src/lib/i18n.ts","487","1","ko","parties.table.contact","연락처","","Can be edited in CSV and migrated back to i18n source."
"i18n.ko.parties.table.roles","frontstage","i18n","src/lib/i18n.ts","488","1","ko","parties.table.roles","역할 태그","","Can be edited in CSV and migrated back to i18n source."
"i18n.ko.parties.table.relatedProperty","frontstage","i18n","src/lib/i18n.ts","489","1","ko","parties.table.relatedProperty","연관 매물 힌트","","Can be edited in CSV and migrated back to i18n source."
"i18n.ko.parties.table.contractCount","frontstage","i18n","src/lib/i18n.ts","490","1","ko","parties.table.contractCount","계약 수","","Can be edited in CSV and migrated back to i18n source."
"i18n.ko.parties.type.individual","frontstage","i18n","src/lib/i18n.ts","491","1","ko","parties.type.individual","개인","","Can be edited in CSV and migrated back to i18n source."
"i18n.ko.parties.type.corporate","frontstage","i18n","src/lib/i18n.ts","492","1","ko","parties.type.corporate","법인","","Can be edited in CSV and migrated back to i18n source."
"i18n.ko.contracts.title","frontstage","i18n","src/lib/i18n.ts","494","1","ko","contracts.title","계약 관리","","Can be edited in CSV and migrated back to i18n source."
"i18n.ko.contracts.desc","frontstage","i18n","src/lib/i18n.ts","495","1","ko","contracts.desc","임대, 매매, 관리 위탁, 중개의 4개 유형을 통합 관리하고 추적 가능한 계약 이력을 남깁니다.","","Can be edited in CSV and migrated back to i18n source."
"i18n.ko.contracts.table.title","frontstage","i18n","src/lib/i18n.ts","496","1","ko","contracts.table.title","계약 목록","","Can be edited in CSV and migrated back to i18n source."
"i18n.ko.contracts.table.number","frontstage","i18n","src/lib/i18n.ts","497","1","ko","contracts.table.number","계약 번호","","Can be edited in CSV and migrated back to i18n source."
"i18n.ko.contracts.table.type","frontstage","i18n","src/lib/i18n.ts","498","1","ko","contracts.table.type","계약 유형","","Can be edited in CSV and migrated back to i18n source."
"i18n.ko.contracts.table.property","frontstage","i18n","src/lib/i18n.ts","499","1","ko","contracts.table.property","연관 매물","","Can be edited in CSV and migrated back to i18n source."
"i18n.ko.contracts.table.party","frontstage","i18n","src/lib/i18n.ts","500","1","ko","contracts.table.party","관계자","","Can be edited in CSV and migrated back to i18n source."
"i18n.ko.contracts.table.signedAt","frontstage","i18n","src/lib/i18n.ts","501","1","ko","contracts.table.signedAt","서명일","","Can be edited in CSV and migrated back to i18n source."
"i18n.ko.contracts.table.effectiveUntil","frontstage","i18n","src/lib/i18n.ts","502","1","ko","contracts.table.effectiveUntil","유효기간","","Can be edited in CSV and migrated back to i18n source."
"i18n.ko.contracts.table.status","frontstage","i18n","src/lib/i18n.ts","503","1","ko","contracts.table.status","상태","","Can be edited in CSV and migrated back to i18n source."
"i18n.ko.contracts.type.sell","frontstage","i18n","src/lib/i18n.ts","504","1","ko","contracts.type.sell","매매 계약","","Can be edited in CSV and migrated back to i18n source."
"i18n.ko.contracts.type.rent","frontstage","i18n","src/lib/i18n.ts","505","1","ko","contracts.type.rent","임대차 계약","","Can be edited in CSV and migrated back to i18n source."
"i18n.ko.contracts.type.pm","frontstage","i18n","src/lib/i18n.ts","506","1","ko","contracts.type.pm","관리 위탁 계약","","Can be edited in CSV and migrated back to i18n source."
"i18n.ko.contracts.type.agent","frontstage","i18n","src/lib/i18n.ts","507","1","ko","contracts.type.agent","중개 계약","","Can be edited in CSV and migrated back to i18n source."
"i18n.ko.service.title","frontstage","i18n","src/lib/i18n.ts","509","1","ko","service.title","후속 기록","","Can be edited in CSV and migrated back to i18n source."
"i18n.ko.service.desc","frontstage","i18n","src/lib/i18n.ts","510","1","ko","service.desc","수리, 점검, 상담, 후속 처리를 기록해 매물과 고객의 이력을 남깁니다.","","Can be edited in CSV and migrated back to i18n source."
"i18n.ko.service.table.title","frontstage","i18n","src/lib/i18n.ts","511","1","ko","service.table.title","기록 목록","","Can be edited in CSV and migrated back to i18n source."
"i18n.ko.service.table.requestTitle","frontstage","i18n","src/lib/i18n.ts","512","1","ko","service.table.requestTitle","제목","","Can be edited in CSV and migrated back to i18n source."
"i18n.ko.service.table.property","frontstage","i18n","src/lib/i18n.ts","513","1","ko","service.table.property","연관 매물","","Can be edited in CSV and migrated back to i18n source."
"i18n.ko.service.table.party","frontstage","i18n","src/lib/i18n.ts","514","1","ko","service.table.party","관계자","","Can be edited in CSV and migrated back to i18n source."
"i18n.ko.service.table.occurredAt","frontstage","i18n","src/lib/i18n.ts","515","1","ko","service.table.occurredAt","발생일","","Can be edited in CSV and migrated back to i18n source."
"i18n.ko.service.table.completedAt","frontstage","i18n","src/lib/i18n.ts","516","1","ko","service.table.completedAt","완료일","","Can be edited in CSV and migrated back to i18n source."
"i18n.ko.service.table.cost","frontstage","i18n","src/lib/i18n.ts","517","1","ko","service.table.cost","비용","","Can be edited in CSV and migrated back to i18n source."
"i18n.ko.service.table.status","frontstage","i18n","src/lib/i18n.ts","518","1","ko","service.table.status","상태","","Can be edited in CSV and migrated back to i18n source."
"i18n.ko.output.title","frontstage","i18n","src/lib/i18n.ts","520","1","ko","output.title","PDF 출력 센터","","Can be edited in CSV and migrated back to i18n source."
"i18n.ko.output.desc","frontstage","i18n","src/lib/i18n.ts","521","1","ko","output.desc","정리된 매물, 관계자, 제안 정보에서 템플릿을 선택하고 생성 점검 후 PDF를 다운로드합니다.","","Can be edited in CSV and migrated back to i18n source."
"i18n.ko.output.card.standard","frontstage","i18n","src/lib/i18n.ts","522","1","ko","output.card.standard","표준 템플릿","","Can be edited in CSV and migrated back to i18n source."
"i18n.ko.output.card.adjust","frontstage","i18n","src/lib/i18n.ts","523","1","ko","output.card.adjust","템플릿은 ‘템플릿’ 화면에서 조정할 수 있습니다.","","Can be edited in CSV and migrated back to i18n source."
"i18n.ko.output.history.title","frontstage","i18n","src/lib/i18n.ts","524","1","ko","output.history.title","출력 이력","","Can be edited in CSV and migrated back to i18n source."
"i18n.ko.output.history.sheetType","frontstage","i18n","src/lib/i18n.ts","525","1","ko","output.history.sheetType","문서 유형","","Can be edited in CSV and migrated back to i18n source."
"i18n.ko.output.history.relatedContract","frontstage","i18n","src/lib/i18n.ts","526","1","ko","output.history.relatedContract","연관 계약","","Can be edited in CSV and migrated back to i18n source."
"i18n.ko.output.history.generatedAt","frontstage","i18n","src/lib/i18n.ts","527","1","ko","output.history.generatedAt","출력 일시","","Can be edited in CSV and migrated back to i18n source."
"i18n.ko.output.history.action","frontstage","i18n","src/lib/i18n.ts","528","1","ko","output.history.action","작업","","Can be edited in CSV and migrated back to i18n source."
"i18n.ko.output.history.preview","frontstage","i18n","src/lib/i18n.ts","529","1","ko","output.history.preview","미리보기","","Can be edited in CSV and migrated back to i18n source."
"i18n.ko.output.history.titleCol","frontstage","i18n","src/lib/i18n.ts","530","1","ko","output.history.titleCol","제목","","Can be edited in CSV and migrated back to i18n source."
"i18n.ko.templates.title","frontstage","i18n","src/lib/i18n.ts","532","1","ko","templates.title","템플릿 / 형식 설정","","Can be edited in CSV and migrated back to i18n source."
"i18n.ko.templates.desc","frontstage","i18n","src/lib/i18n.ts","533","1","ko","templates.desc","법령 개정 및 사내 운영 변경에 맞춰 출력물 문구, 회사 정보, 표시 항목을 표준 관리합니다.","","Can be edited in CSV and migrated back to i18n source."
"i18n.ko.templates.sheet.title","frontstage","i18n","src/lib/i18n.ts","534","1","ko","templates.sheet.title","문서 템플릿","","Can be edited in CSV and migrated back to i18n source."
"i18n.ko.templates.sheet.subtitle","frontstage","i18n","src/lib/i18n.ts","535","1","ko","templates.sheet.subtitle","제안서・견적・자금계획・전제조건","","Can be edited in CSV and migrated back to i18n source."
"i18n.ko.templates.sheet.desc","frontstage","i18n","src/lib/i18n.ts","536","1","ko","templates.sheet.desc","문서 제목, 면책 문구, 회사 정보, 승인란 표시를 통합 설정합니다.","","Can be edited in CSV and migrated back to i18n source."
"i18n.ko.templates.sheet.edit","frontstage","i18n","src/lib/i18n.ts","537","1","ko","templates.sheet.edit","문서 템플릿 편집","","Can be edited in CSV and migrated back to i18n source."
"i18n.ko.templates.contract.title","frontstage","i18n","src/lib/i18n.ts","538","1","ko","templates.contract.title","계약 템플릿(확장 예정)","","Can be edited in CSV and migrated back to i18n source."
"i18n.ko.templates.contract.subtitle","frontstage","i18n","src/lib/i18n.ts","539","1","ko","templates.contract.subtitle","임대・매매・관리위탁・중개","","Can be edited in CSV and migrated back to i18n source."
"i18n.ko.templates.contract.1","frontstage","i18n","src/lib/i18n.ts","540","1","ko","templates.contract.1","・계약 조항 가변 블록화","","Can be edited in CSV and migrated back to i18n source."
"i18n.ko.templates.contract.2","frontstage","i18n","src/lib/i18n.ts","541","1","ko","templates.contract.2","・회사별 포맷 차이 관리","","Can be edited in CSV and migrated back to i18n source."
"i18n.ko.templates.contract.3","frontstage","i18n","src/lib/i18n.ts","542","1","ko","templates.contract.3","・수정 기록 및 서식 관리","","Can be edited in CSV and migrated back to i18n source."
"i18n.ko.templates.contract.note","frontstage","i18n","src/lib/i18n.ts","543","1","ko","templates.contract.note","다음 단계에서 계약 서식 설정 UI를 추가할 예정입니다.","","Can be edited in CSV and migrated back to i18n source."
"i18n.ko.templates.rules.title","frontstage","i18n","src/lib/i18n.ts","544","1","ko","templates.rules.title","운영 규칙","","Can be edited in CSV and migrated back to i18n source."
"i18n.ko.templates.rules.subtitle","frontstage","i18n","src/lib/i18n.ts","545","1","ko","templates.rules.subtitle","일본 시장 표준화 방침","","Can be edited in CSV and migrated back to i18n source."
"i18n.ko.templates.rules.1","frontstage","i18n","src/lib/i18n.ts","546","1","ko","templates.rules.1","사용 전에 템플릿 적용일 확인","","Can be edited in CSV and migrated back to i18n source."
"i18n.ko.templates.rules.2","frontstage","i18n","src/lib/i18n.ts","547","1","ko","templates.rules.2","법정 문구 변경 시 변경 이유 기록","","Can be edited in CSV and migrated back to i18n source."
"i18n.ko.templates.rules.3","frontstage","i18n","src/lib/i18n.ts","548","1","ko","templates.rules.3","고객용 출력은 반드시 최신 템플릿 사용","","Can be edited in CSV and migrated back to i18n source."
"i18n.ko.templates.latest.title","frontstage","i18n","src/lib/i18n.ts","549","1","ko","templates.latest.title","최신 템플릿 기록","","Can be edited in CSV and migrated back to i18n source."
"i18n.ko.templates.latest.subtitle","frontstage","i18n","src/lib/i18n.ts","550","1","ko","templates.latest.subtitle","최근 5건","","Can be edited in CSV and migrated back to i18n source."
"i18n.ko.templates.latest.empty","frontstage","i18n","src/lib/i18n.ts","551","1","ko","templates.latest.empty","템플릿 업데이트 이력이 없습니다.","","Can be edited in CSV and migrated back to i18n source."
